"Step","vocal-sun-198 - test/rmse_scat","vocal-sun-198 - test/rmse_scat__MIN","vocal-sun-198 - test/rmse_scat__MAX"
"0","0.01905612088739872","0.01905612088739872","0.01905612088739872"
"1","0.008399629034101963","0.008399629034101963","0.008399629034101963"
"2","0.004295661114156246","0.004295661114156246","0.004295661114156246"
"3","0.010022999718785286","0.010022999718785286","0.010022999718785286"
"4","0.01430643629282713","0.01430643629282713","0.01430643629282713"
"5","0.01318791788071394","0.01318791788071394","0.01318791788071394"
"6","0.019611386582255363","0.019611386582255363","0.019611386582255363"
"7","0.03476181998848915","0.03476181998848915","0.03476181998848915"
"8","0.015085967257618904","0.015085967257618904","0.015085967257618904"
"9","0.013408642262220383","0.013408642262220383","0.013408642262220383"
"10","0.021282266825437546","0.021282266825437546","0.021282266825437546"
"11","0.009521165862679482","0.009521165862679482","0.009521165862679482"
"12","0.008716828189790249","0.008716828189790249","0.008716828189790249"
"13","0.01324497815221548","0.01324497815221548","0.01324497815221548"
"14","0.02281331643462181","0.02281331643462181","0.02281331643462181"
"15","0.05227084457874298","0.05227084457874298","0.05227084457874298"
"17","0.010580722242593765","0.010580722242593765","0.010580722242593765"
"18","0.010765785351395607","0.010765785351395607","0.010765785351395607"
"19","0.02482486516237259","0.02482486516237259","0.02482486516237259"
"20","0.01756112277507782","0.01756112277507782","0.01756112277507782"
"21","0.02186424471437931","0.02186424471437931","0.02186424471437931"
"22","0.02904411219060421","0.02904411219060421","0.02904411219060421"
"23","0.00878145545721054","0.00878145545721054","0.00878145545721054"
"24","0.008111415430903435","0.008111415430903435","0.008111415430903435"
"25","0.01406011637300253","0.01406011637300253","0.01406011637300253"
"26","0.021042516455054283","0.021042516455054283","0.021042516455054283"
"27","0.008703699335455894","0.008703699335455894","0.008703699335455894"
"28","0.032724153250455856","0.032724153250455856","0.032724153250455856"
"29","0.025703690946102142","0.025703690946102142","0.025703690946102142"
"30","0.03206587955355644","0.03206587955355644","0.03206587955355644"
"31","0.023579690605401993","0.023579690605401993","0.023579690605401993"
"32","0.02404356375336647","0.02404356375336647","0.02404356375336647"
"33","0.011043379083275795","0.011043379083275795","0.011043379083275795"
"34","0.008666771464049816","0.008666771464049816","0.008666771464049816"
"35","0.04002285376191139","0.04002285376191139","0.04002285376191139"
"36","0.00843978300690651","0.00843978300690651","0.00843978300690651"
"37","0.010958011262118816","0.010958011262118816","0.010958011262118816"
"38","0.008603942580521107","0.008603942580521107","0.008603942580521107"
"39","0.012107232585549355","0.012107232585549355","0.012107232585549355"
"40","0.012440742924809456","0.012440742924809456","0.012440742924809456"
"41","0.01580256223678589","0.01580256223678589","0.01580256223678589"
"42","0.020412622019648552","0.020412622019648552","0.020412622019648552"
"43","0.009948802180588245","0.009948802180588245","0.009948802180588245"
"44","0.023080864921212196","0.023080864921212196","0.023080864921212196"
"45","0.005947894416749477","0.005947894416749477","0.005947894416749477"
"46","0.004231857135891914","0.004231857135891914","0.004231857135891914"
"47","0.021928275004029274","0.021928275004029274","0.021928275004029274"
"48","0.0042954240925610065","0.0042954240925610065","0.0042954240925610065"
"50","0.009660202078521252","0.009660202078521252","0.009660202078521252"
"51","0.022082706913352013","0.022082706913352013","0.022082706913352013"
"52","0.010557659901678562","0.010557659901678562","0.010557659901678562"
"53","0.009513801895081997","0.009513801895081997","0.009513801895081997"
"54","0.011141160503029823","0.011141160503029823","0.011141160503029823"
"55","0.015999365597963333","0.015999365597963333","0.015999365597963333"
"56","0.005705572664737701","0.005705572664737701","0.005705572664737701"
"57","0.014903965406119823","0.014903965406119823","0.014903965406119823"
"58","0.010593270882964134","0.010593270882964134","0.010593270882964134"
"59","0.02442273497581482","0.02442273497581482","0.02442273497581482"
"60","0.012064083479344845","0.012064083479344845","0.012064083479344845"
"61","0.03327987343072891","0.03327987343072891","0.03327987343072891"
"62","0.023994091898202896","0.023994091898202896","0.023994091898202896"
"63","0.0041885096579790115","0.0041885096579790115","0.0041885096579790115"
"64","0.00656112190335989","0.00656112190335989","0.00656112190335989"
"65","0.01949501596391201","0.01949501596391201","0.01949501596391201"
"66","0.008529347367584705","0.008529347367584705","0.008529347367584705"
"67","0.016733907163143158","0.016733907163143158","0.016733907163143158"
"68","0.010348745621740818","0.010348745621740818","0.010348745621740818"
"69","0.010531686246395111","0.010531686246395111","0.010531686246395111"
"70","0.012594036757946014","0.012594036757946014","0.012594036757946014"
"71","0.014121915213763714","0.014121915213763714","0.014121915213763714"
"72","0.021545344963669777","0.021545344963669777","0.021545344963669777"
"73","0.004428304266184568","0.004428304266184568","0.004428304266184568"
"74","0.009521916508674622","0.009521916508674622","0.009521916508674622"
"75","0.015626050531864166","0.015626050531864166","0.015626050531864166"
"76","0.009596834890544415","0.009596834890544415","0.009596834890544415"
"77","0.007135241758078337","0.007135241758078337","0.007135241758078337"
"78","0.009671359322965145","0.009671359322965145","0.009671359322965145"
"79","0.05209871381521225","0.05209871381521225","0.05209871381521225"
"80","0.01288464292883873","0.01288464292883873","0.01288464292883873"
"81","0.010318218730390072","0.010318218730390072","0.010318218730390072"
"83","0.008966653607785702","0.008966653607785702","0.008966653607785702"
"84","0.009603125974535942","0.009603125974535942","0.009603125974535942"
"85","0.04006709158420563","0.04006709158420563","0.04006709158420563"
"86","0.01042934600263834","0.01042934600263834","0.01042934600263834"
"87","0.018507400527596474","0.018507400527596474","0.018507400527596474"
"88","0.00920919794589281","0.00920919794589281","0.00920919794589281"
"89","0.009312200360000134","0.009312200360000134","0.009312200360000134"
"90","0.016122078523039818","0.016122078523039818","0.016122078523039818"
"91","0.016251469030976295","0.016251469030976295","0.016251469030976295"
"92","0.011796976439654827","0.011796976439654827","0.011796976439654827"
"93","0.019030943512916565","0.019030943512916565","0.019030943512916565"
"94","0.009227233938872814","0.009227233938872814","0.009227233938872814"
"95","0.01813795417547226","0.01813795417547226","0.01813795417547226"
"96","0.009961588308215141","0.009961588308215141","0.009961588308215141"
"97","0.007019619923084974","0.007019619923084974","0.007019619923084974"
"98","0.014361783862113953","0.014361783862113953","0.014361783862113953"
"99","0.009968283586204052","0.009968283586204052","0.009968283586204052"
"100","0.010159794241189957","0.010159794241189957","0.010159794241189957"
"101","0.010938278399407864","0.010938278399407864","0.010938278399407864"
"102","0.009324380196630955","0.009324380196630955","0.009324380196630955"
"103","0.010420551523566246","0.010420551523566246","0.010420551523566246"
"104","0.018556151539087296","0.018556151539087296","0.018556151539087296"
"105","0.01583254337310791","0.01583254337310791","0.01583254337310791"
"106","0.014554320834577084","0.014554320834577084","0.014554320834577084"
"107","0.03907044231891632","0.03907044231891632","0.03907044231891632"
"108","0.027737947180867195","0.027737947180867195","0.027737947180867195"
"109","0.01813511736690998","0.01813511736690998","0.01813511736690998"
"110","0.004507124889642","0.004507124889642","0.004507124889642"
"111","0.030965443700551987","0.030965443700551987","0.030965443700551987"
"112","0.011657928116619587","0.011657928116619587","0.011657928116619587"
"113","0.04545314610004425","0.04545314610004425","0.04545314610004425"
"114","0.017011504620313644","0.017011504620313644","0.017011504620313644"
"116","0.016169115900993347","0.016169115900993347","0.016169115900993347"
"117","0.010369628667831421","0.010369628667831421","0.010369628667831421"
"118","0.021035410463809967","0.021035410463809967","0.021035410463809967"
"119","0.014746451750397682","0.014746451750397682","0.014746451750397682"
"120","0.005525364074856043","0.005525364074856043","0.005525364074856043"
"121","0.00984359160065651","0.00984359160065651","0.00984359160065651"
"122","0.011807243339717388","0.011807243339717388","0.011807243339717388"
"123","0.029581701382994652","0.029581701382994652","0.029581701382994652"
"124","0.016244636848568916","0.016244636848568916","0.016244636848568916"
"125","0.050482723861932755","0.050482723861932755","0.050482723861932755"
"126","0.027270138263702393","0.027270138263702393","0.027270138263702393"
"127","0.023302780464291573","0.023302780464291573","0.023302780464291573"
"128","0.008252711966633797","0.008252711966633797","0.008252711966633797"
"129","0.016910143196582794","0.016910143196582794","0.016910143196582794"
"130","0.022156601771712303","0.022156601771712303","0.022156601771712303"
"131","0.008456896059215069","0.008456896059215069","0.008456896059215069"
"132","0.009595214389264584","0.009595214389264584","0.009595214389264584"
"133","0.017739854753017426","0.017739854753017426","0.017739854753017426"
"134","0.013575800694525242","0.013575800694525242","0.013575800694525242"
"135","0.011254459619522095","0.011254459619522095","0.011254459619522095"
"136","0.02711709775030613","0.02711709775030613","0.02711709775030613"
"137","0.019543597474694252","0.019543597474694252","0.019543597474694252"
"138","0.006022837478667498","0.006022837478667498","0.006022837478667498"
"139","0.005067026242613792","0.005067026242613792","0.005067026242613792"
"140","0.008286731317639351","0.008286731317639351","0.008286731317639351"
"141","0.011411295272409916","0.011411295272409916","0.011411295272409916"
"142","0.010753961279988289","0.010753961279988289","0.010753961279988289"
"143","0.03433016687631607","0.03433016687631607","0.03433016687631607"
"144","0.015885181725025177","0.015885181725025177","0.015885181725025177"
"145","0.00825035385787487","0.00825035385787487","0.00825035385787487"
"146","0.042917635291814804","0.042917635291814804","0.042917635291814804"
"147","0.010068158619105816","0.010068158619105816","0.010068158619105816"
"149","0.013826994225382805","0.013826994225382805","0.013826994225382805"
"150","0.023327669128775597","0.023327669128775597","0.023327669128775597"
"151","0.0118803596124053","0.0118803596124053","0.0118803596124053"
"152","0.011714483611285686","0.011714483611285686","0.011714483611285686"
"153","0.008016812615096569","0.008016812615096569","0.008016812615096569"
"154","0.042202066630125046","0.042202066630125046","0.042202066630125046"
"155","0.00968712568283081","0.00968712568283081","0.00968712568283081"
"156","0.014753470197319984","0.014753470197319984","0.014753470197319984"
"157","0.014984426088631153","0.014984426088631153","0.014984426088631153"
"158","0.012815762311220169","0.012815762311220169","0.012815762311220169"
"159","0.035554785281419754","0.035554785281419754","0.035554785281419754"
"160","0.024623943492770195","0.024623943492770195","0.024623943492770195"
"161","0.011922004632651806","0.011922004632651806","0.011922004632651806"
"162","0.020876221358776093","0.020876221358776093","0.020876221358776093"
"163","0.022272037342190742","0.022272037342190742","0.022272037342190742"
"164","0.02207009308040142","0.02207009308040142","0.02207009308040142"
"165","0.004194364883005619","0.004194364883005619","0.004194364883005619"
"166","0.013506988994777203","0.013506988994777203","0.013506988994777203"
"167","0.015096223913133144","0.015096223913133144","0.015096223913133144"
"168","0.019091658294200897","0.019091658294200897","0.019091658294200897"
"169","0.012399795465171337","0.012399795465171337","0.012399795465171337"
"170","0.04423349350690842","0.04423349350690842","0.04423349350690842"
"171","0.014241491444408894","0.014241491444408894","0.014241491444408894"
"172","0.021852785721421242","0.021852785721421242","0.021852785721421242"
"173","0.01078905537724495","0.01078905537724495","0.01078905537724495"
"174","0.011129875667393208","0.011129875667393208","0.011129875667393208"
"175","0.010083936154842377","0.010083936154842377","0.010083936154842377"
"176","0.012005790136754513","0.012005790136754513","0.012005790136754513"
"177","0.009083536453545094","0.009083536453545094","0.009083536453545094"
"178","0.010676073841750622","0.010676073841750622","0.010676073841750622"
"179","0.04037947207689285","0.04037947207689285","0.04037947207689285"
"180","0.005082538351416588","0.005082538351416588","0.005082538351416588"
"182","0.014040445908904076","0.014040445908904076","0.014040445908904076"
"183","0.016424674540758133","0.016424674540758133","0.016424674540758133"
"184","0.011678501032292843","0.011678501032292843","0.011678501032292843"
"185","0.041912514716386795","0.041912514716386795","0.041912514716386795"
"186","0.008839236572384834","0.008839236572384834","0.008839236572384834"
"187","0.021303337067365646","0.021303337067365646","0.021303337067365646"
"188","0.017108039930462837","0.017108039930462837","0.017108039930462837"
"189","0.008134719915688038","0.008134719915688038","0.008134719915688038"
"190","0.03292658179998398","0.03292658179998398","0.03292658179998398"
"191","0.013529481366276741","0.013529481366276741","0.013529481366276741"
"192","0.007156345061957836","0.007156345061957836","0.007156345061957836"
"193","0.009361057542264462","0.009361057542264462","0.009361057542264462"
"194","0.011868961155414581","0.011868961155414581","0.011868961155414581"
"195","0.025312377139925957","0.025312377139925957","0.025312377139925957"
"196","0.03497309610247612","0.03497309610247612","0.03497309610247612"
"197","0.011919280514121056","0.011919280514121056","0.011919280514121056"
"198","0.0253334678709507","0.0253334678709507","0.0253334678709507"
"199","0.017594028264284134","0.017594028264284134","0.017594028264284134"
"200","0.011880732141435146","0.011880732141435146","0.011880732141435146"
"201","0.008894347585737705","0.008894347585737705","0.008894347585737705"
"202","0.021221719682216644","0.021221719682216644","0.021221719682216644"
"203","0.009724525734782219","0.009724525734782219","0.009724525734782219"
"204","0.00764867290854454","0.00764867290854454","0.00764867290854454"
"205","0.01041108276695013","0.01041108276695013","0.01041108276695013"
"206","0.009622371755540371","0.009622371755540371","0.009622371755540371"
"207","0.008828678168356419","0.008828678168356419","0.008828678168356419"
"208","0.024758482351899147","0.024758482351899147","0.024758482351899147"
"209","0.010023710317909718","0.010023710317909718","0.010023710317909718"
"210","0.015717027708888054","0.015717027708888054","0.015717027708888054"
"211","0.018642261624336243","0.018642261624336243","0.018642261624336243"
"212","0.02415190450847149","0.02415190450847149","0.02415190450847149"
"213","0.014714399352669716","0.014714399352669716","0.014714399352669716"
"215","0.008921635337173939","0.008921635337173939","0.008921635337173939"
"216","0.009983129799365997","0.009983129799365997","0.009983129799365997"
"217","0.008570129051804543","0.008570129051804543","0.008570129051804543"
"218","0.012961730360984802","0.012961730360984802","0.012961730360984802"
"219","0.009803684428334236","0.009803684428334236","0.009803684428334236"
"220","0.0127334576100111","0.0127334576100111","0.0127334576100111"
"221","0.009305926039814949","0.009305926039814949","0.009305926039814949"
"222","0.026819763705134392","0.026819763705134392","0.026819763705134392"
"223","0.011817875318229198","0.011817875318229198","0.011817875318229198"
"224","0.011849237605929375","0.011849237605929375","0.011849237605929375"
"225","0.02008531056344509","0.02008531056344509","0.02008531056344509"
"226","0.02393057569861412","0.02393057569861412","0.02393057569861412"
"227","0.005548916291445494","0.005548916291445494","0.005548916291445494"
"228","0.020843589678406715","0.020843589678406715","0.020843589678406715"
"229","0.010570039041340351","0.010570039041340351","0.010570039041340351"
"230","0.020188435912132263","0.020188435912132263","0.020188435912132263"
"231","0.007276080548763275","0.007276080548763275","0.007276080548763275"
"232","0.02003529854118824","0.02003529854118824","0.02003529854118824"
"233","0.011773010715842247","0.011773010715842247","0.011773010715842247"
"234","0.02972833812236786","0.02972833812236786","0.02972833812236786"
"235","0.010459313169121742","0.010459313169121742","0.010459313169121742"
"236","0.012974725104868412","0.012974725104868412","0.012974725104868412"
"237","0.013047566637396812","0.013047566637396812","0.013047566637396812"
"238","0.00953331496566534","0.00953331496566534","0.00953331496566534"
"239","0.005622728727757931","0.005622728727757931","0.005622728727757931"
"240","0.007215616758912802","0.007215616758912802","0.007215616758912802"
"241","0.012319189496338367","0.012319189496338367","0.012319189496338367"
"242","0.009114576503634453","0.009114576503634453","0.009114576503634453"
"243","0.02228921838104725","0.02228921838104725","0.02228921838104725"
"244","0.009473854675889015","0.009473854675889015","0.009473854675889015"
"245","0.016233202069997787","0.016233202069997787","0.016233202069997787"
"246","0.01105732936412096","0.01105732936412096","0.01105732936412096"
"248","0.010047138668596745","0.010047138668596745","0.010047138668596745"
"249","0.007708159741014242","0.007708159741014242","0.007708159741014242"
"250","0.008974680677056313","0.008974680677056313","0.008974680677056313"
"251","0.033285435289144516","0.033285435289144516","0.033285435289144516"
"252","0.012435209937393665","0.012435209937393665","0.012435209937393665"
"253","0.010727465152740479","0.010727465152740479","0.010727465152740479"
"254","0.024003729224205017","0.024003729224205017","0.024003729224205017"
"255","0.012068318203091621","0.012068318203091621","0.012068318203091621"
"256","0.009424970485270023","0.009424970485270023","0.009424970485270023"
"257","0.03460075333714485","0.03460075333714485","0.03460075333714485"
"258","0.0077895065769553185","0.0077895065769553185","0.0077895065769553185"
"259","0.02723824605345726","0.02723824605345726","0.02723824605345726"
"260","0.017299188300967216","0.017299188300967216","0.017299188300967216"
"261","0.02197575382888317","0.02197575382888317","0.02197575382888317"
"262","0.008038315922021866","0.008038315922021866","0.008038315922021866"
"263","0.009408310055732727","0.009408310055732727","0.009408310055732727"
"264","0.02929936908185482","0.02929936908185482","0.02929936908185482"
"265","0.017215857282280922","0.017215857282280922","0.017215857282280922"
"266","0.010690554045140743","0.010690554045140743","0.010690554045140743"
"267","0.01625540293753147","0.01625540293753147","0.01625540293753147"
"268","0.010228763334453106","0.010228763334453106","0.010228763334453106"
"269","0.010709903202950954","0.010709903202950954","0.010709903202950954"
"270","0.02091520093381405","0.02091520093381405","0.02091520093381405"
"271","0.03051900304853916","0.03051900304853916","0.03051900304853916"
"272","0.01521392073482275","0.01521392073482275","0.01521392073482275"
"273","0.010713565163314342","0.010713565163314342","0.010713565163314342"
"274","0.009460077621042728","0.009460077621042728","0.009460077621042728"
"275","0.04845334589481354","0.04845334589481354","0.04845334589481354"
"276","0.012251252308487892","0.012251252308487892","0.012251252308487892"
"277","0.022207532078027725","0.022207532078027725","0.022207532078027725"
"278","0.01002393290400505","0.01002393290400505","0.01002393290400505"
"279","0.014333381317555904","0.014333381317555904","0.014333381317555904"
"281","0.009181824512779713","0.009181824512779713","0.009181824512779713"
"282","0.02017134614288807","0.02017134614288807","0.02017134614288807"
"283","0.005307315848767757","0.005307315848767757","0.005307315848767757"
"284","0.009916044771671295","0.009916044771671295","0.009916044771671295"
"285","0.016141772270202637","0.016141772270202637","0.016141772270202637"
"286","0.01394948735833168","0.01394948735833168","0.01394948735833168"
"287","0.032541558146476746","0.032541558146476746","0.032541558146476746"
"288","0.015169971622526646","0.015169971622526646","0.015169971622526646"
"289","0.010284694842994213","0.010284694842994213","0.010284694842994213"
"290","0.014613747596740723","0.014613747596740723","0.014613747596740723"
"291","0.011542433872818947","0.011542433872818947","0.011542433872818947"
"292","0.016158539801836014","0.016158539801836014","0.016158539801836014"
"293","0.014526154845952988","0.014526154845952988","0.014526154845952988"
"294","0.012909255921840668","0.012909255921840668","0.012909255921840668"
"295","0.013351677916944027","0.013351677916944027","0.013351677916944027"
"296","0.01762239821255207","0.01762239821255207","0.01762239821255207"
"297","0.010398301295936108","0.010398301295936108","0.010398301295936108"
"298","0.022244319319725037","0.022244319319725037","0.022244319319725037"
"299","0.011056266725063324","0.011056266725063324","0.011056266725063324"
"300","0.017508026212453842","0.017508026212453842","0.017508026212453842"
"301","0.012773566879332066","0.012773566879332066","0.012773566879332066"
"302","0.010201801545917988","0.010201801545917988","0.010201801545917988"
"303","0.020460039377212524","0.020460039377212524","0.020460039377212524"
"304","0.00830160640180111","0.00830160640180111","0.00830160640180111"
"305","0.011311111971735954","0.011311111971735954","0.011311111971735954"
"306","0.009503710083663464","0.009503710083663464","0.009503710083663464"
"307","0.02595893107354641","0.02595893107354641","0.02595893107354641"
"308","0.010408042930066586","0.010408042930066586","0.010408042930066586"
"309","0.016318053007125854","0.016318053007125854","0.016318053007125854"
"310","0.02073434554040432","0.02073434554040432","0.02073434554040432"
"311","0.013387870043516159","0.013387870043516159","0.013387870043516159"
"312","0.010394045151770115","0.010394045151770115","0.010394045151770115"
"314","0.013689753599464893","0.013689753599464893","0.013689753599464893"
"315","0.015479975380003452","0.015479975380003452","0.015479975380003452"
"316","0.03991122171282768","0.03991122171282768","0.03991122171282768"
"317","0.008461837656795979","0.008461837656795979","0.008461837656795979"
"318","0.010560065507888794","0.010560065507888794","0.010560065507888794"
"319","0.025433074682950974","0.025433074682950974","0.025433074682950974"
"320","0.011781008914113045","0.011781008914113045","0.011781008914113045"
"321","0.009595317766070366","0.009595317766070366","0.009595317766070366"
"322","0.005302983336150646","0.005302983336150646","0.005302983336150646"
"323","0.010119802318513393","0.010119802318513393","0.010119802318513393"
"324","0.01303807646036148","0.01303807646036148","0.01303807646036148"
"325","0.01422230526804924","0.01422230526804924","0.01422230526804924"
"326","0.011670717969536781","0.011670717969536781","0.011670717969536781"
"327","0.008060489781200886","0.008060489781200886","0.008060489781200886"
"328","0.031647637486457825","0.031647637486457825","0.031647637486457825"
"329","0.015325727872550488","0.015325727872550488","0.015325727872550488"
"330","0.010402413085103035","0.010402413085103035","0.010402413085103035"
"331","0.016058487817645073","0.016058487817645073","0.016058487817645073"
"332","0.01937156543135643","0.01937156543135643","0.01937156543135643"
"333","0.014899701811373234","0.014899701811373234","0.014899701811373234"
"334","0.0058165015652775764","0.0058165015652775764","0.0058165015652775764"
"335","0.0077218119986355305","0.0077218119986355305","0.0077218119986355305"
"336","0.009593378752470016","0.009593378752470016","0.009593378752470016"
"337","0.021292148157954216","0.021292148157954216","0.021292148157954216"
"338","0.011381938122212887","0.011381938122212887","0.011381938122212887"
"339","0.0203666090965271","0.0203666090965271","0.0203666090965271"
"340","0.026029931381344795","0.026029931381344795","0.026029931381344795"
"341","0.012408528476953506","0.012408528476953506","0.012408528476953506"
"342","0.016909422352910042","0.016909422352910042","0.016909422352910042"
"343","0.011071070097386837","0.011071070097386837","0.011071070097386837"
"344","0.008700060658156872","0.008700060658156872","0.008700060658156872"
"345","0.017007028684020042","0.017007028684020042","0.017007028684020042"
"347","0.019780192524194717","0.019780192524194717","0.019780192524194717"
"348","0.0384034663438797","0.0384034663438797","0.0384034663438797"
"349","0.011637804098427296","0.011637804098427296","0.011637804098427296"
"350","0.009725898504257202","0.009725898504257202","0.009725898504257202"
"351","0.00800700206309557","0.00800700206309557","0.00800700206309557"
"352","0.0074853552505373955","0.0074853552505373955","0.0074853552505373955"
"353","0.010185368359088898","0.010185368359088898","0.010185368359088898"
"354","0.01924157328903675","0.01924157328903675","0.01924157328903675"
"355","0.03437307849526405","0.03437307849526405","0.03437307849526405"
"356","0.02009199745953083","0.02009199745953083","0.02009199745953083"
"357","0.01246716734021902","0.01246716734021902","0.01246716734021902"
"358","0.02370065450668335","0.02370065450668335","0.02370065450668335"
"359","0.010041492059826851","0.010041492059826851","0.010041492059826851"
"360","0.011670282110571861","0.011670282110571861","0.011670282110571861"
"361","0.012560184113681316","0.012560184113681316","0.012560184113681316"
"362","0.015793107450008392","0.015793107450008392","0.015793107450008392"
"363","0.012186012230813503","0.012186012230813503","0.012186012230813503"
"364","0.025290727615356445","0.025290727615356445","0.025290727615356445"
"365","0.02505265176296234","0.02505265176296234","0.02505265176296234"
"366","0.014805424027144909","0.014805424027144909","0.014805424027144909"
"367","0.010608239099383354","0.010608239099383354","0.010608239099383354"
"368","0.019074412062764168","0.019074412062764168","0.019074412062764168"
"369","0.00910180527716875","0.00910180527716875","0.00910180527716875"
"370","0.018502645194530487","0.018502645194530487","0.018502645194530487"
"371","0.028175875544548035","0.028175875544548035","0.028175875544548035"
"372","0.007134686689823866","0.007134686689823866","0.007134686689823866"
"373","0.014592908322811127","0.014592908322811127","0.014592908322811127"
"374","0.02380434423685074","0.02380434423685074","0.02380434423685074"
"375","0.004675219301134348","0.004675219301134348","0.004675219301134348"
"376","0.03095119073987007","0.03095119073987007","0.03095119073987007"
"377","0.008636049926280975","0.008636049926280975","0.008636049926280975"
"378","0.009759487584233284","0.009759487584233284","0.009759487584233284"
"380","0.007219299208372831","0.007219299208372831","0.007219299208372831"
"381","0.006120829377323389","0.006120829377323389","0.006120829377323389"
"382","0.030596081167459488","0.030596081167459488","0.030596081167459488"
"383","0.007566058076918125","0.007566058076918125","0.007566058076918125"
"384","0.013326633721590042","0.013326633721590042","0.013326633721590042"
"385","0.018389534205198288","0.018389534205198288","0.018389534205198288"
"386","0.03187744691967964","0.03187744691967964","0.03187744691967964"
"387","0.020414287224411964","0.020414287224411964","0.020414287224411964"
"388","0.02333235554397106","0.02333235554397106","0.02333235554397106"
"389","0.02490932121872902","0.02490932121872902","0.02490932121872902"
"390","0.054540347307920456","0.054540347307920456","0.054540347307920456"
"391","0.008165247738361359","0.008165247738361359","0.008165247738361359"
"392","0.004752747248858213","0.004752747248858213","0.004752747248858213"
"393","0.010554417967796326","0.010554417967796326","0.010554417967796326"
"394","0.011504404246807098","0.011504404246807098","0.011504404246807098"
"395","0.01202361099421978","0.01202361099421978","0.01202361099421978"
"396","0.012420108541846275","0.012420108541846275","0.012420108541846275"
"397","0.013047433458268642","0.013047433458268642","0.013047433458268642"
"398","0.011856678873300552","0.011856678873300552","0.011856678873300552"
"399","0.019920790567994118","0.019920790567994118","0.019920790567994118"
"400","0.009385330602526665","0.009385330602526665","0.009385330602526665"
"401","0.014236342161893845","0.014236342161893845","0.014236342161893845"
"402","0.005507228896021843","0.005507228896021843","0.005507228896021843"
"403","0.010736708529293537","0.010736708529293537","0.010736708529293537"
"404","0.014490499161183834","0.014490499161183834","0.014490499161183834"
"405","0.012677695602178574","0.012677695602178574","0.012677695602178574"
"406","0.024083778262138367","0.024083778262138367","0.024083778262138367"
"407","0.012576351873576641","0.012576351873576641","0.012576351873576641"
"408","0.009691359475255013","0.009691359475255013","0.009691359475255013"
"409","0.017434682697057724","0.017434682697057724","0.017434682697057724"
"410","0.010536612011492252","0.010536612011492252","0.010536612011492252"
"411","0.009001381695270538","0.009001381695270538","0.009001381695270538"
"413","0.011751164682209492","0.011751164682209492","0.011751164682209492"
"414","0.014574863947927952","0.014574863947927952","0.014574863947927952"
"415","0.01123033370822668","0.01123033370822668","0.01123033370822668"
"416","0.01437926571816206","0.01437926571816206","0.01437926571816206"
"417","0.011771544814109802","0.011771544814109802","0.011771544814109802"
"418","0.01641571894288063","0.01641571894288063","0.01641571894288063"
"419","0.013347729109227657","0.013347729109227657","0.013347729109227657"
"420","0.028471505269408226","0.028471505269408226","0.028471505269408226"
"421","0.022123947739601135","0.022123947739601135","0.022123947739601135"
"422","0.010368273593485355","0.010368273593485355","0.010368273593485355"
"423","0.009908626787364483","0.009908626787364483","0.009908626787364483"
"424","0.030001413077116013","0.030001413077116013","0.030001413077116013"
"425","0.005153955426067114","0.005153955426067114","0.005153955426067114"
"426","0.010354279540479183","0.010354279540479183","0.010354279540479183"
"427","0.005257794633507729","0.005257794633507729","0.005257794633507729"
"428","0.006685659755021334","0.006685659755021334","0.006685659755021334"
"429","0.016021503135561943","0.016021503135561943","0.016021503135561943"
"430","0.016921132802963257","0.016921132802963257","0.016921132802963257"
"431","0.010913198813796043","0.010913198813796043","0.010913198813796043"
"432","0.011602134443819523","0.011602134443819523","0.011602134443819523"
"433","0.011309981346130371","0.011309981346130371","0.011309981346130371"
"434","0.022243201732635498","0.022243201732635498","0.022243201732635498"
"435","0.009180563502013683","0.009180563502013683","0.009180563502013683"
"436","0.01291598565876484","0.01291598565876484","0.01291598565876484"
"437","0.010780425742268562","0.010780425742268562","0.010780425742268562"
"438","0.012654501013457775","0.012654501013457775","0.012654501013457775"
"439","0.013424305245280266","0.013424305245280266","0.013424305245280266"
"440","0.013347206637263298","0.013347206637263298","0.013347206637263298"
"441","0.014436908066272736","0.014436908066272736","0.014436908066272736"
"442","0.010121491737663746","0.010121491737663746","0.010121491737663746"
"443","0.00883309356868267","0.00883309356868267","0.00883309356868267"
"444","0.009125025942921638","0.009125025942921638","0.009125025942921638"
"446","0.014367299154400826","0.014367299154400826","0.014367299154400826"
"447","0.015726765617728233","0.015726765617728233","0.015726765617728233"
"448","0.009900573641061783","0.009900573641061783","0.009900573641061783"
"449","0.025461338460445404","0.025461338460445404","0.025461338460445404"
"450","0.00935351848602295","0.00935351848602295","0.00935351848602295"
"451","0.009103259071707726","0.009103259071707726","0.009103259071707726"
"452","0.007632276508957148","0.007632276508957148","0.007632276508957148"
"453","0.008008455857634544","0.008008455857634544","0.008008455857634544"
"454","0.022383112460374832","0.022383112460374832","0.022383112460374832"
"455","0.01962215080857277","0.01962215080857277","0.01962215080857277"
"456","0.011218938045203686","0.011218938045203686","0.011218938045203686"
"457","0.013196872547268867","0.013196872547268867","0.013196872547268867"
"458","0.012694012373685837","0.012694012373685837","0.012694012373685837"
"459","0.008691311813890934","0.008691311813890934","0.008691311813890934"
"460","0.009687802754342556","0.009687802754342556","0.009687802754342556"
"461","0.034294214099645615","0.034294214099645615","0.034294214099645615"
"462","0.023337891325354576","0.023337891325354576","0.023337891325354576"
"463","0.013921109028160572","0.013921109028160572","0.013921109028160572"
"464","0.017524152994155884","0.017524152994155884","0.017524152994155884"
"465","0.010451828129589558","0.010451828129589558","0.010451828129589558"
"466","0.013096577487885952","0.013096577487885952","0.013096577487885952"
"467","0.0186983160674572","0.0186983160674572","0.0186983160674572"
"468","0.022678561508655548","0.022678561508655548","0.022678561508655548"
"469","0.009756287559866905","0.009756287559866905","0.009756287559866905"
"470","0.006781212519854307","0.006781212519854307","0.006781212519854307"
"471","0.024893570691347122","0.024893570691347122","0.024893570691347122"
"472","0.012765745632350445","0.012765745632350445","0.012765745632350445"
"473","0.023610269650816917","0.023610269650816917","0.023610269650816917"
"474","0.005825086031109095","0.005825086031109095","0.005825086031109095"
"475","0.009685567580163479","0.009685567580163479","0.009685567580163479"
"476","0.016015054658055305","0.016015054658055305","0.016015054658055305"
"477","0.008571602404117584","0.008571602404117584","0.008571602404117584"
"479","0.00570689607411623","0.00570689607411623","0.00570689607411623"
"480","0.01167799811810255","0.01167799811810255","0.01167799811810255"
"481","0.024000663310289383","0.024000663310289383","0.024000663310289383"
"482","0.004989331122487783","0.004989331122487783","0.004989331122487783"
"483","0.006207623519003391","0.006207623519003391","0.006207623519003391"
"484","0.02561318129301071","0.02561318129301071","0.02561318129301071"
"485","0.014299499802291393","0.014299499802291393","0.014299499802291393"
"486","0.0094071039929986","0.0094071039929986","0.0094071039929986"
"487","0.033665720373392105","0.033665720373392105","0.033665720373392105"
"488","0.01376870647072792","0.01376870647072792","0.01376870647072792"
"489","0.01402063388377428","0.01402063388377428","0.01402063388377428"
"490","0.022982727736234665","0.022982727736234665","0.022982727736234665"
"491","0.03148873150348663","0.03148873150348663","0.03148873150348663"
"492","0.007519841194152832","0.007519841194152832","0.007519841194152832"
"493","0.021317629143595695","0.021317629143595695","0.021317629143595695"
"494","0.010350925847887993","0.010350925847887993","0.010350925847887993"
"495","0.010095326229929924","0.010095326229929924","0.010095326229929924"
"496","0.008427184075117111","0.008427184075117111","0.008427184075117111"
"497","0.03950147330760956","0.03950147330760956","0.03950147330760956"
"498","0.009636426344513893","0.009636426344513893","0.009636426344513893"
"499","0.005217682104557753","0.005217682104557753","0.005217682104557753"
"500","0.01645682193338871","0.01645682193338871","0.01645682193338871"
"501","0.017928825691342354","0.017928825691342354","0.017928825691342354"
"502","0.021868906915187836","0.021868906915187836","0.021868906915187836"
"503","0.012352692894637585","0.012352692894637585","0.012352692894637585"
"504","0.008744044229388237","0.008744044229388237","0.008744044229388237"
"505","0.007055343594402075","0.007055343594402075","0.007055343594402075"
"506","0.04221631959080696","0.04221631959080696","0.04221631959080696"
"507","0.013573240488767624","0.013573240488767624","0.013573240488767624"
"508","0.014837156981229782","0.014837156981229782","0.014837156981229782"
"509","0.009912447072565556","0.009912447072565556","0.009912447072565556"
"510","0.02525692991912365","0.02525692991912365","0.02525692991912365"
"512","0.02591576613485813","0.02591576613485813","0.02591576613485813"
"513","0.029326824471354485","0.029326824471354485","0.029326824471354485"
"514","0.008555442094802856","0.008555442094802856","0.008555442094802856"
"515","0.01090044155716896","0.01090044155716896","0.01090044155716896"
"516","0.017906414344906807","0.017906414344906807","0.017906414344906807"
"517","0.02598823793232441","0.02598823793232441","0.02598823793232441"
"518","0.020655754953622818","0.020655754953622818","0.020655754953622818"
"519","0.01919570565223694","0.01919570565223694","0.01919570565223694"
"520","0.015822749584913254","0.015822749584913254","0.015822749584913254"
"521","0.015615484677255154","0.015615484677255154","0.015615484677255154"
"522","0.019070036709308624","0.019070036709308624","0.019070036709308624"
"523","0.010974571108818054","0.010974571108818054","0.010974571108818054"
"524","0.01050140243023634","0.01050140243023634","0.01050140243023634"
"525","0.012949801050126553","0.012949801050126553","0.012949801050126553"
"526","0.008981240913271904","0.008981240913271904","0.008981240913271904"
"527","0.009992904029786587","0.009992904029786587","0.009992904029786587"
"528","0.013399391435086727","0.013399391435086727","0.013399391435086727"
"529","0.008338671177625656","0.008338671177625656","0.008338671177625656"
"530","0.01716688461601734","0.01716688461601734","0.01716688461601734"
"531","0.024037305265665054","0.024037305265665054","0.024037305265665054"
"532","0.02644503302872181","0.02644503302872181","0.02644503302872181"
"533","0.01058622170239687","0.01058622170239687","0.01058622170239687"
"534","0.010561876930296421","0.010561876930296421","0.010561876930296421"
"535","0.007359379902482033","0.007359379902482033","0.007359379902482033"
"536","0.013435020111501217","0.013435020111501217","0.013435020111501217"
"537","0.02664417028427124","0.02664417028427124","0.02664417028427124"
"538","0.01175976637750864","0.01175976637750864","0.01175976637750864"
"539","0.01117311604321003","0.01117311604321003","0.01117311604321003"
"540","0.005439917091280222","0.005439917091280222","0.005439917091280222"
"541","0.03390701115131378","0.03390701115131378","0.03390701115131378"
"542","0.005633761174976826","0.005633761174976826","0.005633761174976826"
"543","0.005117250606417656","0.005117250606417656","0.005117250606417656"
"545","0.017500780522823334","0.017500780522823334","0.017500780522823334"
"546","0.010084403678774834","0.010084403678774834","0.010084403678774834"
"547","0.008843174204230309","0.008843174204230309","0.008843174204230309"
"548","0.015561734326183796","0.015561734326183796","0.015561734326183796"
"549","0.026683298870921135","0.026683298870921135","0.026683298870921135"
"550","0.01506071723997593","0.01506071723997593","0.01506071723997593"
"551","0.012113958597183228","0.012113958597183228","0.012113958597183228"
"552","0.009362258017063141","0.009362258017063141","0.009362258017063141"
"553","0.028066864237189293","0.028066864237189293","0.028066864237189293"
"554","0.004242344759404659","0.004242344759404659","0.004242344759404659"
"555","0.008954052813351154","0.008954052813351154","0.008954052813351154"
"556","0.009528585709631443","0.009528585709631443","0.009528585709631443"
"557","0.013730860315263271","0.013730860315263271","0.013730860315263271"
"558","0.022235756739974022","0.022235756739974022","0.022235756739974022"
"559","0.010816678404808044","0.010816678404808044","0.010816678404808044"
"560","0.019218435510993004","0.019218435510993004","0.019218435510993004"
"561","0.015073970891535282","0.015073970891535282","0.015073970891535282"
"562","0.004617849364876747","0.004617849364876747","0.004617849364876747"
"563","0.009945635683834553","0.009945635683834553","0.009945635683834553"
"564","0.03246871754527092","0.03246871754527092","0.03246871754527092"
"565","0.0052629862911999226","0.0052629862911999226","0.0052629862911999226"
"566","0.01020625326782465","0.01020625326782465","0.01020625326782465"
"567","0.017551548779010773","0.017551548779010773","0.017551548779010773"
"568","0.013958252035081387","0.013958252035081387","0.013958252035081387"
"569","0.009342686273157597","0.009342686273157597","0.009342686273157597"
"570","0.010916796512901783","0.010916796512901783","0.010916796512901783"
"571","0.034464750438928604","0.034464750438928604","0.034464750438928604"
"572","0.013080270029604435","0.013080270029604435","0.013080270029604435"
"573","0.01967361941933632","0.01967361941933632","0.01967361941933632"
"574","0.031069552525877953","0.031069552525877953","0.031069552525877953"
"575","0.011955969966948032","0.011955969966948032","0.011955969966948032"
"576","0.011657721363008022","0.011657721363008022","0.011657721363008022"
"578","0.027675170451402664","0.027675170451402664","0.027675170451402664"
"579","0.022036971524357796","0.022036971524357796","0.022036971524357796"
"580","0.013488231226801872","0.013488231226801872","0.013488231226801872"
"581","0.008511098101735115","0.008511098101735115","0.008511098101735115"
"582","0.036077193915843964","0.036077193915843964","0.036077193915843964"
"583","0.029597671702504158","0.029597671702504158","0.029597671702504158"
"584","0.008251504972577095","0.008251504972577095","0.008251504972577095"
"585","0.011907576583325863","0.011907576583325863","0.011907576583325863"
"586","0.021724682301282883","0.021724682301282883","0.021724682301282883"
"587","0.013137697242200375","0.013137697242200375","0.013137697242200375"
"588","0.01153495442122221","0.01153495442122221","0.01153495442122221"
"589","0.014733913354575634","0.014733913354575634","0.014733913354575634"
"590","0.02313321828842163","0.02313321828842163","0.02313321828842163"
"591","0.016621457412838936","0.016621457412838936","0.016621457412838936"
"592","0.06361160427331924","0.06361160427331924","0.06361160427331924"
"593","0.033290911465883255","0.033290911465883255","0.033290911465883255"
"594","0.006449728738516569","0.006449728738516569","0.006449728738516569"
"595","0.009797503240406513","0.009797503240406513","0.009797503240406513"
"596","0.01112120971083641","0.01112120971083641","0.01112120971083641"
"597","0.01877434551715851","0.01877434551715851","0.01877434551715851"
"598","0.006463652476668358","0.006463652476668358","0.006463652476668358"
"599","0.026395320892333984","0.026395320892333984","0.026395320892333984"
"600","0.03528999909758568","0.03528999909758568","0.03528999909758568"
"601","0.012216197326779366","0.012216197326779366","0.012216197326779366"
"602","0.009511216543614864","0.009511216543614864","0.009511216543614864"
"603","0.013208098709583282","0.013208098709583282","0.013208098709583282"
"604","0.004211505874991417","0.004211505874991417","0.004211505874991417"
"605","0.017411084845662117","0.017411084845662117","0.017411084845662117"
"606","0.011577502824366093","0.011577502824366093","0.011577502824366093"
"607","0.011896030977368355","0.011896030977368355","0.011896030977368355"
"608","0.008796109817922115","0.008796109817922115","0.008796109817922115"
"609","0.012933050282299519","0.012933050282299519","0.012933050282299519"
"611","0.004738824907690287","0.004738824907690287","0.004738824907690287"
"612","0.013619148172438145","0.013619148172438145","0.013619148172438145"
"613","0.03481447696685791","0.03481447696685791","0.03481447696685791"
"614","0.029742706567049026","0.029742706567049026","0.029742706567049026"
"615","0.011217474937438965","0.011217474937438965","0.011217474937438965"
"616","0.00960200559347868","0.00960200559347868","0.00960200559347868"
"617","0.013405964709818363","0.013405964709818363","0.013405964709818363"
"618","0.01095909159630537","0.01095909159630537","0.01095909159630537"
"619","0.03724958375096321","0.03724958375096321","0.03724958375096321"
"620","0.007269496098160744","0.007269496098160744","0.007269496098160744"
"621","0.018289966508746147","0.018289966508746147","0.018289966508746147"
"622","0.007251277100294828","0.007251277100294828","0.007251277100294828"
"623","0.018201753497123718","0.018201753497123718","0.018201753497123718"
"624","0.010799250565469265","0.010799250565469265","0.010799250565469265"
"625","0.01869584619998932","0.01869584619998932","0.01869584619998932"
"626","0.016474591568112373","0.016474591568112373","0.016474591568112373"
"627","0.053379639983177185","0.053379639983177185","0.053379639983177185"
"628","0.017214588820934296","0.017214588820934296","0.017214588820934296"
"629","0.0251834187656641","0.0251834187656641","0.0251834187656641"
"630","0.030274372547864914","0.030274372547864914","0.030274372547864914"
"631","0.008845482021570206","0.008845482021570206","0.008845482021570206"
"632","0.011852203868329525","0.011852203868329525","0.011852203868329525"
"633","0.0339534692466259","0.0339534692466259","0.0339534692466259"
"634","0.01805821992456913","0.01805821992456913","0.01805821992456913"
"635","0.01752479188144207","0.01752479188144207","0.01752479188144207"
"636","0.018164316192269325","0.018164316192269325","0.018164316192269325"
"637","0.01899557188153267","0.01899557188153267","0.01899557188153267"
"638","0.011228208430111408","0.011228208430111408","0.011228208430111408"
"639","0.015433604829013348","0.015433604829013348","0.015433604829013348"
"640","0.02996239624917507","0.02996239624917507","0.02996239624917507"
"641","0.009540651924908161","0.009540651924908161","0.009540651924908161"
"642","0.009157747030258179","0.009157747030258179","0.009157747030258179"
"644","0.0057119871489703655","0.0057119871489703655","0.0057119871489703655"
"645","0.010248038917779922","0.010248038917779922","0.010248038917779922"
"646","0.014598258771002293","0.014598258771002293","0.014598258771002293"
"647","0.01376347802579403","0.01376347802579403","0.01376347802579403"
"648","0.010096583515405655","0.010096583515405655","0.010096583515405655"
"649","0.011259019374847412","0.011259019374847412","0.011259019374847412"
"650","0.010155124589800835","0.010155124589800835","0.010155124589800835"
"651","0.03002863936126232","0.03002863936126232","0.03002863936126232"
"652","0.010639956220984459","0.010639956220984459","0.010639956220984459"
"653","0.010965351015329361","0.010965351015329361","0.010965351015329361"
"654","0.06792567670345306","0.06792567670345306","0.06792567670345306"
"655","0.008675545454025269","0.008675545454025269","0.008675545454025269"
"656","0.010154849849641323","0.010154849849641323","0.010154849849641323"
"657","0.011174981482326984","0.011174981482326984","0.011174981482326984"
"658","0.039683882147073746","0.039683882147073746","0.039683882147073746"
"659","0.008075370453298092","0.008075370453298092","0.008075370453298092"
"660","0.016511958092451096","0.016511958092451096","0.016511958092451096"
"661","0.00938419345766306","0.00938419345766306","0.00938419345766306"
"662","0.02440812811255455","0.02440812811255455","0.02440812811255455"
"663","0.01934591867029667","0.01934591867029667","0.01934591867029667"
"664","0.010787051171064377","0.010787051171064377","0.010787051171064377"
"665","0.012871824204921722","0.012871824204921722","0.012871824204921722"
"666","0.031161481514573097","0.031161481514573097","0.031161481514573097"
"667","0.0178359504789114","0.0178359504789114","0.0178359504789114"
"668","0.010688558220863342","0.010688558220863342","0.010688558220863342"
"669","0.03465927392244339","0.03465927392244339","0.03465927392244339"
"670","0.010538186877965927","0.010538186877965927","0.010538186877965927"
"671","0.014274399727582932","0.014274399727582932","0.014274399727582932"
"672","0.007275279611349106","0.007275279611349106","0.007275279611349106"
"673","0.006831335835158825","0.006831335835158825","0.006831335835158825"
"674","0.013601008802652359","0.013601008802652359","0.013601008802652359"
"675","0.013523668050765991","0.013523668050765991","0.013523668050765991"
"677","0.016097258776426315","0.016097258776426315","0.016097258776426315"
"678","0.012282958254218102","0.012282958254218102","0.012282958254218102"
"679","0.010328087955713272","0.010328087955713272","0.010328087955713272"
"680","0.009602515026926994","0.009602515026926994","0.009602515026926994"
"681","0.01184077188372612","0.01184077188372612","0.01184077188372612"
"682","0.029053328558802605","0.029053328558802605","0.029053328558802605"
"683","0.012390625663101673","0.012390625663101673","0.012390625663101673"
"684","0.01327781192958355","0.01327781192958355","0.01327781192958355"
"685","0.013632078655064106","0.013632078655064106","0.013632078655064106"
"686","0.015408284030854702","0.015408284030854702","0.015408284030854702"
"687","0.011472106911242008","0.011472106911242008","0.011472106911242008"
"688","0.010122940875589848","0.010122940875589848","0.010122940875589848"
"689","0.012944011949002743","0.012944011949002743","0.012944011949002743"
"690","0.013729127123951912","0.013729127123951912","0.013729127123951912"
"691","0.010233701206743717","0.010233701206743717","0.010233701206743717"
"692","0.005915014538913965","0.005915014538913965","0.005915014538913965"
"693","0.012369424104690552","0.012369424104690552","0.012369424104690552"
"694","0.020710352808237076","0.020710352808237076","0.020710352808237076"
"695","0.012184434570372105","0.012184434570372105","0.012184434570372105"
"696","0.006694533862173557","0.006694533862173557","0.006694533862173557"
"697","0.009145478717982769","0.009145478717982769","0.009145478717982769"
"698","0.012353824451565742","0.012353824451565742","0.012353824451565742"
"699","0.015627549961209297","0.015627549961209297","0.015627549961209297"
"700","0.02286958321928978","0.02286958321928978","0.02286958321928978"
"701","0.036144502460956573","0.036144502460956573","0.036144502460956573"
"702","0.007357037626206875","0.007357037626206875","0.007357037626206875"
"703","0.013694662600755692","0.013694662600755692","0.013694662600755692"
"704","0.025800634175539017","0.025800634175539017","0.025800634175539017"
"705","0.00806373544037342","0.00806373544037342","0.00806373544037342"
"706","0.010628698393702507","0.010628698393702507","0.010628698393702507"
"707","0.045391716063022614","0.045391716063022614","0.045391716063022614"
"708","0.021991437301039696","0.021991437301039696","0.021991437301039696"
"710","0.01156411599367857","0.01156411599367857","0.01156411599367857"
"711","0.013149159960448742","0.013149159960448742","0.013149159960448742"
"712","0.01992839202284813","0.01992839202284813","0.01992839202284813"
"713","0.01632092334330082","0.01632092334330082","0.01632092334330082"
"714","0.01287591177970171","0.01287591177970171","0.01287591177970171"
"715","0.009626182727515697","0.009626182727515697","0.009626182727515697"
"716","0.005919149611145258","0.005919149611145258","0.005919149611145258"
"717","0.011414891108870506","0.011414891108870506","0.011414891108870506"
"718","0.019670285284519196","0.019670285284519196","0.019670285284519196"
"719","0.021832186728715897","0.021832186728715897","0.021832186728715897"
"720","0.012608204036951065","0.012608204036951065","0.012608204036951065"
"721","0.01733039692044258","0.01733039692044258","0.01733039692044258"
"722","0.004682161845266819","0.004682161845266819","0.004682161845266819"
"723","0.011691211722791195","0.011691211722791195","0.011691211722791195"
"724","0.019835682585835457","0.019835682585835457","0.019835682585835457"
"725","0.029724890366196632","0.029724890366196632","0.029724890366196632"
"726","0.013098007999360561","0.013098007999360561","0.013098007999360561"
"727","0.01084002573043108","0.01084002573043108","0.01084002573043108"
"728","0.023250531405210495","0.023250531405210495","0.023250531405210495"
"729","0.005183124449104071","0.005183124449104071","0.005183124449104071"
"730","0.030396578833460808","0.030396578833460808","0.030396578833460808"
"731","0.01810569316148758","0.01810569316148758","0.01810569316148758"
"732","0.009355717338621616","0.009355717338621616","0.009355717338621616"
"733","0.012074473313987255","0.012074473313987255","0.012074473313987255"
"734","0.005628329701721668","0.005628329701721668","0.005628329701721668"
"735","0.05272722989320755","0.05272722989320755","0.05272722989320755"
"736","0.004824868869036436","0.004824868869036436","0.004824868869036436"
"737","0.009981070645153522","0.009981070645153522","0.009981070645153522"
"738","0.06570572406053543","0.06570572406053543","0.06570572406053543"
"739","0.013196391984820366","0.013196391984820366","0.013196391984820366"
"740","0.016052231192588806","0.016052231192588806","0.016052231192588806"
"741","0.004728415515273809","0.004728415515273809","0.004728415515273809"
"743","0.016194913536310196","0.016194913536310196","0.016194913536310196"
"744","0.03133033588528633","0.03133033588528633","0.03133033588528633"
"745","0.0195324569940567","0.0195324569940567","0.0195324569940567"
"746","0.011110947467386723","0.011110947467386723","0.011110947467386723"
"747","0.05005009472370148","0.05005009472370148","0.05005009472370148"
"748","0.014915664680302143","0.014915664680302143","0.014915664680302143"
"749","0.014557083137333393","0.014557083137333393","0.014557083137333393"
"750","0.008495893329381943","0.008495893329381943","0.008495893329381943"
"751","0.02182665839791298","0.02182665839791298","0.02182665839791298"
"752","0.012876723892986774","0.012876723892986774","0.012876723892986774"
"753","0.011421095579862595","0.011421095579862595","0.011421095579862595"
"754","0.023483119904994965","0.023483119904994965","0.023483119904994965"
"755","0.03160852938890457","0.03160852938890457","0.03160852938890457"
"756","0.027019862085580826","0.027019862085580826","0.027019862085580826"
"757","0.02237660251557827","0.02237660251557827","0.02237660251557827"
"758","0.013556110672652721","0.013556110672652721","0.013556110672652721"
"759","0.00987070519477129","0.00987070519477129","0.00987070519477129"
"760","0.00416315533220768","0.00416315533220768","0.00416315533220768"
"761","0.011589509434998035","0.011589509434998035","0.011589509434998035"
"762","0.011439008638262749","0.011439008638262749","0.011439008638262749"
"763","0.03251434490084648","0.03251434490084648","0.03251434490084648"
"764","0.018944531679153442","0.018944531679153442","0.018944531679153442"
"765","0.011219947598874569","0.011219947598874569","0.011219947598874569"
"766","0.004198441747575998","0.004198441747575998","0.004198441747575998"
"767","0.012353473342955112","0.012353473342955112","0.012353473342955112"
"768","0.029578208923339844","0.029578208923339844","0.029578208923339844"
"769","0.02406264655292034","0.02406264655292034","0.02406264655292034"
"770","0.007204927504062653","0.007204927504062653","0.007204927504062653"
"771","0.010739483870565891","0.010739483870565891","0.010739483870565891"
"772","0.00962947029620409","0.00962947029620409","0.00962947029620409"
"773","0.005391682032495737","0.005391682032495737","0.005391682032495737"
"774","0.006573268678039312","0.006573268678039312","0.006573268678039312"
"776","0.022985177114605904","0.022985177114605904","0.022985177114605904"
"777","0.011161210015416145","0.011161210015416145","0.011161210015416145"
"778","0.033737700432538986","0.033737700432538986","0.033737700432538986"
"779","0.010100157931447029","0.010100157931447029","0.010100157931447029"
"780","0.017010241746902466","0.017010241746902466","0.017010241746902466"
"781","0.05090537294745445","0.05090537294745445","0.05090537294745445"
"782","0.010038068518042564","0.010038068518042564","0.010038068518042564"
"783","0.005312838591635227","0.005312838591635227","0.005312838591635227"
"784","0.01278508547693491","0.01278508547693491","0.01278508547693491"
"785","0.012669066898524761","0.012669066898524761","0.012669066898524761"
"786","0.008835792541503906","0.008835792541503906","0.008835792541503906"
"787","0.00750203849747777","0.00750203849747777","0.00750203849747777"
"788","0.029376637190580368","0.029376637190580368","0.029376637190580368"
"789","0.019857922568917274","0.019857922568917274","0.019857922568917274"
"790","0.035698890686035156","0.035698890686035156","0.035698890686035156"
"791","0.008984414860606194","0.008984414860606194","0.008984414860606194"
"792","0.010730737820267677","0.010730737820267677","0.010730737820267677"
"793","0.011548127979040146","0.011548127979040146","0.011548127979040146"
"794","0.009979378432035446","0.009979378432035446","0.009979378432035446"
"795","0.010361368767917156","0.010361368767917156","0.010361368767917156"
"796","0.007550221402198076","0.007550221402198076","0.007550221402198076"
"797","0.013264321722090244","0.013264321722090244","0.013264321722090244"
"798","0.03765158727765083","0.03765158727765083","0.03765158727765083"
"799","0.013207749463617802","0.013207749463617802","0.013207749463617802"
"800","0.02044793963432312","0.02044793963432312","0.02044793963432312"
"801","0.012049003504216671","0.012049003504216671","0.012049003504216671"
"802","0.005528243258595467","0.005528243258595467","0.005528243258595467"
"803","0.010958601720631123","0.010958601720631123","0.010958601720631123"
"804","0.011853291653096676","0.011853291653096676","0.011853291653096676"
"805","0.009811608120799065","0.009811608120799065","0.009811608120799065"
"806","0.010572325438261032","0.010572325438261032","0.010572325438261032"
"807","0.01537989266216755","0.01537989266216755","0.01537989266216755"
"809","0.018207209184765816","0.018207209184765816","0.018207209184765816"
"810","0.010280191898345947","0.010280191898345947","0.010280191898345947"
"811","0.010398682206869125","0.010398682206869125","0.010398682206869125"
"812","0.009240883402526379","0.009240883402526379","0.009240883402526379"
"813","0.009668185375630856","0.009668185375630856","0.009668185375630856"
"814","0.02072649449110031","0.02072649449110031","0.02072649449110031"
"815","0.009388450533151627","0.009388450533151627","0.009388450533151627"
"816","0.020176010206341743","0.020176010206341743","0.020176010206341743"
"817","0.016858993098139763","0.016858993098139763","0.016858993098139763"
"818","0.055657900869846344","0.055657900869846344","0.055657900869846344"
"819","0.02246963419020176","0.02246963419020176","0.02246963419020176"
"820","0.00914243794977665","0.00914243794977665","0.00914243794977665"
"821","0.011190183460712433","0.011190183460712433","0.011190183460712433"
"822","0.008132756687700748","0.008132756687700748","0.008132756687700748"
"823","0.005273554939776659","0.005273554939776659","0.005273554939776659"
"824","0.005076983943581581","0.005076983943581581","0.005076983943581581"
"825","0.006726124323904514","0.006726124323904514","0.006726124323904514"
"826","0.009929354302585125","0.009929354302585125","0.009929354302585125"
"827","0.012862562201917171","0.012862562201917171","0.012862562201917171"
"828","0.02304486185312271","0.02304486185312271","0.02304486185312271"
"829","0.03090577945113182","0.03090577945113182","0.03090577945113182"
"830","0.008449224755167961","0.008449224755167961","0.008449224755167961"
"831","0.008305277675390244","0.008305277675390244","0.008305277675390244"
"832","0.01681036874651909","0.01681036874651909","0.01681036874651909"
"833","0.01722881756722927","0.01722881756722927","0.01722881756722927"
"834","0.00775253726169467","0.00775253726169467","0.00775253726169467"
"835","0.011040751822292805","0.011040751822292805","0.011040751822292805"
"836","0.017626075074076653","0.017626075074076653","0.017626075074076653"
"837","0.024404047057032585","0.024404047057032585","0.024404047057032585"
"838","0.019481781870126724","0.019481781870126724","0.019481781870126724"
"839","0.00896269828081131","0.00896269828081131","0.00896269828081131"
"840","0.00989271979779005","0.00989271979779005","0.00989271979779005"
"842","0.03059852309525013","0.03059852309525013","0.03059852309525013"
"843","0.008592822588980198","0.008592822588980198","0.008592822588980198"
"844","0.01294580940157175","0.01294580940157175","0.01294580940157175"
"845","0.015138640068471432","0.015138640068471432","0.015138640068471432"
"846","0.008375216275453568","0.008375216275453568","0.008375216275453568"
"847","0.013221662491559982","0.013221662491559982","0.013221662491559982"
"848","0.020623601973056793","0.020623601973056793","0.020623601973056793"
"849","0.010380882769823074","0.010380882769823074","0.010380882769823074"
"850","0.026343299075961113","0.026343299075961113","0.026343299075961113"
"851","0.015626922249794006","0.015626922249794006","0.015626922249794006"
"852","0.004224318545311689","0.004224318545311689","0.004224318545311689"
"853","0.024195963516831398","0.024195963516831398","0.024195963516831398"
"854","0.009300122037529945","0.009300122037529945","0.009300122037529945"
"855","0.023043407127261162","0.023043407127261162","0.023043407127261162"
"856","0.02525920793414116","0.02525920793414116","0.02525920793414116"
"857","0.022825129330158234","0.022825129330158234","0.022825129330158234"
"858","0.01875167526304722","0.01875167526304722","0.01875167526304722"
"859","0.034993819892406464","0.034993819892406464","0.034993819892406464"
"860","0.010314585641026497","0.010314585641026497","0.010314585641026497"
"861","0.009349456988275051","0.009349456988275051","0.009349456988275051"
"862","0.011293389834463596","0.011293389834463596","0.011293389834463596"
"863","0.026384660974144936","0.026384660974144936","0.026384660974144936"
"864","0.017702409997582436","0.017702409997582436","0.017702409997582436"
"865","0.021615704521536827","0.021615704521536827","0.021615704521536827"
"866","0.016882969066500664","0.016882969066500664","0.016882969066500664"
"867","0.009165720082819462","0.009165720082819462","0.009165720082819462"
"868","0.012107690796256065","0.012107690796256065","0.012107690796256065"
"869","0.024795254692435265","0.024795254692435265","0.024795254692435265"
"870","0.01744738779962063","0.01744738779962063","0.01744738779962063"
"871","0.010400993749499321","0.010400993749499321","0.010400993749499321"
"872","0.012368991039693356","0.012368991039693356","0.012368991039693356"
"873","0.011011885479092598","0.011011885479092598","0.011011885479092598"
"875","0.02142935059964657","0.02142935059964657","0.02142935059964657"
"876","0.015692684799432755","0.015692684799432755","0.015692684799432755"
"877","0.022251000627875328","0.022251000627875328","0.022251000627875328"
"878","0.0289114061743021","0.0289114061743021","0.0289114061743021"
"879","0.014553649351000786","0.014553649351000786","0.014553649351000786"
"880","0.03829411417245865","0.03829411417245865","0.03829411417245865"
"881","0.022359013557434082","0.022359013557434082","0.022359013557434082"
"882","0.0048933918587863445","0.0048933918587863445","0.0048933918587863445"
"883","0.009221016429364681","0.009221016429364681","0.009221016429364681"
"884","0.011481192894279957","0.011481192894279957","0.011481192894279957"
"885","0.015549656003713608","0.015549656003713608","0.015549656003713608"
"886","0.02209865115582943","0.02209865115582943","0.02209865115582943"
"887","0.011081883683800697","0.011081883683800697","0.011081883683800697"
"888","0.008896811865270138","0.008896811865270138","0.008896811865270138"
"889","0.011384353041648865","0.011384353041648865","0.011384353041648865"
"890","0.014959245920181274","0.014959245920181274","0.014959245920181274"
"891","0.029386915266513824","0.029386915266513824","0.029386915266513824"
"892","0.013293751515448093","0.013293751515448093","0.013293751515448093"
"893","0.013121066614985466","0.013121066614985466","0.013121066614985466"
"894","0.020996425300836563","0.020996425300836563","0.020996425300836563"
"895","0.013112213462591171","0.013112213462591171","0.013112213462591171"
"896","0.0123136630281806","0.0123136630281806","0.0123136630281806"
"897","0.011782206594944","0.011782206594944","0.011782206594944"
"898","0.015909934416413307","0.015909934416413307","0.015909934416413307"
"899","0.01481623388826847","0.01481623388826847","0.01481623388826847"
"900","0.029738888144493103","0.029738888144493103","0.029738888144493103"
"901","0.006771454121917486","0.006771454121917486","0.006771454121917486"
"902","0.014535227790474892","0.014535227790474892","0.014535227790474892"
"903","0.010046462528407574","0.010046462528407574","0.010046462528407574"
"904","0.011177065782248974","0.011177065782248974","0.011177065782248974"
"905","0.009570025838911533","0.009570025838911533","0.009570025838911533"
"906","0.008901082910597324","0.008901082910597324","0.008901082910597324"
"908","0.029988568276166916","0.029988568276166916","0.029988568276166916"
"909","0.02127554826438427","0.02127554826438427","0.02127554826438427"
"910","0.018900912255048752","0.018900912255048752","0.018900912255048752"
"911","0.04265740513801575","0.04265740513801575","0.04265740513801575"
"912","0.045812394469976425","0.045812394469976425","0.045812394469976425"
"913","0.012216155417263508","0.012216155417263508","0.012216155417263508"
"914","0.010050266049802303","0.010050266049802303","0.010050266049802303"
"915","0.010577846318483353","0.010577846318483353","0.010577846318483353"
"916","0.01041475310921669","0.01041475310921669","0.01041475310921669"
"917","0.015180408023297787","0.015180408023297787","0.015180408023297787"
"918","0.009379522874951363","0.009379522874951363","0.009379522874951363"
"919","0.01153914351016283","0.01153914351016283","0.01153914351016283"
"920","0.018538951873779297","0.018538951873779297","0.018538951873779297"
"921","0.014329305849969387","0.014329305849969387","0.014329305849969387"
"922","0.023025723174214363","0.023025723174214363","0.023025723174214363"
"923","0.00880926288664341","0.00880926288664341","0.00880926288664341"
"924","0.018712777644395828","0.018712777644395828","0.018712777644395828"
"925","0.011718970723450184","0.011718970723450184","0.011718970723450184"
"926","0.010799100622534752","0.010799100622534752","0.010799100622534752"
"927","0.01568193919956684","0.01568193919956684","0.01568193919956684"
"928","0.014028392732143402","0.014028392732143402","0.014028392732143402"
"929","0.020359789952635765","0.020359789952635765","0.020359789952635765"
"930","0.015379157848656178","0.015379157848656178","0.015379157848656178"
"931","0.024712763726711273","0.024712763726711273","0.024712763726711273"
"932","0.049253929406404495","0.049253929406404495","0.049253929406404495"
"933","0.01057897787541151","0.01057897787541151","0.01057897787541151"
"934","0.017188789322972298","0.017188789322972298","0.017188789322972298"
"935","0.011047497391700745","0.011047497391700745","0.011047497391700745"
"936","0.03927212208509445","0.03927212208509445","0.03927212208509445"
"937","0.024920694530010223","0.024920694530010223","0.024920694530010223"
"938","0.007965556345880032","0.007965556345880032","0.007965556345880032"
"939","0.019202521070837975","0.019202521070837975","0.019202521070837975"
"941","0.014893737621605396","0.014893737621605396","0.014893737621605396"
"942","0.0056765261106193066","0.0056765261106193066","0.0056765261106193066"
"943","0.011229539290070534","0.011229539290070534","0.011229539290070534"
"944","0.007890169508755207","0.007890169508755207","0.007890169508755207"
"945","0.012650422751903534","0.012650422751903534","0.012650422751903534"
"946","0.009180857799947262","0.009180857799947262","0.009180857799947262"
"947","0.011342649348080158","0.011342649348080158","0.011342649348080158"
"948","0.01049689669162035","0.01049689669162035","0.01049689669162035"
"949","0.02435215376317501","0.02435215376317501","0.02435215376317501"
"950","0.015515546314418316","0.015515546314418316","0.015515546314418316"
"951","0.025925476104021072","0.025925476104021072","0.025925476104021072"
"952","0.016234057024121284","0.016234057024121284","0.016234057024121284"
"953","0.017396243289113045","0.017396243289113045","0.017396243289113045"
"954","0.03164924308657646","0.03164924308657646","0.03164924308657646"
"955","0.021042266860604286","0.021042266860604286","0.021042266860604286"
"956","0.013433708809316158","0.013433708809316158","0.013433708809316158"
"957","0.006820415612310171","0.006820415612310171","0.006820415612310171"
"958","0.020644569769501686","0.020644569769501686","0.020644569769501686"
"959","0.0288418997079134","0.0288418997079134","0.0288418997079134"
"960","0.018796777352690697","0.018796777352690697","0.018796777352690697"
"961","0.0050857109017670155","0.0050857109017670155","0.0050857109017670155"
"962","0.01213008351624012","0.01213008351624012","0.01213008351624012"
"963","0.008988512679934502","0.008988512679934502","0.008988512679934502"
"964","0.013726243749260902","0.013726243749260902","0.013726243749260902"
"965","0.01858004368841648","0.01858004368841648","0.01858004368841648"
"966","0.02707727998495102","0.02707727998495102","0.02707727998495102"
"967","0.012990756891667843","0.012990756891667843","0.012990756891667843"
"968","0.04179031774401665","0.04179031774401665","0.04179031774401665"
"969","0.005317731760442257","0.005317731760442257","0.005317731760442257"
"970","0.01637575775384903","0.01637575775384903","0.01637575775384903"
"971","0.0042394548654556274","0.0042394548654556274","0.0042394548654556274"
"972","0.006340138614177704","0.006340138614177704","0.006340138614177704"
"974","0.010585247538983822","0.010585247538983822","0.010585247538983822"
"975","0.014380891807377338","0.014380891807377338","0.014380891807377338"
"976","0.01120257843285799","0.01120257843285799","0.01120257843285799"
"977","0.017605867236852646","0.017605867236852646","0.017605867236852646"
"978","0.009281329810619354","0.009281329810619354","0.009281329810619354"
"979","0.014101214706897736","0.014101214706897736","0.014101214706897736"
"980","0.015168563462793827","0.015168563462793827","0.015168563462793827"
"981","0.006379669066518545","0.006379669066518545","0.006379669066518545"
"982","0.06100831553339958","0.06100831553339958","0.06100831553339958"
"983","0.011315002106130123","0.011315002106130123","0.011315002106130123"
"984","0.021131664514541626","0.021131664514541626","0.021131664514541626"
"985","0.02388482168316841","0.02388482168316841","0.02388482168316841"
"986","0.010756821371614933","0.010756821371614933","0.010756821371614933"
"987","0.02271096594631672","0.02271096594631672","0.02271096594631672"
"988","0.005651244428008795","0.005651244428008795","0.005651244428008795"
"989","0.009560002014040947","0.009560002014040947","0.009560002014040947"
"990","0.009010897018015385","0.009010897018015385","0.009010897018015385"
"991","0.011302809230983257","0.011302809230983257","0.011302809230983257"
"992","0.010561772622168064","0.010561772622168064","0.010561772622168064"
"993","0.009458339773118496","0.009458339773118496","0.009458339773118496"
"994","0.018558986485004425","0.018558986485004425","0.018558986485004425"
"995","0.020800163969397545","0.020800163969397545","0.020800163969397545"
"996","0.012039774097502232","0.012039774097502232","0.012039774097502232"
"997","0.009145790711045265","0.009145790711045265","0.009145790711045265"
"998","0.021882159635424614","0.021882159635424614","0.021882159635424614"
"999","0.035233691334724426","0.035233691334724426","0.035233691334724426"
"1000","0.009837078861892223","0.009837078861892223","0.009837078861892223"
"1001","0.021741457283496857","0.021741457283496857","0.021741457283496857"
"1002","0.010538158938288689","0.010538158938288689","0.010538158938288689"
"1003","0.01858295500278473","0.01858295500278473","0.01858295500278473"
"1004","0.012563193216919899","0.012563193216919899","0.012563193216919899"
"1005","0.010657751932740211","0.010657751932740211","0.010657751932740211"
"1007","0.011424729600548744","0.011424729600548744","0.011424729600548744"
"1008","0.05695236846804619","0.05695236846804619","0.05695236846804619"
"1009","0.014711094088852406","0.014711094088852406","0.014711094088852406"
"1010","0.009380958043038845","0.009380958043038845","0.009380958043038845"
"1011","0.01247175969183445","0.01247175969183445","0.01247175969183445"
"1012","0.015382874757051468","0.015382874757051468","0.015382874757051468"
"1013","0.016506150364875793","0.016506150364875793","0.016506150364875793"
"1014","0.008416916243731976","0.008416916243731976","0.008416916243731976"
"1015","0.005531733855605125","0.005531733855605125","0.005531733855605125"
"1016","0.032595932483673096","0.032595932483673096","0.032595932483673096"
"1017","0.01924087107181549","0.01924087107181549","0.01924087107181549"
"1018","0.007977232336997986","0.007977232336997986","0.007977232336997986"
"1019","0.022206882014870644","0.022206882014870644","0.022206882014870644"
"1020","0.01853039860725403","0.01853039860725403","0.01853039860725403"
"1021","0.012628520838916302","0.012628520838916302","0.012628520838916302"
"1022","0.007089454215019941","0.007089454215019941","0.007089454215019941"
"1023","0.010318489745259285","0.010318489745259285","0.010318489745259285"
"1024","0.0289737768471241","0.0289737768471241","0.0289737768471241"
"1025","0.012123550288379192","0.012123550288379192","0.012123550288379192"
"1026","0.01947244629263878","0.01947244629263878","0.01947244629263878"
"1027","0.007605030667036772","0.007605030667036772","0.007605030667036772"
"1028","0.008516130037605762","0.008516130037605762","0.008516130037605762"
"1029","0.010965309105813503","0.010965309105813503","0.010965309105813503"
"1030","0.015672167763113976","0.015672167763113976","0.015672167763113976"
"1031","0.007904544472694397","0.007904544472694397","0.007904544472694397"
"1032","0.011973400600254536","0.011973400600254536","0.011973400600254536"
"1033","0.024270007386803627","0.024270007386803627","0.024270007386803627"
"1034","0.01633872650563717","0.01633872650563717","0.01633872650563717"
"1035","0.008874425664544106","0.008874425664544106","0.008874425664544106"
"1036","0.021935414522886276","0.021935414522886276","0.021935414522886276"
"1037","0.016444910317659378","0.016444910317659378","0.016444910317659378"
"1038","0.01941722445189953","0.01941722445189953","0.01941722445189953"
"1040","0.031482942402362823","0.031482942402362823","0.031482942402362823"
"1041","0.017400268465280533","0.017400268465280533","0.017400268465280533"
"1042","0.02691330388188362","0.02691330388188362","0.02691330388188362"
"1043","0.009367860853672028","0.009367860853672028","0.009367860853672028"
"1044","0.010921020992100239","0.010921020992100239","0.010921020992100239"
"1045","0.013702777214348316","0.013702777214348316","0.013702777214348316"
"1046","0.019505700096488","0.019505700096488","0.019505700096488"
"1047","0.026040349155664444","0.026040349155664444","0.026040349155664444"
"1048","0.013973960652947426","0.013973960652947426","0.013973960652947426"
"1049","0.029747651889920235","0.029747651889920235","0.029747651889920235"
"1050","0.008416399359703064","0.008416399359703064","0.008416399359703064"
"1051","0.010065997019410133","0.010065997019410133","0.010065997019410133"
"1052","0.01036781445145607","0.01036781445145607","0.01036781445145607"
"1053","0.010208223015069962","0.010208223015069962","0.010208223015069962"
"1054","0.008121521212160587","0.008121521212160587","0.008121521212160587"
"1055","0.01807585544884205","0.01807585544884205","0.01807585544884205"
"1056","0.03665979951620102","0.03665979951620102","0.03665979951620102"
"1057","0.012206519022583961","0.012206519022583961","0.012206519022583961"
"1058","0.00854754913598299","0.00854754913598299","0.00854754913598299"
"1059","0.009014202281832695","0.009014202281832695","0.009014202281832695"
"1060","0.005254560615867376","0.005254560615867376","0.005254560615867376"
"1061","0.026866989210247993","0.026866989210247993","0.026866989210247993"
"1062","0.015523556619882584","0.015523556619882584","0.015523556619882584"
"1063","0.00913134217262268","0.00913134217262268","0.00913134217262268"
"1064","0.007798422127962112","0.007798422127962112","0.007798422127962112"
"1065","0.008618560619652271","0.008618560619652271","0.008618560619652271"
"1066","0.01101283822208643","0.01101283822208643","0.01101283822208643"
"1067","0.019038978964090347","0.019038978964090347","0.019038978964090347"
"1068","0.007834740914404392","0.007834740914404392","0.007834740914404392"
"1069","0.006580642890185118","0.006580642890185118","0.006580642890185118"
"1070","0.030966918915510178","0.030966918915510178","0.030966918915510178"
"1071","0.02565682679414749","0.02565682679414749","0.02565682679414749"
"1073","0.012050543911755085","0.012050543911755085","0.012050543911755085"
"1074","0.022520480677485466","0.022520480677485466","0.022520480677485466"
"1075","0.02762901410460472","0.02762901410460472","0.02762901410460472"
"1076","0.010030917823314667","0.010030917823314667","0.010030917823314667"
"1077","0.01242492999881506","0.01242492999881506","0.01242492999881506"
"1078","0.011049347929656506","0.011049347929656506","0.011049347929656506"
"1079","0.015044116415083408","0.015044116415083408","0.015044116415083408"
"1080","0.009717105887830257","0.009717105887830257","0.009717105887830257"
"1081","0.004991302732378244","0.004991302732378244","0.004991302732378244"
"1082","0.03160398080945015","0.03160398080945015","0.03160398080945015"
"1083","0.010781596414744854","0.010781596414744854","0.010781596414744854"
"1084","0.05283846706151962","0.05283846706151962","0.05283846706151962"
"1085","0.01260546687990427","0.01260546687990427","0.01260546687990427"
"1086","0.016029873862862587","0.016029873862862587","0.016029873862862587"
"1087","0.02852976880967617","0.02852976880967617","0.02852976880967617"
"1088","0.011254658922553062","0.011254658922553062","0.011254658922553062"
"1089","0.014896596781909466","0.014896596781909466","0.014896596781909466"
"1090","0.022613290697336197","0.022613290697336197","0.022613290697336197"
"1091","0.01253952831029892","0.01253952831029892","0.01253952831029892"
"1092","0.02711627073585987","0.02711627073585987","0.02711627073585987"
"1093","0.010427850298583508","0.010427850298583508","0.010427850298583508"
"1094","0.008428138680756092","0.008428138680756092","0.008428138680756092"
"1095","0.018075618892908096","0.018075618892908096","0.018075618892908096"
"1096","0.02856600098311901","0.02856600098311901","0.02856600098311901"
"1097","0.010360149666666985","0.010360149666666985","0.010360149666666985"
"1098","0.03911086171865463","0.03911086171865463","0.03911086171865463"
"1099","0.030521191656589508","0.030521191656589508","0.030521191656589508"
"1100","0.015990985557436943","0.015990985557436943","0.015990985557436943"
"1101","0.011814727447926998","0.011814727447926998","0.011814727447926998"
"1102","0.02783813513815403","0.02783813513815403","0.02783813513815403"
"1103","0.008300487883388996","0.008300487883388996","0.008300487883388996"
"1104","0.024733738973736763","0.024733738973736763","0.024733738973736763"
"1106","0.018769385293126106","0.018769385293126106","0.018769385293126106"
"1107","0.011224254965782166","0.011224254965782166","0.011224254965782166"
"1108","0.0560276135802269","0.0560276135802269","0.0560276135802269"
"1109","0.0358787477016449","0.0358787477016449","0.0358787477016449"
"1110","0.010720540769398212","0.010720540769398212","0.010720540769398212"
"1111","0.020184433087706566","0.020184433087706566","0.020184433087706566"
"1112","0.02925167791545391","0.02925167791545391","0.02925167791545391"
"1113","0.011896379292011261","0.011896379292011261","0.011896379292011261"
"1114","0.00898963212966919","0.00898963212966919","0.00898963212966919"
"1115","0.0387912392616272","0.0387912392616272","0.0387912392616272"
"1116","0.005183099303394556","0.005183099303394556","0.005183099303394556"
"1117","0.012757014483213425","0.012757014483213425","0.012757014483213425"
"1118","0.011914815753698349","0.011914815753698349","0.011914815753698349"
"1119","0.009378858841955662","0.009378858841955662","0.009378858841955662"
"1120","0.009347562678158283","0.009347562678158283","0.009347562678158283"
"1121","0.011346368119120598","0.011346368119120598","0.011346368119120598"
"1122","0.022309353575110435","0.022309353575110435","0.022309353575110435"
"1123","0.024917270988225937","0.024917270988225937","0.024917270988225937"
"1124","0.01487257145345211","0.01487257145345211","0.01487257145345211"
"1125","0.009664230048656464","0.009664230048656464","0.009664230048656464"
"1126","0.011623767204582691","0.011623767204582691","0.011623767204582691"
"1127","0.026814479380846024","0.026814479380846024","0.026814479380846024"
"1128","0.03545684367418289","0.03545684367418289","0.03545684367418289"
"1129","0.011693980544805527","0.011693980544805527","0.011693980544805527"
"1130","0.013415600173175335","0.013415600173175335","0.013415600173175335"
"1131","0.009400573559105396","0.009400573559105396","0.009400573559105396"
"1132","0.008013371378183365","0.008013371378183365","0.008013371378183365"
"1133","0.006274220533668995","0.006274220533668995","0.006274220533668995"
"1134","0.016568690538406372","0.016568690538406372","0.016568690538406372"
"1135","0.023425914347171783","0.023425914347171783","0.023425914347171783"
"1136","0.019028140231966972","0.019028140231966972","0.019028140231966972"
"1137","0.012835606932640076","0.012835606932640076","0.012835606932640076"
"1139","0.03726405277848244","0.03726405277848244","0.03726405277848244"
"1140","0.012894648127257824","0.012894648127257824","0.012894648127257824"
"1141","0.010730275884270668","0.010730275884270668","0.010730275884270668"
"1142","0.008510037325322628","0.008510037325322628","0.008510037325322628"
"1143","0.020422345027327538","0.020422345027327538","0.020422345027327538"
"1144","0.010252578184008598","0.010252578184008598","0.010252578184008598"
"1145","0.010180904529988766","0.010180904529988766","0.010180904529988766"
"1146","0.011102563701570034","0.011102563701570034","0.011102563701570034"
"1147","0.019341206178069115","0.019341206178069115","0.019341206178069115"
"1148","0.02484006993472576","0.02484006993472576","0.02484006993472576"
"1149","0.025105029344558716","0.025105029344558716","0.025105029344558716"
"1150","0.021851398050785065","0.021851398050785065","0.021851398050785065"
"1151","0.004933581687510014","0.004933581687510014","0.004933581687510014"
"1152","0.01641932874917984","0.01641932874917984","0.01641932874917984"
"1153","0.022105950862169266","0.022105950862169266","0.022105950862169266"
"1154","0.010610340163111687","0.010610340163111687","0.010610340163111687"
"1155","0.009715236723423004","0.009715236723423004","0.009715236723423004"
"1156","0.012141721323132515","0.012141721323132515","0.012141721323132515"
"1157","0.00934649258852005","0.00934649258852005","0.00934649258852005"
"1158","0.023024318739771843","0.023024318739771843","0.023024318739771843"
"1159","0.023142220452427864","0.023142220452427864","0.023142220452427864"
"1160","0.008818112313747406","0.008818112313747406","0.008818112313747406"
"1161","0.011437501758337021","0.011437501758337021","0.011437501758337021"
"1162","0.015303376130759716","0.015303376130759716","0.015303376130759716"
"1163","0.010003759525716305","0.010003759525716305","0.010003759525716305"
"1164","0.01247623935341835","0.01247623935341835","0.01247623935341835"
"1165","0.005129286553710699","0.005129286553710699","0.005129286553710699"
"1166","0.005387898068875074","0.005387898068875074","0.005387898068875074"
"1167","0.007785155903548002","0.007785155903548002","0.007785155903548002"
"1168","0.01583098992705345","0.01583098992705345","0.01583098992705345"
"1169","0.009887509979307652","0.009887509979307652","0.009887509979307652"
"1170","0.01595107652246952","0.01595107652246952","0.01595107652246952"
"1172","0.014799453318119049","0.014799453318119049","0.014799453318119049"
"1173","0.013225228525698185","0.013225228525698185","0.013225228525698185"
"1174","0.025399601086974144","0.025399601086974144","0.025399601086974144"
"1175","0.016769273206591606","0.016769273206591606","0.016769273206591606"
"1176","0.010085796937346458","0.010085796937346458","0.010085796937346458"
"1177","0.008597091771662235","0.008597091771662235","0.008597091771662235"
"1178","0.005210721865296364","0.005210721865296364","0.005210721865296364"
"1179","0.008365851826965809","0.008365851826965809","0.008365851826965809"
"1180","0.020806360989809036","0.020806360989809036","0.020806360989809036"
"1181","0.018180614337325096","0.018180614337325096","0.018180614337325096"
"1182","0.010161295533180237","0.010161295533180237","0.010161295533180237"
"1183","0.039013948291540146","0.039013948291540146","0.039013948291540146"
"1184","0.010802948847413063","0.010802948847413063","0.010802948847413063"
"1185","0.01860329881310463","0.01860329881310463","0.01860329881310463"
"1186","0.04692362621426582","0.04692362621426582","0.04692362621426582"
"1187","0.015709618106484413","0.015709618106484413","0.015709618106484413"
"1188","0.01901744306087494","0.01901744306087494","0.01901744306087494"
"1189","0.028106307610869408","0.028106307610869408","0.028106307610869408"
"1190","0.02379610389471054","0.02379610389471054","0.02379610389471054"
"1191","0.012079921551048756","0.012079921551048756","0.012079921551048756"
"1192","0.009958556853234768","0.009958556853234768","0.009958556853234768"
"1193","0.00966495182365179","0.00966495182365179","0.00966495182365179"
"1194","0.022162549197673798","0.022162549197673798","0.022162549197673798"
"1195","0.01030738465487957","0.01030738465487957","0.01030738465487957"
"1196","0.03794782981276512","0.03794782981276512","0.03794782981276512"
"1197","0.012529900297522545","0.012529900297522545","0.012529900297522545"
"1198","0.01092632208019495","0.01092632208019495","0.01092632208019495"
"1199","0.007892217487096786","0.007892217487096786","0.007892217487096786"
"1200","0.009422541595995426","0.009422541595995426","0.009422541595995426"
"1201","0.022459784522652626","0.022459784522652626","0.022459784522652626"
"1202","0.005240479484200478","0.005240479484200478","0.005240479484200478"
"1203","0.011443453840911388","0.011443453840911388","0.011443453840911388"
"1205","0.0059099337086081505","0.0059099337086081505","0.0059099337086081505"
"1206","0.013486862182617188","0.013486862182617188","0.013486862182617188"
"1207","0.021996015682816505","0.021996015682816505","0.021996015682816505"
"1208","0.010892294347286224","0.010892294347286224","0.010892294347286224"
"1209","0.014900770038366318","0.014900770038366318","0.014900770038366318"
"1210","0.017367873340845108","0.017367873340845108","0.017367873340845108"
"1211","0.010013701394200325","0.010013701394200325","0.010013701394200325"
"1212","0.011581679806113243","0.011581679806113243","0.011581679806113243"
"1213","0.007978486828505993","0.007978486828505993","0.007978486828505993"
"1214","0.004122826270759106","0.004122826270759106","0.004122826270759106"
"1215","0.008609000593423843","0.008609000593423843","0.008609000593423843"
"1216","0.009463626891374588","0.009463626891374588","0.009463626891374588"
"1217","0.010767231695353985","0.010767231695353985","0.010767231695353985"
"1218","0.008750696666538715","0.008750696666538715","0.008750696666538715"
"1219","0.010659088380634785","0.010659088380634785","0.010659088380634785"
"1220","0.01822596974670887","0.01822596974670887","0.01822596974670887"
"1221","0.005191214848309755","0.005191214848309755","0.005191214848309755"
"1222","0.014414573088288307","0.014414573088288307","0.014414573088288307"
"1223","0.011621909216046333","0.011621909216046333","0.011621909216046333"
"1224","0.009216951206326485","0.009216951206326485","0.009216951206326485"
"1225","0.007239260710775852","0.007239260710775852","0.007239260710775852"
"1226","0.03113854117691517","0.03113854117691517","0.03113854117691517"
"1227","0.021303534507751465","0.021303534507751465","0.021303534507751465"
"1228","0.009209495969116688","0.009209495969116688","0.009209495969116688"
"1229","0.01579500548541546","0.01579500548541546","0.01579500548541546"
"1230","0.0120159313082695","0.0120159313082695","0.0120159313082695"
"1231","0.023424748331308365","0.023424748331308365","0.023424748331308365"
"1232","0.03670882806181908","0.03670882806181908","0.03670882806181908"
"1233","0.022234687581658363","0.022234687581658363","0.022234687581658363"
"1234","0.011841262690722942","0.011841262690722942","0.011841262690722942"
"1235","0.038762230426073074","0.038762230426073074","0.038762230426073074"
"1236","0.011552266776561737","0.011552266776561737","0.011552266776561737"
"1238","0.01086582150310278","0.01086582150310278","0.01086582150310278"
"1239","0.018087243661284447","0.018087243661284447","0.018087243661284447"
"1240","0.02057226374745369","0.02057226374745369","0.02057226374745369"
"1241","0.012708081863820553","0.012708081863820553","0.012708081863820553"
"1242","0.031141098588705063","0.031141098588705063","0.031141098588705063"
"1243","0.023986946791410446","0.023986946791410446","0.023986946791410446"
"1244","0.008792184293270111","0.008792184293270111","0.008792184293270111"
"1245","0.008620270527899265","0.008620270527899265","0.008620270527899265"
"1246","0.004535925108939409","0.004535925108939409","0.004535925108939409"
"1247","0.0044682761654257774","0.0044682761654257774","0.0044682761654257774"
"1248","0.004530687816441059","0.004530687816441059","0.004530687816441059"
"1249","0.012121040374040604","0.012121040374040604","0.012121040374040604"
"1250","0.041011516004800797","0.041011516004800797","0.041011516004800797"
"1251","0.01341849286109209","0.01341849286109209","0.01341849286109209"
"1252","0.008707202039659023","0.008707202039659023","0.008707202039659023"
"1253","0.007532268762588501","0.007532268762588501","0.007532268762588501"
"1254","0.02340196631848812","0.02340196631848812","0.02340196631848812"
"1255","0.011074346490204334","0.011074346490204334","0.011074346490204334"
"1256","0.018345102667808533","0.018345102667808533","0.018345102667808533"
"1257","0.007130930665880442","0.007130930665880442","0.007130930665880442"
"1258","0.022357000038027763","0.022357000038027763","0.022357000038027763"
"1259","0.016656329855322838","0.016656329855322838","0.016656329855322838"
"1260","0.01848912611603737","0.01848912611603737","0.01848912611603737"
"1261","0.01137249544262886","0.01137249544262886","0.01137249544262886"
"1262","0.030048590153455734","0.030048590153455734","0.030048590153455734"
"1263","0.018470730632543564","0.018470730632543564","0.018470730632543564"
"1264","0.011339155025780201","0.011339155025780201","0.011339155025780201"
"1265","0.007685133256018162","0.007685133256018162","0.007685133256018162"
"1266","0.013927491381764412","0.013927491381764412","0.013927491381764412"
"1267","0.0217350572347641","0.0217350572347641","0.0217350572347641"
"1268","0.012888873927295208","0.012888873927295208","0.012888873927295208"
"1269","0.013210213743150234","0.013210213743150234","0.013210213743150234"
"1271","0.007383565418422222","0.007383565418422222","0.007383565418422222"
"1272","0.01085960865020752","0.01085960865020752","0.01085960865020752"
"1273","0.018236637115478516","0.018236637115478516","0.018236637115478516"
"1274","0.010224049910902977","0.010224049910902977","0.010224049910902977"
"1275","0.010995323769748211","0.010995323769748211","0.010995323769748211"
"1276","0.004974750801920891","0.004974750801920891","0.004974750801920891"
"1277","0.008540504612028599","0.008540504612028599","0.008540504612028599"
"1278","0.019802819937467575","0.019802819937467575","0.019802819937467575"
"1279","0.01057959534227848","0.01057959534227848","0.01057959534227848"
"1280","0.007302313111722469","0.007302313111722469","0.007302313111722469"
"1281","0.008744367398321629","0.008744367398321629","0.008744367398321629"
"1282","0.013597509823739529","0.013597509823739529","0.013597509823739529"
"1283","0.008691261522471905","0.008691261522471905","0.008691261522471905"
"1284","0.005399069748818874","0.005399069748818874","0.005399069748818874"
"1285","0.035032834857702255","0.035032834857702255","0.035032834857702255"
"1286","0.016850043088197708","0.016850043088197708","0.016850043088197708"
"1287","0.01046799123287201","0.01046799123287201","0.01046799123287201"
"1288","0.02240503951907158","0.02240503951907158","0.02240503951907158"
"1289","0.010983017273247242","0.010983017273247242","0.010983017273247242"
"1290","0.021803755313158035","0.021803755313158035","0.021803755313158035"
"1291","0.009334717877209187","0.009334717877209187","0.009334717877209187"
"1292","0.020302845165133476","0.020302845165133476","0.020302845165133476"
"1293","0.02055559866130352","0.02055559866130352","0.02055559866130352"
"1294","0.019818315282464027","0.019818315282464027","0.019818315282464027"
"1295","0.009862537495791912","0.009862537495791912","0.009862537495791912"
"1296","0.03602966293692589","0.03602966293692589","0.03602966293692589"
"1297","0.018674077466130257","0.018674077466130257","0.018674077466130257"
"1298","0.011525752022862434","0.011525752022862434","0.011525752022862434"
"1299","0.012299790047109127","0.012299790047109127","0.012299790047109127"
"1300","0.015316659584641457","0.015316659584641457","0.015316659584641457"
"1301","0.028628792613744736","0.028628792613744736","0.028628792613744736"
"1302","0.005027050152420998","0.005027050152420998","0.005027050152420998"
"1304","0.008477762341499329","0.008477762341499329","0.008477762341499329"
"1305","0.011476485058665276","0.011476485058665276","0.011476485058665276"
"1306","0.01014566421508789","0.01014566421508789","0.01014566421508789"
"1307","0.020129796117544174","0.020129796117544174","0.020129796117544174"
"1308","0.0043404181487858295","0.0043404181487858295","0.0043404181487858295"
"1309","0.019866984337568283","0.019866984337568283","0.019866984337568283"
"1310","0.007752479054033756","0.007752479054033756","0.007752479054033756"
"1311","0.016943668946623802","0.016943668946623802","0.016943668946623802"
"1312","0.015597822144627571","0.015597822144627571","0.015597822144627571"
"1313","0.013825757429003716","0.013825757429003716","0.013825757429003716"
"1314","0.011288931593298912","0.011288931593298912","0.011288931593298912"
"1315","0.012504013255238533","0.012504013255238533","0.012504013255238533"
"1316","0.008638272061944008","0.008638272061944008","0.008638272061944008"
"1317","0.010804182849824429","0.010804182849824429","0.010804182849824429"
"1318","0.010060720145702362","0.010060720145702362","0.010060720145702362"
"1319","0.020805850625038147","0.020805850625038147","0.020805850625038147"
"1320","0.013521099463105202","0.013521099463105202","0.013521099463105202"
"1321","0.021548226475715637","0.021548226475715637","0.021548226475715637"
"1322","0.009048806503415108","0.009048806503415108","0.009048806503415108"
"1323","0.010407892987132072","0.010407892987132072","0.010407892987132072"
"1324","0.021478470414876938","0.021478470414876938","0.021478470414876938"
"1325","0.01938759908080101","0.01938759908080101","0.01938759908080101"
"1326","0.019563032314181328","0.019563032314181328","0.019563032314181328"
"1327","0.008637625724077225","0.008637625724077225","0.008637625724077225"
"1328","0.017468776553869247","0.017468776553869247","0.017468776553869247"
"1329","0.019876709207892418","0.019876709207892418","0.019876709207892418"
"1330","0.009552356787025928","0.009552356787025928","0.009552356787025928"
"1331","0.030248641967773438","0.030248641967773438","0.030248641967773438"
"1332","0.03651601821184158","0.03651601821184158","0.03651601821184158"
"1333","0.009450034238398075","0.009450034238398075","0.009450034238398075"
"1334","0.015467383898794651","0.015467383898794651","0.015467383898794651"
"1335","0.01427412685006857","0.01427412685006857","0.01427412685006857"
"1337","0.010620460845530033","0.010620460845530033","0.010620460845530033"
"1338","0.06884294748306274","0.06884294748306274","0.06884294748306274"
"1339","0.00961531512439251","0.00961531512439251","0.00961531512439251"
"1340","0.012490006163716316","0.012490006163716316","0.012490006163716316"
"1341","0.028931492939591408","0.028931492939591408","0.028931492939591408"