"Step","gallant-spaceship-199 - test/psnr_scat","gallant-spaceship-199 - test/psnr_scat__MIN","gallant-spaceship-199 - test/psnr_scat__MAX"
"0","35.86882019042969","35.86882019042969","35.86882019042969"
"1","42.38088607788086","42.38088607788086","42.38088607788086"
"2","48.110191345214844","48.110191345214844","48.110191345214844"
"3","38.15323257446289","38.15323257446289","38.15323257446289"
"4","41.258548736572266","41.258548736572266","41.258548736572266"
"5","42.96284103393555","42.96284103393555","42.96284103393555"
"6","35.97306442260742","35.97306442260742","35.97306442260742"
"7","31.292808532714844","31.292808532714844","31.292808532714844"
"8","41.057132720947266","41.057132720947266","41.057132720947266"
"9","41.42243194580078","41.42243194580078","41.42243194580078"
"10","36.40360641479492","36.40360641479492","36.40360641479492"
"11","44.223907470703125","44.223907470703125","44.223907470703125"
"12","38.69134521484375","38.69134521484375","38.69134521484375"
"13","39.369720458984375","39.369720458984375","39.369720458984375"
"14","35.338417053222656","35.338417053222656","35.338417053222656"
"15","32.0487060546875","32.0487060546875","32.0487060546875"
"17","38.95029830932617","38.95029830932617","38.95029830932617"
"18","38.48051452636719","38.48051452636719","38.48051452636719"
"19","38.99333953857422","38.99333953857422","38.99333953857422"
"20","37.809261322021484","37.809261322021484","37.809261322021484"
"21","34.670230865478516","34.670230865478516","34.670230865478516"
"22","33.63922119140625","33.63922119140625","33.63922119140625"
"23","45.82228469848633","45.82228469848633","45.82228469848633"
"24","39.16885757446289","39.16885757446289","39.16885757446289"
"25","38.392459869384766","38.392459869384766","38.392459869384766"
"26","35.48228454589844","35.48228454589844","35.48228454589844"
"27","44.83372116088867","44.83372116088867","44.83372116088867"
"28","30.372554779052734","30.372554779052734","30.372554779052734"
"29","33.326805114746094","33.326805114746094","33.326805114746094"
"30","31.159528732299805","31.159528732299805","31.159528732299805"
"31","34.21723175048828","34.21723175048828","34.21723175048828"
"32","32.670963287353516","32.670963287353516","32.670963287353516"
"33","39.64024353027344","39.64024353027344","39.64024353027344"
"34","39.95954895019531","39.95954895019531","39.95954895019531"
"35","29.83541488647461","29.83541488647461","29.83541488647461"
"36","39.514122009277344","39.514122009277344","39.514122009277344"
"37","44.180755615234375","44.180755615234375","44.180755615234375"
"38","43.46926498413086","43.46926498413086","43.46926498413086"
"39","37.914283752441406","37.914283752441406","37.914283752441406"
"40","41.72307586669922","41.72307586669922","41.72307586669922"
"41","39.82624816894531","39.82624816894531","39.82624816894531"
"42","35.17644119262695","35.17644119262695","35.17644119262695"
"43","39.25246047973633","39.25246047973633","39.25246047973633"
"44","35.764610290527344","35.764610290527344","35.764610290527344"
"45","46.84452438354492","46.84452438354492","46.84452438354492"
"46","48.10613250732422","48.10613250732422","48.10613250732422"
"47","38.22832107543945","38.22832107543945","38.22832107543945"
"48","47.823429107666016","47.823429107666016","47.823429107666016"
"50","41.14661407470703","41.14661407470703","41.14661407470703"
"51","37.70941925048828","37.70941925048828","37.70941925048828"
"52","39.628700256347656","39.628700256347656","39.628700256347656"
"53","43.404903411865234","43.404903411865234","43.404903411865234"
"54","39.093162536621094","39.093162536621094","39.093162536621094"
"55","39.32698440551758","39.32698440551758","39.32698440551758"
"56","47.35139846801758","47.35139846801758","47.35139846801758"
"57","39.59503936767578","39.59503936767578","39.59503936767578"
"58","38.397117614746094","38.397117614746094","38.397117614746094"
"59","34.623085021972656","34.623085021972656","34.623085021972656"
"60","38.19436264038086","38.19436264038086","38.19436264038086"
"61","31.476577758789062","31.476577758789062","31.476577758789062"
"62","34.46967697143555","34.46967697143555","34.46967697143555"
"63","48.02253341674805","48.02253341674805","48.02253341674805"
"64","45.264705657958984","45.264705657958984","45.264705657958984"
"65","36.232032775878906","36.232032775878906","36.232032775878906"
"66","42.273738861083984","42.273738861083984","42.273738861083984"
"67","39.48420715332031","39.48420715332031","39.48420715332031"
"68","40.65487289428711","40.65487289428711","40.65487289428711"
"69","37.680110931396484","37.680110931396484","37.680110931396484"
"70","40.03474426269531","40.03474426269531","40.03474426269531"
"71","41.62092590332031","41.62092590332031","41.62092590332031"
"72","37.610740661621094","37.610740661621094","37.610740661621094"
"73","47.8448371887207","47.8448371887207","47.8448371887207"
"74","36.89723587036133","36.89723587036133","36.89723587036133"
"75","39.8751106262207","39.8751106262207","39.8751106262207"
"76","43.38246536254883","43.38246536254883","43.38246536254883"
"77","45.78573989868164","45.78573989868164","45.78573989868164"
"78","39.2664909362793","39.2664909362793","39.2664909362793"
"79","27.153484344482422","27.153484344482422","27.153484344482422"
"80","41.624088287353516","41.624088287353516","41.624088287353516"
"81","39.45155715942383","39.45155715942383","39.45155715942383"
"83","37.57561111450195","37.57561111450195","37.57561111450195"
"84","39.29301452636719","39.29301452636719","39.29301452636719"
"85","31.222124099731445","31.222124099731445","31.222124099731445"
"86","38.01633834838867","38.01633834838867","38.01633834838867"
"87","34.659706115722656","34.659706115722656","34.659706115722656"
"88","39.42988586425781","39.42988586425781","39.42988586425781"
"89","39.09623718261719","39.09623718261719","39.09623718261719"
"90","38.93317413330078","38.93317413330078","38.93317413330078"
"91","39.44223403930664","39.44223403930664","39.44223403930664"
"92","37.14284133911133","37.14284133911133","37.14284133911133"
"93","36.269081115722656","36.269081115722656","36.269081115722656"
"94","44.56679916381836","44.56679916381836","44.56679916381836"
"95","39.03396987915039","39.03396987915039","39.03396987915039"
"96","41.56067657470703","41.56067657470703","41.56067657470703"
"97","41.50780487060547","41.50780487060547","41.50780487060547"
"98","39.407691955566406","39.407691955566406","39.407691955566406"
"99","37.99490737915039","37.99490737915039","37.99490737915039"
"100","38.62722396850586","38.62722396850586","38.62722396850586"
"101","38.7127685546875","38.7127685546875","38.7127685546875"
"102","41.02647018432617","41.02647018432617","41.02647018432617"
"103","44.1451530456543","44.1451530456543","44.1451530456543"
"104","41.257972717285156","41.257972717285156","41.257972717285156"
"105","36.3220100402832","36.3220100402832","36.3220100402832"
"106","41.400150299072266","41.400150299072266","41.400150299072266"
"107","29.30884552001953","29.30884552001953","29.30884552001953"
"108","35.1676139831543","35.1676139831543","35.1676139831543"
"109","40.08342742919922","40.08342742919922","40.08342742919922"
"110","48.027626037597656","48.027626037597656","48.027626037597656"
"111","32.296714782714844","32.296714782714844","32.296714782714844"
"112","41.84525680541992","41.84525680541992","41.84525680541992"
"113","27.89982032775879","27.89982032775879","27.89982032775879"
"114","36.972103118896484","36.972103118896484","36.972103118896484"
"116","45.04138946533203","45.04138946533203","45.04138946533203"
"117","39.278465270996094","39.278465270996094","39.278465270996094"
"118","34.80537033081055","34.80537033081055","34.80537033081055"
"119","40.34823226928711","40.34823226928711","40.34823226928711"
"120","46.92256546020508","46.92256546020508","46.92256546020508"
"121","39.071041107177734","39.071041107177734","39.071041107177734"
"122","38.22612762451172","38.22612762451172","38.22612762451172"
"123","34.60184860229492","34.60184860229492","34.60184860229492"
"124","37.65000915527344","37.65000915527344","37.65000915527344"
"125","27.472875595092773","27.472875595092773","27.472875595092773"
"126","34.036258697509766","34.036258697509766","34.036258697509766"
"127","35.33869171142578","35.33869171142578","35.33869171142578"
"128","40.04489517211914","40.04489517211914","40.04489517211914"
"129","35.91899108886719","35.91899108886719","35.91899108886719"
"130","39.08745574951172","39.08745574951172","39.08745574951172"
"131","44.09364318847656","44.09364318847656","44.09364318847656"
"132","44.220855712890625","44.220855712890625","44.220855712890625"
"133","39.04826736450195","39.04826736450195","39.04826736450195"
"134","43.92455291748047","43.92455291748047","43.92455291748047"
"135","37.726985931396484","37.726985931396484","37.726985931396484"
"136","32.846954345703125","32.846954345703125","32.846954345703125"
"137","40.85106658935547","40.85106658935547","40.85106658935547"
"138","46.37500762939453","46.37500762939453","46.37500762939453"
"139","47.79194259643555","47.79194259643555","47.79194259643555"
"140","40.57666778564453","40.57666778564453","40.57666778564453"
"141","40.47908020019531","40.47908020019531","40.47908020019531"
"142","41.597015380859375","41.597015380859375","41.597015380859375"
"143","34.45741653442383","34.45741653442383","34.45741653442383"
"144","39.56498336791992","39.56498336791992","39.56498336791992"
"145","45.04166030883789","45.04166030883789","45.04166030883789"
"146","30.01902961730957","30.01902961730957","30.01902961730957"
"147","41.351036071777344","41.351036071777344","41.351036071777344"
"149","39.16532516479492","39.16532516479492","39.16532516479492"
"150","35.86826705932617","35.86826705932617","35.86826705932617"
"151","39.0894889831543","39.0894889831543","39.0894889831543"
"152","39.618350982666016","39.618350982666016","39.618350982666016"
"153","44.75442123413086","44.75442123413086","44.75442123413086"
"154","28.59625244140625","28.59625244140625","28.59625244140625"
"155","42.06698989868164","42.06698989868164","42.06698989868164"
"156","41.30809020996094","41.30809020996094","41.30809020996094"
"157","39.934730529785156","39.934730529785156","39.934730529785156"
"158","39.8648567199707","39.8648567199707","39.8648567199707"
"159","30.893863677978516","30.893863677978516","30.893863677978516"
"160","35.990875244140625","35.990875244140625","35.990875244140625"
"161","41.82086181640625","41.82086181640625","41.82086181640625"
"162","36.07278823852539","36.07278823852539","36.07278823852539"
"163","35.698001861572266","35.698001861572266","35.698001861572266"
"164","34.79572296142578","34.79572296142578","34.79572296142578"
"165","48.02016067504883","48.02016067504883","48.02016067504883"
"166","38.923519134521484","38.923519134521484","38.923519134521484"
"167","37.218109130859375","37.218109130859375","37.218109130859375"
"168","35.51846694946289","35.51846694946289","35.51846694946289"
"169","41.73690414428711","41.73690414428711","41.73690414428711"
"170","30.020605087280273","30.020605087280273","30.020605087280273"
"171","38.47911071777344","38.47911071777344","38.47911071777344"
"172","34.691810607910156","34.691810607910156","34.691810607910156"
"173","39.52400588989258","39.52400588989258","39.52400588989258"
"174","38.61440658569336","38.61440658569336","38.61440658569336"
"175","39.55624008178711","39.55624008178711","39.55624008178711"
"176","39.791358947753906","39.791358947753906","39.791358947753906"
"177","39.09149932861328","39.09149932861328","39.09149932861328"
"178","36.96253967285156","36.96253967285156","36.96253967285156"
"179","29.165267944335938","29.165267944335938","29.165267944335938"
"180","47.111839294433594","47.111839294433594","47.111839294433594"
"182","40.82579040527344","40.82579040527344","40.82579040527344"
"183","37.74848556518555","37.74848556518555","37.74848556518555"
"184","40.363685607910156","40.363685607910156","40.363685607910156"
"185","28.955493927001953","28.955493927001953","28.955493927001953"
"186","38.4371223449707","38.4371223449707","38.4371223449707"
"187","36.61597442626953","36.61597442626953","36.61597442626953"
"188","38.15122985839844","38.15122985839844","38.15122985839844"
"189","41.736114501953125","41.736114501953125","41.736114501953125"
"190","33.652896881103516","33.652896881103516","33.652896881103516"
"191","39.3634033203125","39.3634033203125","39.3634033203125"
"192","44.498165130615234","44.498165130615234","44.498165130615234"
"193","37.9176025390625","37.9176025390625","37.9176025390625"
"194","39.68617630004883","39.68617630004883","39.68617630004883"
"195","35.415992736816406","35.415992736816406","35.415992736816406"
"196","31.8502140045166","31.8502140045166","31.8502140045166"
"197","38.15184783935547","38.15184783935547","38.15184783935547"
"198","33.546932220458984","33.546932220458984","33.546932220458984"
"199","38.17824935913086","38.17824935913086","38.17824935913086"
"200","40.252376556396484","40.252376556396484","40.252376556396484"
"201","39.73460006713867","39.73460006713867","39.73460006713867"
"202","36.69081497192383","36.69081497192383","36.69081497192383"
"203","38.49571990966797","38.49571990966797","38.49571990966797"
"204","39.91600036621094","39.91600036621094","39.91600036621094"
"205","39.45485305786133","39.45485305786133","39.45485305786133"
"206","41.83446502685547","41.83446502685547","41.83446502685547"
"207","44.18886947631836","44.18886947631836","44.18886947631836"
"208","36.64503479003906","36.64503479003906","36.64503479003906"
"209","37.2602653503418","37.2602653503418","37.2602653503418"
"210","40.24528884887695","40.24528884887695","40.24528884887695"
"211","38.372711181640625","38.372711181640625","38.372711181640625"
"212","33.41156768798828","33.41156768798828","33.41156768798828"
"213","39.6519660949707","39.6519660949707","39.6519660949707"
"215","39.1733512878418","39.1733512878418","39.1733512878418"
"216","40.5760383605957","40.5760383605957","40.5760383605957"
"217","39.84954833984375","39.84954833984375","39.84954833984375"
"218","37.9141731262207","37.9141731262207","37.9141731262207"
"219","41.90669250488281","41.90669250488281","41.90669250488281"
"220","41.77615737915039","41.77615737915039","41.77615737915039"
"221","39.22289276123047","39.22289276123047","39.22289276123047"
"222","35.268943786621094","35.268943786621094","35.268943786621094"
"223","38.785888671875","38.785888671875","38.785888671875"
"224","38.01691436767578","38.01691436767578","38.01691436767578"
"225","36.55379104614258","36.55379104614258","36.55379104614258"
"226","35.17507553100586","35.17507553100586","35.17507553100586"
"227","46.15196990966797","46.15196990966797","46.15196990966797"
"228","33.35292053222656","33.35292053222656","33.35292053222656"
"229","38.60287857055664","38.60287857055664","38.60287857055664"
"230","36.96434020996094","36.96434020996094","36.96434020996094"
"231","45.790985107421875","45.790985107421875","45.790985107421875"
"232","34.55088806152344","34.55088806152344","34.55088806152344"
"233","38.95417404174805","38.95417404174805","38.95417404174805"
"234","34.2430305480957","34.2430305480957","34.2430305480957"
"235","40.692466735839844","40.692466735839844","40.692466735839844"
"236","39.45310974121094","39.45310974121094","39.45310974121094"
"237","40.889244079589844","40.889244079589844","40.889244079589844"
"238","41.71786117553711","41.71786117553711","41.71786117553711"
"239","46.730159759521484","46.730159759521484","46.730159759521484"
"240","46.125919342041016","46.125919342041016","46.125919342041016"
"241","38.49385452270508","38.49385452270508","38.49385452270508"
"242","38.55184555053711","38.55184555053711","38.55184555053711"
"243","33.6616325378418","33.6616325378418","33.6616325378418"
"244","37.91178512573242","37.91178512573242","37.91178512573242"
"245","39.06244659423828","39.06244659423828","39.06244659423828"
"246","37.8801155090332","37.8801155090332","37.8801155090332"
"248","39.09194564819336","39.09194564819336","39.09194564819336"
"249","44.393882751464844","44.393882751464844","44.393882751464844"
"250","41.20066452026367","41.20066452026367","41.20066452026367"
"251","31.635034561157227","31.635034561157227","31.635034561157227"
"252","44.66668701171875","44.66668701171875","44.66668701171875"
"253","39.524166107177734","39.524166107177734","39.524166107177734"
"254","33.846412658691406","33.846412658691406","33.846412658691406"
"255","42.00809860229492","42.00809860229492","42.00809860229492"
"256","39.558292388916016","39.558292388916016","39.558292388916016"
"257","33.3022575378418","33.3022575378418","33.3022575378418"
"258","38.666709899902344","38.666709899902344","38.666709899902344"
"259","34.80265808105469","34.80265808105469","34.80265808105469"
"260","37.297760009765625","37.297760009765625","37.297760009765625"
"261","37.66090774536133","37.66090774536133","37.66090774536133"
"262","45.55989074707031","45.55989074707031","45.55989074707031"
"263","38.43163299560547","38.43163299560547","38.43163299560547"
"264","31.563840866088867","31.563840866088867","31.563840866088867"
"265","39.20463943481445","39.20463943481445","39.20463943481445"
"266","37.78661346435547","37.78661346435547","37.78661346435547"
"267","39.6195068359375","39.6195068359375","39.6195068359375"
"268","37.24890899658203","37.24890899658203","37.24890899658203"
"269","38.45016098022461","38.45016098022461","38.45016098022461"
"270","35.359588623046875","35.359588623046875","35.359588623046875"
"271","30.88420295715332","30.88420295715332","30.88420295715332"
"272","40.25556182861328","40.25556182861328","40.25556182861328"
"273","40.75372314453125","40.75372314453125","40.75372314453125"
"274","42.89713668823242","42.89713668823242","42.89713668823242"
"275","27.663808822631836","27.663808822631836","27.663808822631836"
"276","38.10445785522461","38.10445785522461","38.10445785522461"
"277","35.93295669555664","35.93295669555664","35.93295669555664"
"278","41.48573303222656","41.48573303222656","41.48573303222656"
"279","40.134803771972656","40.134803771972656","40.134803771972656"
"281","38.73429870605469","38.73429870605469","38.73429870605469"
"282","36.337764739990234","36.337764739990234","36.337764739990234"
"283","47.73617935180664","47.73617935180664","47.73617935180664"
"284","38.54448699951172","38.54448699951172","38.54448699951172"
"285","39.520687103271484","39.520687103271484","39.520687103271484"
"286","37.186729431152344","37.186729431152344","37.186729431152344"
"287","34.330177307128906","34.330177307128906","34.330177307128906"
"288","41.297183990478516","41.297183990478516","41.297183990478516"
"289","39.73527526855469","39.73527526855469","39.73527526855469"
"290","40.54123306274414","40.54123306274414","40.54123306274414"
"291","38.619232177734375","38.619232177734375","38.619232177734375"
"292","37.86733627319336","37.86733627319336","37.86733627319336"
"293","37.27726745605469","37.27726745605469","37.27726745605469"
"294","38.71216583251953","38.71216583251953","38.71216583251953"
"295","40.622413635253906","40.622413635253906","40.622413635253906"
"296","37.51727294921875","37.51727294921875","37.51727294921875"
"297","38.504703521728516","38.504703521728516","38.504703521728516"
"298","35.16746139526367","35.16746139526367","35.16746139526367"
"299","38.52521514892578","38.52521514892578","38.52521514892578"
"300","38.70742416381836","38.70742416381836","38.70742416381836"
"301","39.85744857788086","39.85744857788086","39.85744857788086"
"302","39.661102294921875","39.661102294921875","39.661102294921875"
"303","34.45616912841797","34.45616912841797","34.45616912841797"
"304","39.06037139892578","39.06037139892578","39.06037139892578"
"305","37.8989143371582","37.8989143371582","37.8989143371582"
"306","40.86972427368164","40.86972427368164","40.86972427368164"
"307","32.0240592956543","32.0240592956543","32.0240592956543"
"308","38.959476470947266","38.959476470947266","38.959476470947266"
"309","38.777496337890625","38.777496337890625","38.777496337890625"
"310","35.109649658203125","35.109649658203125","35.109649658203125"
"311","39.989139556884766","39.989139556884766","39.989139556884766"
"312","38.448509216308594","38.448509216308594","38.448509216308594"
"314","40.469825744628906","40.469825744628906","40.469825744628906"
"315","42.93387985229492","42.93387985229492","42.93387985229492"
"316","30.12510108947754","30.12510108947754","30.12510108947754"
"317","42.40283966064453","42.40283966064453","42.40283966064453"
"318","40.332950592041016","40.332950592041016","40.332950592041016"
"319","32.76615524291992","32.76615524291992","32.76615524291992"
"320","38.67647171020508","38.67647171020508","38.67647171020508"
"321","38.428489685058594","38.428489685058594","38.428489685058594"
"322","47.53242111206055","47.53242111206055","47.53242111206055"
"323","39.212371826171875","39.212371826171875","39.212371826171875"
"324","37.599735260009766","37.599735260009766","37.599735260009766"
"325","35.86489486694336","35.86489486694336","35.86489486694336"
"326","41.0329704284668","41.0329704284668","41.0329704284668"
"327","38.80562973022461","38.80562973022461","38.80562973022461"
"328","30.8253116607666","30.8253116607666","30.8253116607666"
"329","36.06949234008789","36.06949234008789","36.06949234008789"
"330","38.599822998046875","38.599822998046875","38.599822998046875"
"331","37.069358825683594","37.069358825683594","37.069358825683594"
"332","42.270389556884766","42.270389556884766","42.270389556884766"
"333","40.92963790893555","40.92963790893555","40.92963790893555"
"334","47.47503662109375","47.47503662109375","47.47503662109375"
"335","38.27745056152344","38.27745056152344","38.27745056152344"
"336","37.935611724853516","37.935611724853516","37.935611724853516"
"337","37.028812408447266","37.028812408447266","37.028812408447266"
"338","42.276466369628906","42.276466369628906","42.276466369628906"
"339","38.41164779663086","38.41164779663086","38.41164779663086"
"340","34.45355224609375","34.45355224609375","34.45355224609375"
"341","40.813777923583984","40.813777923583984","40.813777923583984"
"342","39.03001403808594","39.03001403808594","39.03001403808594"
"343","37.59272766113281","37.59272766113281","37.59272766113281"
"344","46.103397369384766","46.103397369384766","46.103397369384766"
"345","36.66284942626953","36.66284942626953","36.66284942626953"
"347","35.105186462402344","35.105186462402344","35.105186462402344"
"348","30.751380920410156","30.751380920410156","30.751380920410156"
"349","36.08344268798828","36.08344268798828","36.08344268798828"
"350","39.431034088134766","39.431034088134766","39.431034088134766"
"351","46.049381256103516","46.049381256103516","46.049381256103516"
"352","46.35005187988281","46.35005187988281","46.35005187988281"
"353","38.35390853881836","38.35390853881836","38.35390853881836"
"354","38.98029708862305","38.98029708862305","38.98029708862305"
"355","30.546857833862305","30.546857833862305","30.546857833862305"
"356","39.02119064331055","39.02119064331055","39.02119064331055"
"357","41.9815788269043","41.9815788269043","41.9815788269043"
"358","35.82497024536133","35.82497024536133","35.82497024536133"
"359","38.63461685180664","38.63461685180664","38.63461685180664"
"360","37.41482162475586","37.41482162475586","37.41482162475586"
"361","42.44275665283203","42.44275665283203","42.44275665283203"
"362","40.76122283935547","40.76122283935547","40.76122283935547"
"363","39.18547058105469","39.18547058105469","39.18547058105469"
"364","35.506019592285156","35.506019592285156","35.506019592285156"
"365","34.054874420166016","34.054874420166016","34.054874420166016"
"366","42.43960952758789","42.43960952758789","42.43960952758789"
"367","37.66683578491211","37.66683578491211","37.66683578491211"
"368","40.476280212402344","40.476280212402344","40.476280212402344"
"369","39.51339340209961","39.51339340209961","39.51339340209961"
"370","38.76401138305664","38.76401138305664","38.76401138305664"
"371","31.535444259643555","31.535444259643555","31.535444259643555"
"372","45.46047592163086","45.46047592163086","45.46047592163086"
"373","37.269737243652344","37.269737243652344","37.269737243652344"
"374","35.96405029296875","35.96405029296875","35.96405029296875"
"375","47.801673889160156","47.801673889160156","47.801673889160156"
"376","33.21103286743164","33.21103286743164","33.21103286743164"
"377","39.378902435302734","39.378902435302734","39.378902435302734"
"378","42.6840705871582","42.6840705871582","42.6840705871582"
"380","43.435359954833984","43.435359954833984","43.435359954833984"
"381","46.315956115722656","46.315956115722656","46.315956115722656"
"382","32.02679443359375","32.02679443359375","32.02679443359375"
"383","43.603302001953125","43.603302001953125","43.603302001953125"
"384","42.37078094482422","42.37078094482422","42.37078094482422"
"385","42.72026062011719","42.72026062011719","42.72026062011719"
"386","31.789535522460938","31.789535522460938","31.789535522460938"
"387","36.5787239074707","36.5787239074707","36.5787239074707"
"388","36.1568717956543","36.1568717956543","36.1568717956543"
"389","33.81764602661133","33.81764602661133","33.81764602661133"
"390","28.580495834350586","28.580495834350586","28.580495834350586"
"391","43.24592971801758","43.24592971801758","43.24592971801758"
"392","47.66669845581055","47.66669845581055","47.66669845581055"
"393","38.50827407836914","38.50827407836914","38.50827407836914"
"394","38.478614807128906","38.478614807128906","38.478614807128906"
"395","37.523704528808594","37.523704528808594","37.523704528808594"
"396","42.13520431518555","42.13520431518555","42.13520431518555"
"397","38.749088287353516","38.749088287353516","38.749088287353516"
"398","39.619972229003906","39.619972229003906","39.619972229003906"
"399","41.167083740234375","41.167083740234375","41.167083740234375"
"400","39.75750732421875","39.75750732421875","39.75750732421875"
"401","40.26372528076172","40.26372528076172","40.26372528076172"
"402","47.34096145629883","47.34096145629883","47.34096145629883"
"403","38.405860900878906","38.405860900878906","38.405860900878906"
"404","39.32579040527344","39.32579040527344","39.32579040527344"
"405","40.589149475097656","40.589149475097656","40.589149475097656"
"406","35.58905029296875","35.58905029296875","35.58905029296875"
"407","39.39542007446289","39.39542007446289","39.39542007446289"
"408","39.16558074951172","39.16558074951172","39.16558074951172"
"409","36.105865478515625","36.105865478515625","36.105865478515625"
"410","42.71637725830078","42.71637725830078","42.71637725830078"
"411","45.75984573364258","45.75984573364258","45.75984573364258"
"413","44.29570007324219","44.29570007324219","44.29570007324219"
"414","38.92101287841797","38.92101287841797","38.92101287841797"
"415","38.802947998046875","38.802947998046875","38.802947998046875"
"416","39.01277160644531","39.01277160644531","39.01277160644531"
"417","43.19956588745117","43.19956588745117","43.19956588745117"
"418","39.82904815673828","39.82904815673828","39.82904815673828"
"419","38.07996368408203","38.07996368408203","38.07996368408203"
"420","33.070892333984375","33.070892333984375","33.070892333984375"
"421","35.419578552246094","35.419578552246094","35.419578552246094"
"422","38.75650405883789","38.75650405883789","38.75650405883789"
"423","42.53940963745117","42.53940963745117","42.53940963745117"
"424","31.270017623901367","31.270017623901367","31.270017623901367"
"425","47.11762237548828","47.11762237548828","47.11762237548828"
"426","40.25349807739258","40.25349807739258","40.25349807739258"
"427","46.8709716796875","46.8709716796875","46.8709716796875"
"428","47.085304260253906","47.085304260253906","47.085304260253906"
"429","37.87763595581055","37.87763595581055","37.87763595581055"
"430","38.040382385253906","38.040382385253906","38.040382385253906"
"431","38.450164794921875","38.450164794921875","38.450164794921875"
"432","38.4253044128418","38.4253044128418","38.4253044128418"
"433","38.478309631347656","38.478309631347656","38.478309631347656"
"434","35.20066833496094","35.20066833496094","35.20066833496094"
"435","38.773868560791016","38.773868560791016","38.773868560791016"
"436","38.77729034423828","38.77729034423828","38.77729034423828"
"437","42.733211517333984","42.733211517333984","42.733211517333984"
"438","42.85613250732422","42.85613250732422","42.85613250732422"
"439","36.42282485961914","36.42282485961914","36.42282485961914"
"440","41.721435546875","41.721435546875","41.721435546875"
"441","36.95433044433594","36.95433044433594","36.95433044433594"
"442","39.4714469909668","39.4714469909668","39.4714469909668"
"443","44.1246337890625","44.1246337890625","44.1246337890625"
"444","39.496517181396484","39.496517181396484","39.496517181396484"
"446","36.813636779785156","36.813636779785156","36.813636779785156"
"447","41.305267333984375","41.305267333984375","41.305267333984375"
"448","43.55547332763672","43.55547332763672","43.55547332763672"
"449","37.244014739990234","37.244014739990234","37.244014739990234"
"450","38.880367279052734","38.880367279052734","38.880367279052734"
"451","41.337501525878906","41.337501525878906","41.337501525878906"
"452","45.825401306152344","45.825401306152344","45.825401306152344"
"453","42.52714157104492","42.52714157104492","42.52714157104492"
"454","34.047645568847656","34.047645568847656","34.047645568847656"
"455","35.31049346923828","35.31049346923828","35.31049346923828"
"456","40.89581298828125","40.89581298828125","40.89581298828125"
"457","38.21457290649414","38.21457290649414","38.21457290649414"
"458","37.923805236816406","37.923805236816406","37.923805236816406"
"459","46.256072998046875","46.256072998046875","46.256072998046875"
"460","38.704078674316406","38.704078674316406","38.704078674316406"
"461","32.9587287902832","32.9587287902832","32.9587287902832"
"462","34.357505798339844","34.357505798339844","34.357505798339844"
"463","41.04641342163086","41.04641342163086","41.04641342163086"
"464","38.33930587768555","38.33930587768555","38.33930587768555"
"465","38.21990966796875","38.21990966796875","38.21990966796875"
"466","38.50953674316406","38.50953674316406","38.50953674316406"
"467","37.640872955322266","37.640872955322266","37.640872955322266"
"468","35.28818130493164","35.28818130493164","35.28818130493164"
"469","37.29506301879883","37.29506301879883","37.29506301879883"
"470","42.056880950927734","42.056880950927734","42.056880950927734"
"471","36.30910110473633","36.30910110473633","36.30910110473633"
"472","40.29943084716797","40.29943084716797","40.29943084716797"
"473","33.76084899902344","33.76084899902344","33.76084899902344"
"474","44.663360595703125","44.663360595703125","44.663360595703125"
"475","44.47743606567383","44.47743606567383","44.47743606567383"
"476","37.01366424560547","37.01366424560547","37.01366424560547"
"477","41.54586410522461","41.54586410522461","41.54586410522461"
"479","46.74068069458008","46.74068069458008","46.74068069458008"
"480","38.70589828491211","38.70589828491211","38.70589828491211"
"481","34.6728401184082","34.6728401184082","34.6728401184082"
"482","47.23411560058594","47.23411560058594","47.23411560058594"
"483","47.4617919921875","47.4617919921875","47.4617919921875"
"484","33.969425201416016","33.969425201416016","33.969425201416016"
"485","40.79304885864258","40.79304885864258","40.79304885864258"
"486","39.75008773803711","39.75008773803711","39.75008773803711"
"487","32.23894119262695","32.23894119262695","32.23894119262695"
"488","37.51253128051758","37.51253128051758","37.51253128051758"
"489","40.33028030395508","40.33028030395508","40.33028030395508"
"490","35.9954833984375","35.9954833984375","35.9954833984375"
"491","31.899099349975586","31.899099349975586","31.899099349975586"
"492","44.62826919555664","44.62826919555664","44.62826919555664"
"493","33.45111846923828","33.45111846923828","33.45111846923828"
"494","39.42243957519531","39.42243957519531","39.42243957519531"
"495","38.22596740722656","38.22596740722656","38.22596740722656"
"496","39.92368698120117","39.92368698120117","39.92368698120117"
"497","29.967918395996094","29.967918395996094","29.967918395996094"
"498","43.387786865234375","43.387786865234375","43.387786865234375"
"499","47.01279067993164","47.01279067993164","47.01279067993164"
"500","39.177825927734375","39.177825927734375","39.177825927734375"
"501","35.555084228515625","35.555084228515625","35.555084228515625"
"502","36.53715896606445","36.53715896606445","36.53715896606445"
"503","39.59475326538086","39.59475326538086","39.59475326538086"
"504","43.03523635864258","43.03523635864258","43.03523635864258"
"505","45.306800842285156","45.306800842285156","45.306800842285156"
"506","29.48885726928711","29.48885726928711","29.48885726928711"
"507","37.62962341308594","37.62962341308594","37.62962341308594"
"508","39.400489807128906","39.400489807128906","39.400489807128906"
"509","41.21095275878906","41.21095275878906","41.21095275878906"
"510","34.716827392578125","34.716827392578125","34.716827392578125"
"512","32.58635330200195","32.58635330200195","32.58635330200195"
"513","32.181678771972656","32.181678771972656","32.181678771972656"
"514","40.796146392822266","40.796146392822266","40.796146392822266"
"515","37.91671371459961","37.91671371459961","37.91671371459961"
"516","36.25336456298828","36.25336456298828","36.25336456298828"
"517","35.50003433227539","35.50003433227539","35.50003433227539"
"518","36.19615173339844","36.19615173339844","36.19615173339844"
"519","39.399696350097656","39.399696350097656","39.399696350097656"
"520","37.537574768066406","37.537574768066406","37.537574768066406"
"521","39.21616744995117","39.21616744995117","39.21616744995117"
"522","37.10258483886719","37.10258483886719","37.10258483886719"
"523","37.651912689208984","37.651912689208984","37.651912689208984"
"524","39.269126892089844","39.269126892089844","39.269126892089844"
"525","40.99440383911133","40.99440383911133","40.99440383911133"
"526","39.29651641845703","39.29651641845703","39.29651641845703"
"527","38.947261810302734","38.947261810302734","38.947261810302734"
"528","39.06070327758789","39.06070327758789","39.06070327758789"
"529","45.8326416015625","45.8326416015625","45.8326416015625"
"530","36.1540641784668","36.1540641784668","36.1540641784668"
"531","36.425052642822266","36.425052642822266","36.425052642822266"
"532","35.29506301879883","35.29506301879883","35.29506301879883"
"533","38.76873779296875","38.76873779296875","38.76873779296875"
"534","39.29727554321289","39.29727554321289","39.29727554321289"
"535","42.9885368347168","42.9885368347168","42.9885368347168"
"536","37.53364944458008","37.53364944458008","37.53364944458008"
"537","35.67560958862305","35.67560958862305","35.67560958862305"
"538","37.87710189819336","37.87710189819336","37.87710189819336"
"539","41.2487678527832","41.2487678527832","41.2487678527832"
"540","46.652931213378906","46.652931213378906","46.652931213378906"
"541","32.61063766479492","32.61063766479492","32.61063766479492"
"542","47.63267517089844","47.63267517089844","47.63267517089844"
"543","47.594547271728516","47.594547271728516","47.594547271728516"
"545","37.81627655029297","37.81627655029297","37.81627655029297"
"546","39.52742004394531","39.52742004394531","39.52742004394531"
"547","39.558692932128906","39.558692932128906","39.558692932128906"
"548","38.476478576660156","38.476478576660156","38.476478576660156"
"549","36.20756149291992","36.20756149291992","36.20756149291992"
"550","38.21243667602539","38.21243667602539","38.21243667602539"
"551","40.83951187133789","40.83951187133789","40.83951187133789"
"552","38.19458770751953","38.19458770751953","38.19458770751953"
"553","33.61910629272461","33.61910629272461","33.61910629272461"
"554","48.01894760131836","48.01894760131836","48.01894760131836"
"555","41.05738830566406","41.05738830566406","41.05738830566406"
"556","39.79762268066406","39.79762268066406","39.79762268066406"
"557","41.03403091430664","41.03403091430664","41.03403091430664"
"558","38.20679473876953","38.20679473876953","38.20679473876953"
"559","38.66368103027344","38.66368103027344","38.66368103027344"
"560","37.74092102050781","37.74092102050781","37.74092102050781"
"561","37.871253967285156","37.871253967285156","37.871253967285156"
"562","47.85926818847656","47.85926818847656","47.85926818847656"
"563","39.66214370727539","39.66214370727539","39.66214370727539"
"564","33.02372360229492","33.02372360229492","33.02372360229492"
"565","46.63581848144531","46.63581848144531","46.63581848144531"
"566","41.84291076660156","41.84291076660156","41.84291076660156"
"567","36.6601676940918","36.6601676940918","36.6601676940918"
"568","38.30671691894531","38.30671691894531","38.30671691894531"
"569","43.2423210144043","43.2423210144043","43.2423210144043"
"570","37.275978088378906","37.275978088378906","37.275978088378906"
"571","30.200273513793945","30.200273513793945","30.200273513793945"
"572","39.62337112426758","39.62337112426758","39.62337112426758"
"573","38.484092712402344","38.484092712402344","38.484092712402344"
"574","32.98469543457031","32.98469543457031","32.98469543457031"
"575","37.360416412353516","37.360416412353516","37.360416412353516"
"576","36.66172409057617","36.66172409057617","36.66172409057617"
"578","38.04256057739258","38.04256057739258","38.04256057739258"
"579","34.16978073120117","34.16978073120117","34.16978073120117"
"580","38.21707534790039","38.21707534790039","38.21707534790039"
"581","39.55036926269531","39.55036926269531","39.55036926269531"
"582","29.473346710205078","29.473346710205078","29.473346710205078"
"583","34.627655029296875","34.627655029296875","34.627655029296875"
"584","42.80410385131836","42.80410385131836","42.80410385131836"
"585","38.37929153442383","38.37929153442383","38.37929153442383"
"586","35.796390533447266","35.796390533447266","35.796390533447266"
"587","44.87158966064453","44.87158966064453","44.87158966064453"
"588","38.664764404296875","38.664764404296875","38.664764404296875"
"589","40.68764114379883","40.68764114379883","40.68764114379883"
"590","33.587196350097656","33.587196350097656","33.587196350097656"
"591","42.98991012573242","42.98991012573242","42.98991012573242"
"592","27.418481826782227","27.418481826782227","27.418481826782227"
"593","31.244443893432617","31.244443893432617","31.244443893432617"
"594","46.19441604614258","46.19441604614258","46.19441604614258"
"595","40.0826530456543","40.0826530456543","40.0826530456543"
"596","44.24205780029297","44.24205780029297","44.24205780029297"
"597","38.084999084472656","38.084999084472656","38.084999084472656"
"598","46.735904693603516","46.735904693603516","46.735904693603516"
"599","37.2147102355957","37.2147102355957","37.2147102355957"
"600","32.0241584777832","32.0241584777832","32.0241584777832"
"601","39.15958786010742","39.15958786010742","39.15958786010742"
"602","39.51119613647461","39.51119613647461","39.51119613647461"
"603","41.15255355834961","41.15255355834961","41.15255355834961"
"604","48.01436233520508","48.01436233520508","48.01436233520508"
"605","40.109519958496094","40.109519958496094","40.109519958496094"
"606","37.85065841674805","37.85065841674805","37.85065841674805"
"607","37.3087043762207","37.3087043762207","37.3087043762207"
"608","39.017826080322266","39.017826080322266","39.017826080322266"
"609","39.28154373168945","39.28154373168945","39.28154373168945"
"611","47.7757568359375","47.7757568359375","47.7757568359375"
"612","39.20627212524414","39.20627212524414","39.20627212524414"
"613","31.553325653076172","31.553325653076172","31.553325653076172"
"614","33.80459976196289","33.80459976196289","33.80459976196289"
"615","43.27327346801758","43.27327346801758","43.27327346801758"
"616","42.10161590576172","42.10161590576172","42.10161590576172"
"617","42.229007720947266","42.229007720947266","42.229007720947266"
"618","43.870059967041016","43.870059967041016","43.870059967041016"
"619","32.83132553100586","32.83132553100586","32.83132553100586"
"620","44.937923431396484","44.937923431396484","44.937923431396484"
"621","34.33041763305664","34.33041763305664","34.33041763305664"
"622","39.34841537475586","39.34841537475586","39.34841537475586"
"623","37.75281524658203","37.75281524658203","37.75281524658203"
"624","38.18360137939453","38.18360137939453","38.18360137939453"
"625","37.544498443603516","37.544498443603516","37.544498443603516"
"626","41.79691696166992","41.79691696166992","41.79691696166992"
"627","27.635971069335938","27.635971069335938","27.635971069335938"
"628","37.95254135131836","37.95254135131836","37.95254135131836"
"629","32.47004699707031","32.47004699707031","32.47004699707031"
"630","31.633651733398438","31.633651733398438","31.633651733398438"
"631","38.222084045410156","38.222084045410156","38.222084045410156"
"632","38.114410400390625","38.114410400390625","38.114410400390625"
"633","31.404632568359375","31.404632568359375","31.404632568359375"
"634","38.75665283203125","38.75665283203125","38.75665283203125"
"635","40.363975524902344","40.363975524902344","40.363975524902344"
"636","34.462852478027344","34.462852478027344","34.462852478027344"
"637","37.54014205932617","37.54014205932617","37.54014205932617"
"638","38.4164924621582","38.4164924621582","38.4164924621582"
"639","40.1182861328125","40.1182861328125","40.1182861328125"
"640","32.673126220703125","32.673126220703125","32.673126220703125"
"641","38.845664978027344","38.845664978027344","38.845664978027344"
"642","45.02792739868164","45.02792739868164","45.02792739868164"
"644","47.07981491088867","47.07981491088867","47.07981491088867"
"645","37.95644760131836","37.95644760131836","37.95644760131836"
"646","39.77901840209961","39.77901840209961","39.77901840209961"
"647","41.16926574707031","41.16926574707031","41.16926574707031"
"648","39.49077224731445","39.49077224731445","39.49077224731445"
"649","38.57160568237305","38.57160568237305","38.57160568237305"
"650","38.084197998046875","38.084197998046875","38.084197998046875"
"651","35.61372756958008","35.61372756958008","35.61372756958008"
"652","37.51021957397461","37.51021957397461","37.51021957397461"
"653","37.9702033996582","37.9702033996582","37.9702033996582"
"654","25.1632137298584","25.1632137298584","25.1632137298584"
"655","45.228336334228516","45.228336334228516","45.228336334228516"
"656","42.57517623901367","42.57517623901367","42.57517623901367"
"657","44.174861907958984","44.174861907958984","44.174861907958984"
"658","30.903179168701172","30.903179168701172","30.903179168701172"
"659","44.867530822753906","44.867530822753906","44.867530822753906"
"660","39.08806610107422","39.08806610107422","39.08806610107422"
"661","43.66432571411133","43.66432571411133","43.66432571411133"
"662","33.71687316894531","33.71687316894531","33.71687316894531"
"663","35.96580505371094","35.96580505371094","35.96580505371094"
"664","42.724510192871094","42.724510192871094","42.724510192871094"
"665","41.94951629638672","41.94951629638672","41.94951629638672"
"666","32.180973052978516","32.180973052978516","32.180973052978516"
"667","37.491695404052734","37.491695404052734","37.491695404052734"
"668","41.20139694213867","41.20139694213867","41.20139694213867"
"669","31.057580947875977","31.057580947875977","31.057580947875977"
"670","38.441497802734375","38.441497802734375","38.441497802734375"
"671","37.50736618041992","37.50736618041992","37.50736618041992"
"672","46.765010833740234","46.765010833740234","46.765010833740234"
"673","44.739383697509766","44.739383697509766","44.739383697509766"
"674","43.29439926147461","43.29439926147461","43.29439926147461"
"675","43.03656005859375","43.03656005859375","43.03656005859375"
"677","36.46710205078125","36.46710205078125","36.46710205078125"
"678","39.07865524291992","39.07865524291992","39.07865524291992"
"679","44.227054595947266","44.227054595947266","44.227054595947266"
"680","37.13166046142578","37.13166046142578","37.13166046142578"
"681","41.643253326416016","41.643253326416016","41.643253326416016"
"682","34.70451736450195","34.70451736450195","34.70451736450195"
"683","38.64427947998047","38.64427947998047","38.64427947998047"
"684","41.106327056884766","41.106327056884766","41.106327056884766"
"685","37.474544525146484","37.474544525146484","37.474544525146484"
"686","38.11247634887695","38.11247634887695","38.11247634887695"
"687","38.468406677246094","38.468406677246094","38.468406677246094"
"688","39.92108917236328","39.92108917236328","39.92108917236328"
"689","40.35069274902344","40.35069274902344","40.35069274902344"
"690","42.252113342285156","42.252113342285156","42.252113342285156"
"691","38.78359603881836","38.78359603881836","38.78359603881836"
"692","47.06837463378906","47.06837463378906","47.06837463378906"
"693","38.13508605957031","38.13508605957031","38.13508605957031"
"694","36.42245864868164","36.42245864868164","36.42245864868164"
"695","40.58979797363281","40.58979797363281","40.58979797363281"
"696","45.73075485229492","45.73075485229492","45.73075485229492"
"697","39.69683837890625","39.69683837890625","39.69683837890625"
"698","42.551910400390625","42.551910400390625","42.551910400390625"
"699","38.29676818847656","38.29676818847656","38.29676818847656"
"700","34.48384094238281","34.48384094238281","34.48384094238281"
"701","29.631912231445312","29.631912231445312","29.631912231445312"
"702","43.30356979370117","43.30356979370117","43.30356979370117"
"703","41.54732894897461","41.54732894897461","41.54732894897461"
"704","34.65877151489258","34.65877151489258","34.65877151489258"
"705","45.53879928588867","45.53879928588867","45.53879928588867"
"706","39.03828430175781","39.03828430175781","39.03828430175781"
"707","26.777082443237305","26.777082443237305","26.777082443237305"
"708","36.76511001586914","36.76511001586914","36.76511001586914"
"710","43.67835998535156","43.67835998535156","43.67835998535156"
"711","40.0505485534668","40.0505485534668","40.0505485534668"
"712","35.56045913696289","35.56045913696289","35.56045913696289"
"713","38.36721420288086","38.36721420288086","38.36721420288086"
"714","40.162620544433594","40.162620544433594","40.162620544433594"
"715","43.79281234741211","43.79281234741211","43.79281234741211"
"716","45.76166915893555","45.76166915893555","45.76166915893555"
"717","40.433589935302734","40.433589935302734","40.433589935302734"
"718","38.83432388305664","38.83432388305664","38.83432388305664"
"719","36.19306945800781","36.19306945800781","36.19306945800781"
"720","38.11085510253906","38.11085510253906","38.11085510253906"
"721","36.531837463378906","36.531837463378906","36.531837463378906"
"722","47.51608657836914","47.51608657836914","47.51608657836914"
"723","38.401649475097656","38.401649475097656","38.401649475097656"
"724","36.55274200439453","36.55274200439453","36.55274200439453"
"725","33.9138298034668","33.9138298034668","33.9138298034668"
"726","41.19392013549805","41.19392013549805","41.19392013549805"
"727","39.58152770996094","39.58152770996094","39.58152770996094"
"728","35.335609436035156","35.335609436035156","35.335609436035156"
"729","47.35190200805664","47.35190200805664","47.35190200805664"
"730","35.351375579833984","35.351375579833984","35.351375579833984"
"731","36.631797790527344","36.631797790527344","36.631797790527344"
"732","43.77088928222656","43.77088928222656","43.77088928222656"
"733","37.8139533996582","37.8139533996582","37.8139533996582"
"734","47.46498489379883","47.46498489379883","47.46498489379883"
"735","26.405946731567383","26.405946731567383","26.405946731567383"
"736","47.804466247558594","47.804466247558594","47.804466247558594"
"737","43.64045333862305","43.64045333862305","43.64045333862305"
"738","28.772035598754883","28.772035598754883","28.772035598754883"
"739","40.41830825805664","40.41830825805664","40.41830825805664"
"740","39.30891799926758","39.30891799926758","39.30891799926758"
"741","47.853973388671875","47.853973388671875","47.853973388671875"
"743","40.30266571044922","40.30266571044922","40.30266571044922"
"744","32.023529052734375","32.023529052734375","32.023529052734375"
"745","38.649539947509766","38.649539947509766","38.649539947509766"
"746","43.23799133300781","43.23799133300781","43.23799133300781"
"747","27.6363468170166","27.6363468170166","27.6363468170166"
"748","39.887210845947266","39.887210845947266","39.887210845947266"
"749","40.062564849853516","40.062564849853516","40.062564849853516"
"750","45.970062255859375","45.970062255859375","45.970062255859375"
"751","33.90479278564453","33.90479278564453","33.90479278564453"
"752","37.815128326416016","37.815128326416016","37.815128326416016"
"753","39.42731475830078","39.42731475830078","39.42731475830078"
"754","35.247840881347656","35.247840881347656","35.247840881347656"
"755","33.72589111328125","33.72589111328125","33.72589111328125"
"756","32.841548919677734","32.841548919677734","32.841548919677734"
"757","38.05708312988281","38.05708312988281","38.05708312988281"
"758","38.95379638671875","38.95379638671875","38.95379638671875"
"759","37.43474578857422","37.43474578857422","37.43474578857422"
"760","48.12124252319336","48.12124252319336","48.12124252319336"
"761","40.977149963378906","40.977149963378906","40.977149963378906"
"762","36.577613830566406","36.577613830566406","36.577613830566406"
"763","37.228981018066406","37.228981018066406","37.228981018066406"
"764","38.208518981933594","38.208518981933594","38.208518981933594"
"765","40.15546798706055","40.15546798706055","40.15546798706055"
"766","48.05649948120117","48.05649948120117","48.05649948120117"
"767","38.513362884521484","38.513362884521484","38.513362884521484"
"768","31.843290328979492","31.843290328979492","31.843290328979492"
"769","32.9613151550293","32.9613151550293","32.9613151550293"
"770","46.56802749633789","46.56802749633789","46.56802749633789"
"771","39.74742126464844","39.74742126464844","39.74742126464844"
"772","37.99489974975586","37.99489974975586","37.99489974975586"
"773","47.43928146362305","47.43928146362305","47.43928146362305"
"774","46.51959991455078","46.51959991455078","46.51959991455078"
"776","37.077415466308594","37.077415466308594","37.077415466308594"
"777","38.962059020996094","38.962059020996094","38.962059020996094"
"778","30.74312973022461","30.74312973022461","30.74312973022461"
"779","38.09724044799805","38.09724044799805","38.09724044799805"
"780","37.78939437866211","37.78939437866211","37.78939437866211"
"781","27.253175735473633","27.253175735473633","27.253175735473633"
"782","45.04042053222656","45.04042053222656","45.04042053222656"
"783","47.66144943237305","47.66144943237305","47.66144943237305"
"784","41.8077392578125","41.8077392578125","41.8077392578125"
"785","36.88145065307617","36.88145065307617","36.88145065307617"
"786","41.95538330078125","41.95538330078125","41.95538330078125"
"787","46.522186279296875","46.522186279296875","46.522186279296875"
"788","31.46978759765625","31.46978759765625","31.46978759765625"
"789","36.83064270019531","36.83064270019531","36.83064270019531"
"790","31.67633628845215","31.67633628845215","31.67633628845215"
"791","45.70039367675781","45.70039367675781","45.70039367675781"
"792","40.50055694580078","40.50055694580078","40.50055694580078"
"793","38.111263275146484","38.111263275146484","38.111263275146484"
"794","38.95591354370117","38.95591354370117","38.95591354370117"
"795","39.840782165527344","39.840782165527344","39.840782165527344"
"796","43.47623062133789","43.47623062133789","43.47623062133789"
"797","39.7318229675293","39.7318229675293","39.7318229675293"
"798","29.255868911743164","29.255868911743164","29.255868911743164"
"799","41.4577522277832","41.4577522277832","41.4577522277832"
"800","35.16246795654297","35.16246795654297","35.16246795654297"
"801","37.78519821166992","37.78519821166992","37.78519821166992"
"802","47.25315475463867","47.25315475463867","47.25315475463867"
"803","37.78460693359375","37.78460693359375","37.78460693359375"
"804","42.095943450927734","42.095943450927734","42.095943450927734"
"805","37.83415985107422","37.83415985107422","37.83415985107422"
"806","38.362525939941406","38.362525939941406","38.362525939941406"
"807","40.25309371948242","40.25309371948242","40.25309371948242"
"809","38.99809265136719","38.99809265136719","38.99809265136719"
"810","38.77434158325195","38.77434158325195","38.77434158325195"
"811","39.571537017822266","39.571537017822266","39.571537017822266"
"812","37.77992630004883","37.77992630004883","37.77992630004883"
"813","38.60383987426758","38.60383987426758","38.60383987426758"
"814","35.294010162353516","35.294010162353516","35.294010162353516"
"815","39.534690856933594","39.534690856933594","39.534690856933594"
"816","34.97764205932617","34.97764205932617","34.97764205932617"
"817","36.77823257446289","36.77823257446289","36.77823257446289"
"818","31.197223663330078","31.197223663330078","31.197223663330078"
"819","32.99774169921875","32.99774169921875","32.99774169921875"
"820","38.66432571411133","38.66432571411133","38.66432571411133"
"821","37.56970977783203","37.56970977783203","37.56970977783203"
"822","40.68149948120117","40.68149948120117","40.68149948120117"
"823","47.03376007080078","47.03376007080078","47.03376007080078"
"824","47.44076919555664","47.44076919555664","47.44076919555664"
"825","46.81593704223633","46.81593704223633","46.81593704223633"
"826","40.31414031982422","40.31414031982422","40.31414031982422"
"827","42.1463737487793","42.1463737487793","42.1463737487793"
"828","34.97056579589844","34.97056579589844","34.97056579589844"
"829","37.05309295654297","37.05309295654297","37.05309295654297"
"830","45.0194091796875","45.0194091796875","45.0194091796875"
"831","42.84547805786133","42.84547805786133","42.84547805786133"
"832","40.209991455078125","40.209991455078125","40.209991455078125"
"833","38.36000061035156","38.36000061035156","38.36000061035156"
"834","38.48419189453125","38.48419189453125","38.48419189453125"
"835","41.142822265625","41.142822265625","41.142822265625"
"836","37.8763427734375","37.8763427734375","37.8763427734375"
"837","34.46611022949219","34.46611022949219","34.46611022949219"
"838","37.414710998535156","37.414710998535156","37.414710998535156"
"839","42.856082916259766","42.856082916259766","42.856082916259766"
"840","38.973541259765625","38.973541259765625","38.973541259765625"
"842","33.34265899658203","33.34265899658203","33.34265899658203"
"843","39.182071685791016","39.182071685791016","39.182071685791016"
"844","41.75807571411133","41.75807571411133","41.75807571411133"
"845","39.9247932434082","39.9247932434082","39.9247932434082"
"846","40.141448974609375","40.141448974609375","40.141448974609375"
"847","39.40969467163086","39.40969467163086","39.40969467163086"
"848","36.62461471557617","36.62461471557617","36.62461471557617"
"849","37.86237716674805","37.86237716674805","37.86237716674805"
"850","31.968339920043945","31.968339920043945","31.968339920043945"
"851","40.42623519897461","40.42623519897461","40.42623519897461"
"852","48.0217170715332","48.0217170715332","48.0217170715332"
"853","38.34912109375","38.34912109375","38.34912109375"
"854","43.56681442260742","43.56681442260742","43.56681442260742"
"855","34.41448211669922","34.41448211669922","34.41448211669922"
"856","36.00029754638672","36.00029754638672","36.00029754638672"
"857","34.78657150268555","34.78657150268555","34.78657150268555"
"858","39.99220657348633","39.99220657348633","39.99220657348633"
"859","32.64331817626953","32.64331817626953","32.64331817626953"
"860","39.523040771484375","39.523040771484375","39.523040771484375"
"861","43.123268127441406","43.123268127441406","43.123268127441406"
"862","36.549400329589844","36.549400329589844","36.549400329589844"
"863","36.670928955078125","36.670928955078125","36.670928955078125"
"864","35.727840423583984","35.727840423583984","35.727840423583984"
"865","37.182979583740234","37.182979583740234","37.182979583740234"
"866","37.58000183105469","37.58000183105469","37.58000183105469"
"867","43.694278717041016","43.694278717041016","43.694278717041016"
"868","38.23655319213867","38.23655319213867","38.23655319213867"
"869","34.00159454345703","34.00159454345703","34.00159454345703"
"870","37.927730560302734","37.927730560302734","37.927730560302734"
"871","38.653564453125","38.653564453125","38.653564453125"
"872","38.48237991333008","38.48237991333008","38.48237991333008"
"873","42.520931243896484","42.520931243896484","42.520931243896484"
"875","34.7344970703125","34.7344970703125","34.7344970703125"
"876","39.42206573486328","39.42206573486328","39.42206573486328"
"877","34.81776428222656","34.81776428222656","34.81776428222656"
"878","33.451820373535156","33.451820373535156","33.451820373535156"
"879","37.23537826538086","37.23537826538086","37.23537826538086"
"880","31.155025482177734","31.155025482177734","31.155025482177734"
"881","36.84516906738281","36.84516906738281","36.84516906738281"
"882","47.491031646728516","47.491031646728516","47.491031646728516"
"883","39.17972946166992","39.17972946166992","39.17972946166992"
"884","41.5908203125","41.5908203125","41.5908203125"
"885","40.58942794799805","40.58942794799805","40.58942794799805"
"886","35.38390350341797","35.38390350341797","35.38390350341797"
"887","40.23712158203125","40.23712158203125","40.23712158203125"
"888","43.44432830810547","43.44432830810547","43.44432830810547"
"889","38.8486442565918","38.8486442565918","38.8486442565918"
"890","37.0560188293457","37.0560188293457","37.0560188293457"
"891","33.91014099121094","33.91014099121094","33.91014099121094"
"892","38.75651550292969","38.75651550292969","38.75651550292969"
"893","39.252750396728516","39.252750396728516","39.252750396728516"
"894","39.01103210449219","39.01103210449219","39.01103210449219"
"895","38.06086349487305","38.06086349487305","38.06086349487305"
"896","38.24168395996094","38.24168395996094","38.24168395996094"
"897","41.69109344482422","41.69109344482422","41.69109344482422"
"898","36.88160705566406","36.88160705566406","36.88160705566406"
"899","41.96479797363281","41.96479797363281","41.96479797363281"
"900","33.6101188659668","33.6101188659668","33.6101188659668"
"901","46.183738708496094","46.183738708496094","46.183738708496094"
"902","38.57328796386719","38.57328796386719","38.57328796386719"
"903","39.129371643066406","39.129371643066406","39.129371643066406"
"904","38.34033203125","38.34033203125","38.34033203125"
"905","39.642250061035156","39.642250061035156","39.642250061035156"
"906","45.07487869262695","45.07487869262695","45.07487869262695"
"908","33.28891372680664","33.28891372680664","33.28891372680664"
"909","36.61442184448242","36.61442184448242","36.61442184448242"
"910","38.336734771728516","38.336734771728516","38.336734771728516"
"911","30.2790584564209","30.2790584564209","30.2790584564209"
"912","28.165904998779297","28.165904998779297","28.165904998779297"
"913","42.328819274902344","42.328819274902344","42.328819274902344"
"914","38.05584716796875","38.05584716796875","38.05584716796875"
"915","41.31692886352539","41.31692886352539","41.31692886352539"
"916","37.57820129394531","37.57820129394531","37.57820129394531"
"917","40.392581939697266","40.392581939697266","40.392581939697266"
"918","44.85258102416992","44.85258102416992","44.85258102416992"
"919","39.21168899536133","39.21168899536133","39.21168899536133"
"920","37.724571228027344","37.724571228027344","37.724571228027344"
"921","38.20895004272461","38.20895004272461","38.20895004272461"
"922","36.21683120727539","36.21683120727539","36.21683120727539"
"923","42.56258773803711","42.56258773803711","42.56258773803711"
"924","37.274837493896484","37.274837493896484","37.274837493896484"
"925","42.4849853515625","42.4849853515625","42.4849853515625"
"926","40.193580627441406","40.193580627441406","40.193580627441406"
"927","39.10664749145508","39.10664749145508","39.10664749145508"
"928","40.3091926574707","40.3091926574707","40.3091926574707"
"929","38.903656005859375","38.903656005859375","38.903656005859375"
"930","37.62773513793945","37.62773513793945","37.62773513793945"
"931","33.198673248291016","33.198673248291016","33.198673248291016"
"932","27.3964900970459","27.3964900970459","27.3964900970459"
"933","38.33159255981445","38.33159255981445","38.33159255981445"
"934","36.836849212646484","36.836849212646484","36.836849212646484"
"935","37.781837463378906","37.781837463378906","37.781837463378906"
"936","29.611797332763672","29.611797332763672","29.611797332763672"
"937","32.79829406738281","32.79829406738281","32.79829406738281"
"938","39.84185791015625","39.84185791015625","39.84185791015625"
"939","36.95637130737305","36.95637130737305","36.95637130737305"
"941","38.36656188964844","38.36656188964844","38.36656188964844"
"942","46.675811767578125","46.675811767578125","46.675811767578125"
"943","40.16572570800781","40.16572570800781","40.16572570800781"
"944","43.41966247558594","43.41966247558594","43.41966247558594"
"945","39.80687713623047","39.80687713623047","39.80687713623047"
"946","40.657745361328125","40.657745361328125","40.657745361328125"
"947","38.605567932128906","38.605567932128906","38.605567932128906"
"948","39.851417541503906","39.851417541503906","39.851417541503906"
"949","34.73340606689453","34.73340606689453","34.73340606689453"
"950","41.13978576660156","41.13978576660156","41.13978576660156"
"951","36.02579879760742","36.02579879760742","36.02579879760742"
"952","39.973060607910156","39.973060607910156","39.973060607910156"
"953","40.07731628417969","40.07731628417969","40.07731628417969"
"954","32.15468978881836","32.15468978881836","32.15468978881836"
"955","35.04405975341797","35.04405975341797","35.04405975341797"
"956","40.47269821166992","40.47269821166992","40.47269821166992"
"957","43.841102600097656","43.841102600097656","43.841102600097656"
"958","36.40742111206055","36.40742111206055","36.40742111206055"
"959","35.20817565917969","35.20817565917969","35.20817565917969"
"960","35.028526306152344","35.028526306152344","35.028526306152344"
"961","47.17361831665039","47.17361831665039","47.17361831665039"
"962","39.32184982299805","39.32184982299805","39.32184982299805"
"963","38.9432373046875","38.9432373046875","38.9432373046875"
"964","43.00712966918945","43.00712966918945","43.00712966918945"
"965","35.32355499267578","35.32355499267578","35.32355499267578"
"966","33.688961029052734","33.688961029052734","33.688961029052734"
"967","38.437294006347656","38.437294006347656","38.437294006347656"
"968","28.209552764892578","28.209552764892578","28.209552764892578"
"969","47.18812942504883","47.18812942504883","47.18812942504883"
"970","37.25032043457031","37.25032043457031","37.25032043457031"
"971","48.022037506103516","48.022037506103516","48.022037506103516"
"972","45.874290466308594","45.874290466308594","45.874290466308594"
"974","39.38506317138672","39.38506317138672","39.38506317138672"
"975","37.236385345458984","37.236385345458984","37.236385345458984"
"976","37.94648742675781","37.94648742675781","37.94648742675781"
"977","38.4493522644043","38.4493522644043","38.4493522644043"
"978","44.34175109863281","44.34175109863281","44.34175109863281"
"979","39.53849411010742","39.53849411010742","39.53849411010742"
"980","39.080780029296875","39.080780029296875","39.080780029296875"
"981","46.60069274902344","46.60069274902344","46.60069274902344"
"982","24.6004581451416","24.6004581451416","24.6004581451416"
"983","39.52848434448242","39.52848434448242","39.52848434448242"
"984","36.419273376464844","36.419273376464844","36.419273376464844"
"985","35.813629150390625","35.813629150390625","35.813629150390625"
"986","39.06272506713867","39.06272506713867","39.06272506713867"
"987","35.15073776245117","35.15073776245117","35.15073776245117"
"988","46.13554382324219","46.13554382324219","46.13554382324219"
"989","43.23146057128906","43.23146057128906","43.23146057128906"
"990","39.958717346191406","39.958717346191406","39.958717346191406"
"991","39.92898941040039","39.92898941040039","39.92898941040039"
"992","40.595603942871094","40.595603942871094","40.595603942871094"
"993","38.56023406982422","38.56023406982422","38.56023406982422"
"994","37.79498291015625","37.79498291015625","37.79498291015625"
"995","35.89939880371094","35.89939880371094","35.89939880371094"
"996","43.036102294921875","43.036102294921875","43.036102294921875"
"997","42.63322448730469","42.63322448730469","42.63322448730469"
"998","34.98069381713867","34.98069381713867","34.98069381713867"
"999","33.68410873413086","33.68410873413086","33.68410873413086"
"1000","44.39653015136719","44.39653015136719","44.39653015136719"
"1001","35.02178192138672","35.02178192138672","35.02178192138672"
"1002","41.608516693115234","41.608516693115234","41.608516693115234"
"1003","35.13494110107422","35.13494110107422","35.13494110107422"
"1004","38.478790283203125","38.478790283203125","38.478790283203125"
"1005","41.748226165771484","41.748226165771484","41.748226165771484"
"1007","45.45753479003906","45.45753479003906","45.45753479003906"
"1008","27.606107711791992","27.606107711791992","27.606107711791992"
"1009","37.64836883544922","37.64836883544922","37.64836883544922"
"1010","37.925201416015625","37.925201416015625","37.925201416015625"
"1011","42.81816864013672","42.81816864013672","42.81816864013672"
"1012","38.11360168457031","38.11360168457031","38.11360168457031"
"1013","38.795013427734375","38.795013427734375","38.795013427734375"
"1014","46.18271255493164","46.18271255493164","46.18271255493164"
"1015","47.490997314453125","47.490997314453125","47.490997314453125"
"1016","32.018760681152344","32.018760681152344","32.018760681152344"
"1017","34.493133544921875","34.493133544921875","34.493133544921875"
"1018","44.21904754638672","44.21904754638672","44.21904754638672"
"1019","35.135536193847656","35.135536193847656","35.135536193847656"
"1020","35.787689208984375","35.787689208984375","35.787689208984375"
"1021","41.12889099121094","41.12889099121094","41.12889099121094"
"1022","43.05036544799805","43.05036544799805","43.05036544799805"
"1023","38.66606140136719","38.66606140136719","38.66606140136719"
"1024","38.07400131225586","38.07400131225586","38.07400131225586"
"1025","41.39229202270508","41.39229202270508","41.39229202270508"
"1026","35.34473419189453","35.34473419189453","35.34473419189453"
"1027","45.339969635009766","45.339969635009766","45.339969635009766"
"1028","39.63670349121094","39.63670349121094","39.63670349121094"
"1029","37.896968841552734","37.896968841552734","37.896968841552734"
"1030","39.58544921875","39.58544921875","39.58544921875"
"1031","38.587982177734375","38.587982177734375","38.587982177734375"
"1032","38.42995071411133","38.42995071411133","38.42995071411133"
"1033","35.72465515136719","35.72465515136719","35.72465515136719"
"1034","38.126190185546875","38.126190185546875","38.126190185546875"
"1035","38.78116989135742","38.78116989135742","38.78116989135742"
"1036","36.65811538696289","36.65811538696289","36.65811538696289"
"1037","37.76205825805664","37.76205825805664","37.76205825805664"
"1038","39.07129669189453","39.07129669189453","39.07129669189453"
"1040","35.62228775024414","35.62228775024414","35.62228775024414"
"1041","39.872108459472656","39.872108459472656","39.872108459472656"
"1042","36.858577728271484","36.858577728271484","36.858577728271484"
"1043","38.72755813598633","38.72755813598633","38.72755813598633"
"1044","40.07451248168945","40.07451248168945","40.07451248168945"
"1045","36.1253547668457","36.1253547668457","36.1253547668457"
"1046","38.13202667236328","38.13202667236328","38.13202667236328"
"1047","32.183555603027344","32.183555603027344","32.183555603027344"
"1048","43.189517974853516","43.189517974853516","43.189517974853516"
"1049","35.33739471435547","35.33739471435547","35.33739471435547"
"1050","40.794795989990234","40.794795989990234","40.794795989990234"
"1051","39.51555252075195","39.51555252075195","39.51555252075195"
"1052","39.717079162597656","39.717079162597656","39.717079162597656"
"1053","41.3918571472168","41.3918571472168","41.3918571472168"
"1054","39.10704040527344","39.10704040527344","39.10704040527344"
"1055","35.415592193603516","35.415592193603516","35.415592193603516"
"1056","33.91129684448242","33.91129684448242","33.91129684448242"
"1057","40.33305740356445","40.33305740356445","40.33305740356445"
"1058","41.52161407470703","41.52161407470703","41.52161407470703"
"1059","44.49957275390625","44.49957275390625","44.49957275390625"
"1060","47.41344451904297","47.41344451904297","47.41344451904297"
"1061","34.78627395629883","34.78627395629883","34.78627395629883"
"1062","37.108306884765625","37.108306884765625","37.108306884765625"
"1063","45.99443435668945","45.99443435668945","45.99443435668945"
"1064","40.895118713378906","40.895118713378906","40.895118713378906"
"1065","41.07809829711914","41.07809829711914","41.07809829711914"
"1066","39.15917205810547","39.15917205810547","39.15917205810547"
"1067","34.30446243286133","34.30446243286133","34.30446243286133"
"1068","44.48637771606445","44.48637771606445","44.48637771606445"
"1069","45.855995178222656","45.855995178222656","45.855995178222656"
"1070","36.55097961425781","36.55097961425781","36.55097961425781"
"1071","34.18679428100586","34.18679428100586","34.18679428100586"
"1073","40.458229064941406","40.458229064941406","40.458229064941406"
"1074","34.290584564208984","34.290584564208984","34.290584564208984"
"1075","33.45747756958008","33.45747756958008","33.45747756958008"
"1076","39.698707580566406","39.698707580566406","39.698707580566406"
"1077","43.64487838745117","43.64487838745117","43.64487838745117"
"1078","46.08980178833008","46.08980178833008","46.08980178833008"
"1079","37.11501693725586","37.11501693725586","37.11501693725586"
"1080","41.21780776977539","41.21780776977539","41.21780776977539"
"1081","47.58125305175781","47.58125305175781","47.58125305175781"
"1082","32.54490661621094","32.54490661621094","32.54490661621094"
"1083","38.71434020996094","38.71434020996094","38.71434020996094"
"1084","28.198938369750977","28.198938369750977","28.198938369750977"
"1085","41.71901321411133","41.71901321411133","41.71901321411133"
"1086","39.790626525878906","39.790626525878906","39.790626525878906"
"1087","34.168724060058594","34.168724060058594","34.168724060058594"
"1088","39.42427062988281","39.42427062988281","39.42427062988281"
"1089","40.656822204589844","40.656822204589844","40.656822204589844"
"1090","34.70507049560547","34.70507049560547","34.70507049560547"
"1091","39.74833679199219","39.74833679199219","39.74833679199219"
"1092","34.60888671875","34.60888671875","34.60888671875"
"1093","41.9228515625","41.9228515625","41.9228515625"
"1094","41.91817092895508","41.91817092895508","41.91817092895508"
"1095","35.45014572143555","35.45014572143555","35.45014572143555"
"1096","33.27267074584961","33.27267074584961","33.27267074584961"
"1097","39.584232330322266","39.584232330322266","39.584232330322266"
"1098","29.300840377807617","29.300840377807617","29.300840377807617"
"1099","31.951461791992188","31.951461791992188","31.951461791992188"
"1100","36.4976692199707","36.4976692199707","36.4976692199707"
"1101","38.17475509643555","38.17475509643555","38.17475509643555"
"1102","34.494529724121094","34.494529724121094","34.494529724121094"
"1103","43.6204948425293","43.6204948425293","43.6204948425293"
"1104","35.88315963745117","35.88315963745117","35.88315963745117"
"1106","39.481239318847656","39.481239318847656","39.481239318847656"
"1107","36.97999954223633","36.97999954223633","36.97999954223633"
"1108","32.24077606201172","32.24077606201172","32.24077606201172"
"1109","36.068153381347656","36.068153381347656","36.068153381347656"
"1110","39.604576110839844","39.604576110839844","39.604576110839844"
"1111","35.956905364990234","35.956905364990234","35.956905364990234"
"1112","34.17710494995117","34.17710494995117","34.17710494995117"
"1113","38.52637481689453","38.52637481689453","38.52637481689453"
"1114","44.0727653503418","44.0727653503418","44.0727653503418"
"1115","29.714458465576172","29.714458465576172","29.714458465576172"
"1116","46.562740325927734","46.562740325927734","46.562740325927734"
"1117","43.83073806762695","43.83073806762695","43.83073806762695"
"1118","39.16148376464844","39.16148376464844","39.16148376464844"
"1119","38.46763229370117","38.46763229370117","38.46763229370117"
"1120","42.880035400390625","42.880035400390625","42.880035400390625"
"1121","39.78094482421875","39.78094482421875","39.78094482421875"
"1122","34.818626403808594","34.818626403808594","34.818626403808594"
"1123","35.54914855957031","35.54914855957031","35.54914855957031"
"1124","41.5621337890625","41.5621337890625","41.5621337890625"
"1125","39.321861267089844","39.321861267089844","39.321861267089844"
"1126","39.45018005371094","39.45018005371094","39.45018005371094"
"1127","32.21969223022461","32.21969223022461","32.21969223022461"
"1128","32.33432388305664","32.33432388305664","32.33432388305664"
"1129","41.090606689453125","41.090606689453125","41.090606689453125"
"1130","40.48781204223633","40.48781204223633","40.48781204223633"
"1131","38.75282287597656","38.75282287597656","38.75282287597656"
"1132","39.146827697753906","39.146827697753906","39.146827697753906"
"1133","45.397674560546875","45.397674560546875","45.397674560546875"
"1134","38.763118743896484","38.763118743896484","38.763118743896484"
"1135","37.42268371582031","37.42268371582031","37.42268371582031"
"1136","36.68808364868164","36.68808364868164","36.68808364868164"
"1137","38.71091842651367","38.71091842651367","38.71091842651367"
"1139","30.019105911254883","30.019105911254883","30.019105911254883"
"1140","38.95726776123047","38.95726776123047","38.95726776123047"
"1141","41.488189697265625","41.488189697265625","41.488189697265625"
"1142","43.57714080810547","43.57714080810547","43.57714080810547"
"1143","33.93568801879883","33.93568801879883","33.93568801879883"
"1144","38.899166107177734","38.899166107177734","38.899166107177734"
"1145","37.93364715576172","37.93364715576172","37.93364715576172"
"1146","38.442054748535156","38.442054748535156","38.442054748535156"
"1147","38.83572006225586","38.83572006225586","38.83572006225586"
"1148","35.377567291259766","35.377567291259766","35.377567291259766"
"1149","34.8379020690918","34.8379020690918","34.8379020690918"
"1150","35.845306396484375","35.845306396484375","35.845306396484375"
"1151","47.49452590942383","47.49452590942383","47.49452590942383"
"1152","39.961631774902344","39.961631774902344","39.961631774902344"
"1153","35.83223342895508","35.83223342895508","35.83223342895508"
"1154","43.28436279296875","43.28436279296875","43.28436279296875"
"1155","43.320213317871094","43.320213317871094","43.320213317871094"
"1156","38.21200180053711","38.21200180053711","38.21200180053711"
"1157","41.74530029296875","41.74530029296875","41.74530029296875"
"1158","35.00769805908203","35.00769805908203","35.00769805908203"
"1159","36.83070373535156","36.83070373535156","36.83070373535156"
"1160","43.14447021484375","43.14447021484375","43.14447021484375"
"1161","38.84914016723633","38.84914016723633","38.84914016723633"
"1162","38.35387420654297","38.35387420654297","38.35387420654297"
"1163","37.844791412353516","37.844791412353516","37.844791412353516"
"1164","41.03478240966797","41.03478240966797","41.03478240966797"
"1165","47.60395812988281","47.60395812988281","47.60395812988281"
"1166","47.459659576416016","47.459659576416016","47.459659576416016"
"1167","43.94379806518555","43.94379806518555","43.94379806518555"
"1168","36.63463592529297","36.63463592529297","36.63463592529297"
"1169","38.33284378051758","38.33284378051758","38.33284378051758"
"1170","37.72850799560547","37.72850799560547","37.72850799560547"
"1172","40.558982849121094","40.558982849121094","40.558982849121094"
"1173","40.49224090576172","40.49224090576172","40.49224090576172"
"1174","33.88237762451172","33.88237762451172","33.88237762451172"
"1175","37.30373001098633","37.30373001098633","37.30373001098633"
"1176","41.240299224853516","41.240299224853516","41.240299224853516"
"1177","38.076560974121094","38.076560974121094","38.076560974121094"
"1178","47.484718322753906","47.484718322753906","47.484718322753906"
"1179","41.51146697998047","41.51146697998047","41.51146697998047"
"1180","36.8272590637207","36.8272590637207","36.8272590637207"
"1181","38.78723907470703","38.78723907470703","38.78723907470703"
"1182","37.83271789550781","37.83271789550781","37.83271789550781"
"1183","32.44993591308594","32.44993591308594","32.44993591308594"
"1184","40.720035552978516","40.720035552978516","40.720035552978516"
"1185","38.183319091796875","38.183319091796875","38.183319091796875"
"1186","30.905229568481445","30.905229568481445","30.905229568481445"
"1187","39.794769287109375","39.794769287109375","39.794769287109375"
"1188","39.657554626464844","39.657554626464844","39.657554626464844"
"1189","35.169151306152344","35.169151306152344","35.169151306152344"
"1190","35.036277770996094","35.036277770996094","35.036277770996094"
"1191","37.468936920166016","37.468936920166016","37.468936920166016"
"1192","39.681514739990234","39.681514739990234","39.681514739990234"
"1193","38.86836242675781","38.86836242675781","38.86836242675781"
"1194","35.011287689208984","35.011287689208984","35.011287689208984"
"1195","38.48514175415039","38.48514175415039","38.48514175415039"
"1196","30.53836441040039","30.53836441040039","30.53836441040039"
"1197","38.861515045166016","38.861515045166016","38.861515045166016"
"1198","38.10657501220703","38.10657501220703","38.10657501220703"
"1199","44.390533447265625","44.390533447265625","44.390533447265625"
"1200","39.574825286865234","39.574825286865234","39.574825286865234"
"1201","34.225502014160156","34.225502014160156","34.225502014160156"
"1202","46.85569381713867","46.85569381713867","46.85569381713867"
"1203","41.977603912353516","41.977603912353516","41.977603912353516"
"1205","47.323482513427734","47.323482513427734","47.323482513427734"
"1206","36.26369857788086","36.26369857788086","36.26369857788086"
"1207","37.91106414794922","37.91106414794922","37.91106414794922"
"1208","42.228641510009766","42.228641510009766","42.228641510009766"
"1209","39.5400276184082","39.5400276184082","39.5400276184082"
"1210","37.46527099609375","37.46527099609375","37.46527099609375"
"1211","38.28719711303711","38.28719711303711","38.28719711303711"
"1212","39.19670867919922","39.19670867919922","39.19670867919922"
"1213","38.92163848876953","38.92163848876953","38.92163848876953"
"1214","47.9754753112793","47.9754753112793","47.9754753112793"
"1215","38.59271240234375","38.59271240234375","38.59271240234375"
"1216","38.45705795288086","38.45705795288086","38.45705795288086"
"1217","43.059913635253906","43.059913635253906","43.059913635253906"
"1218","41.08918380737305","41.08918380737305","41.08918380737305"
"1219","39.27799606323242","39.27799606323242","39.27799606323242"
"1220","38.70847702026367","38.70847702026367","38.70847702026367"
"1221","47.94063949584961","47.94063949584961","47.94063949584961"
"1222","40.36773681640625","40.36773681640625","40.36773681640625"
"1223","39.69054412841797","39.69054412841797","39.69054412841797"
"1224","45.20296096801758","45.20296096801758","45.20296096801758"
"1225","47.00402069091797","47.00402069091797","47.00402069091797"
"1226","32.283599853515625","32.283599853515625","32.283599853515625"
"1227","39.512413024902344","39.512413024902344","39.512413024902344"
"1228","39.37425231933594","39.37425231933594","39.37425231933594"
"1229","37.28600311279297","37.28600311279297","37.28600311279297"
"1230","39.26736831665039","39.26736831665039","39.26736831665039"
"1231","38.181026458740234","38.181026458740234","38.181026458740234"
"1232","30.384037017822266","30.384037017822266","30.384037017822266"
"1233","34.632652282714844","34.632652282714844","34.632652282714844"
"1234","38.66827392578125","38.66827392578125","38.66827392578125"
"1235","32.707618713378906","32.707618713378906","32.707618713378906"
"1236","44.48207092285156","44.48207092285156","44.48207092285156"
"1238","44.35272216796875","44.35272216796875","44.35272216796875"
"1239","37.19828796386719","37.19828796386719","37.19828796386719"
"1240","36.176021575927734","36.176021575927734","36.176021575927734"
"1241","41.71444320678711","41.71444320678711","41.71444320678711"
"1242","33.847434997558594","33.847434997558594","33.847434997558594"
"1243","34.582698822021484","34.582698822021484","34.582698822021484"
"1244","38.61759948730469","38.61759948730469","38.61759948730469"
"1245","39.859310150146484","39.859310150146484","39.859310150146484"
"1246","47.65628433227539","47.65628433227539","47.65628433227539"
"1247","47.88595962524414","47.88595962524414","47.88595962524414"
"1248","47.96359634399414","47.96359634399414","47.96359634399414"
"1249","39.89955139160156","39.89955139160156","39.89955139160156"
"1250","30.522220611572266","30.522220611572266","30.522220611572266"
"1251","40.37399673461914","40.37399673461914","40.37399673461914"
"1252","39.95642852783203","39.95642852783203","39.95642852783203"
"1253","39.10065460205078","39.10065460205078","39.10065460205078"
"1254","38.958595275878906","38.958595275878906","38.958595275878906"
"1255","41.102169036865234","41.102169036865234","41.102169036865234"
"1256","39.547447204589844","39.547447204589844","39.547447204589844"
"1257","46.34471893310547","46.34471893310547","46.34471893310547"
"1258","35.531856536865234","35.531856536865234","35.531856536865234"
"1259","36.75678634643555","36.75678634643555","36.75678634643555"
"1260","38.83415222167969","38.83415222167969","38.83415222167969"
"1261","38.12909698486328","38.12909698486328","38.12909698486328"
"1262","33.11164093017578","33.11164093017578","33.11164093017578"
"1263","37.91749572753906","37.91749572753906","37.91749572753906"
"1264","39.161354064941406","39.161354064941406","39.161354064941406"
"1265","42.85873031616211","42.85873031616211","42.85873031616211"
"1266","37.565189361572266","37.565189361572266","37.565189361572266"
"1267","35.8015251159668","35.8015251159668","35.8015251159668"
"1268","40.21345901489258","40.21345901489258","40.21345901489258"
"1269","42.46472930908203","42.46472930908203","42.46472930908203"
"1271","45.650325775146484","45.650325775146484","45.650325775146484"
"1272","38.50971603393555","38.50971603393555","38.50971603393555"
"1273","35.72627639770508","35.72627639770508","35.72627639770508"
"1274","40.74052810668945","40.74052810668945","40.74052810668945"
"1275","41.50531768798828","41.50531768798828","41.50531768798828"
"1276","47.43426513671875","47.43426513671875","47.43426513671875"
"1277","44.340965270996094","44.340965270996094","44.340965270996094"
"1278","35.91179656982422","35.91179656982422","35.91179656982422"
"1279","42.049232482910156","42.049232482910156","42.049232482910156"
"1280","42.929359436035156","42.929359436035156","42.929359436035156"
"1281","39.136016845703125","39.136016845703125","39.136016845703125"
"1282","37.91046142578125","37.91046142578125","37.91046142578125"
"1283","43.83543014526367","43.83543014526367","43.83543014526367"
"1284","47.23089599609375","47.23089599609375","47.23089599609375"
"1285","31.12497901916504","31.12497901916504","31.12497901916504"
"1286","36.85723876953125","36.85723876953125","36.85723876953125"
"1287","39.717620849609375","39.717620849609375","39.717620849609375"
"1288","34.734642028808594","34.734642028808594","34.734642028808594"
"1289","39.51156997680664","39.51156997680664","39.51156997680664"
"1290","35.5472526550293","35.5472526550293","35.5472526550293"
"1291","40.626121520996094","40.626121520996094","40.626121520996094"
"1292","39.054443359375","39.054443359375","39.054443359375"
"1293","34.85567855834961","34.85567855834961","34.85567855834961"
"1294","35.91810607910156","35.91810607910156","35.91810607910156"
"1295","38.790191650390625","38.790191650390625","38.790191650390625"
"1296","30.135644912719727","30.135644912719727","30.135644912719727"
"1297","36.25847244262695","36.25847244262695","36.25847244262695"
"1298","37.0296745300293","37.0296745300293","37.0296745300293"
"1299","39.06443786621094","39.06443786621094","39.06443786621094"
"1300","41.52006149291992","41.52006149291992","41.52006149291992"
"1301","31.167810440063477","31.167810440063477","31.167810440063477"
"1302","47.61240768432617","47.61240768432617","47.61240768432617"
"1304","38.78738784790039","38.78738784790039","38.78738784790039"
"1305","40.40928649902344","40.40928649902344","40.40928649902344"
"1306","38.347412109375","38.347412109375","38.347412109375"
"1307","39.109989166259766","39.109989166259766","39.109989166259766"
"1308","47.864097595214844","47.864097595214844","47.864097595214844"
"1309","36.64455795288086","36.64455795288086","36.64455795288086"
"1310","46.40060043334961","46.40060043334961","46.40060043334961"
"1311","38.403831481933594","38.403831481933594","38.403831481933594"
"1312","38.65838623046875","38.65838623046875","38.65838623046875"
"1313","41.12030029296875","41.12030029296875","41.12030029296875"
"1314","42.9070930480957","42.9070930480957","42.9070930480957"
"1315","41.4092903137207","41.4092903137207","41.4092903137207"
"1316","42.65779113769531","42.65779113769531","42.65779113769531"
"1317","38.824153900146484","38.824153900146484","38.824153900146484"
"1318","37.48384094238281","37.48384094238281","37.48384094238281"
"1319","37.00301742553711","37.00301742553711","37.00301742553711"
"1320","41.64917755126953","41.64917755126953","41.64917755126953"
"1321","35.82954406738281","35.82954406738281","35.82954406738281"
"1322","44.659828186035156","44.659828186035156","44.659828186035156"
"1323","40.11555099487305","40.11555099487305","40.11555099487305"
"1324","36.203086853027344","36.203086853027344","36.203086853027344"
"1325","34.41792678833008","34.41792678833008","34.41792678833008"
"1326","36.90848159790039","36.90848159790039","36.90848159790039"
"1327","39.221527099609375","39.221527099609375","39.221527099609375"
"1328","37.61147689819336","37.61147689819336","37.61147689819336"
"1329","35.54386520385742","35.54386520385742","35.54386520385742"
"1330","39.11678695678711","39.11678695678711","39.11678695678711"
"1331","31.60070037841797","31.60070037841797","31.60070037841797"
"1332","31.15268325805664","31.15268325805664","31.15268325805664"
"1333","38.601192474365234","38.601192474365234","38.601192474365234"
"1334","38.43532180786133","38.43532180786133","38.43532180786133"
"1335","36.994781494140625","36.994781494140625","36.994781494140625"
"1337","42.21845245361328","42.21845245361328","42.21845245361328"
"1338","30.338531494140625","30.338531494140625","30.338531494140625"
"1339","39.31688690185547","39.31688690185547","39.31688690185547"
"1340","42.968528747558594","42.968528747558594","42.968528747558594"
"1341","32.25581359863281","32.25581359863281","32.25581359863281"