"Step","serene-sun-203 - test/ssim_scat","serene-sun-203 - test/ssim_scat__MIN","serene-sun-203 - test/ssim_scat__MAX"
"1","0.8983814716339111","0.8983814716339111","0.8983814716339111"
"2","0.9026282429695129","0.9026282429695129","0.9026282429695129"
"3","0.9310981035232544","0.9310981035232544","0.9310981035232544"
"4","0.8775529861450195","0.8775529861450195","0.8775529861450195"
"5","0.9183516502380371","0.9183516502380371","0.9183516502380371"
"6","0.9127343893051147","0.9127343893051147","0.9127343893051147"
"7","0.9217553734779358","0.9217553734779358","0.9217553734779358"
"8","0.874104380607605","0.874104380607605","0.874104380607605"
"9","0.9105954170227051","0.9105954170227051","0.9105954170227051"
"10","0.9195555448532104","0.9195555448532104","0.9195555448532104"
"11","0.8595234155654907","0.8595234155654907","0.8595234155654907"
"12","0.913812518119812","0.913812518119812","0.913812518119812"
"13","0.8485109210014343","0.8485109210014343","0.8485109210014343"
"14","0.8801045417785645","0.8801045417785645","0.8801045417785645"
"15","0.911029040813446","0.911029040813446","0.911029040813446"
"16","0.8885361552238464","0.8885361552238464","0.8885361552238464"
"18","0.9023768901824951","0.9023768901824951","0.9023768901824951"
"19","0.904827892780304","0.904827892780304","0.904827892780304"
"20","0.9238701462745667","0.9238701462745667","0.9238701462745667"
"21","0.9153968095779419","0.9153968095779419","0.9153968095779419"
"22","0.8722896575927734","0.8722896575927734","0.8722896575927734"
"23","0.894903302192688","0.894903302192688","0.894903302192688"
"24","0.9256213903427124","0.9256213903427124","0.9256213903427124"
"25","0.8678188920021057","0.8678188920021057","0.8678188920021057"
"26","0.9143065810203552","0.9143065810203552","0.9143065810203552"
"27","0.8883261680603027","0.8883261680603027","0.8883261680603027"
"28","0.9248595833778381","0.9248595833778381","0.9248595833778381"
"29","0.8875702619552612","0.8875702619552612","0.8875702619552612"
"30","0.916824996471405","0.916824996471405","0.916824996471405"
"31","0.8780583739280701","0.8780583739280701","0.8780583739280701"
"32","0.8843940496444702","0.8843940496444702","0.8843940496444702"
"33","0.8734390139579773","0.8734390139579773","0.8734390139579773"
"34","0.8965529203414917","0.8965529203414917","0.8965529203414917"
"35","0.8570185899734497","0.8570185899734497","0.8570185899734497"
"36","0.9043896794319153","0.9043896794319153","0.9043896794319153"
"37","0.8662267327308655","0.8662267327308655","0.8662267327308655"
"38","0.9224607944488525","0.9224607944488525","0.9224607944488525"
"39","0.9157397747039795","0.9157397747039795","0.9157397747039795"
"40","0.8702882528305054","0.8702882528305054","0.8702882528305054"
"41","0.9225937128067017","0.9225937128067017","0.9225937128067017"
"42","0.9228067994117737","0.9228067994117737","0.9228067994117737"
"43","0.9083079099655151","0.9083079099655151","0.9083079099655151"
"44","0.8924171328544617","0.8924171328544617","0.8924171328544617"
"45","0.9125256538391113","0.9125256538391113","0.9125256538391113"
"46","0.9258353114128113","0.9258353114128113","0.9258353114128113"
"47","0.9319782257080078","0.9319782257080078","0.9319782257080078"
"48","0.9068895578384399","0.9068895578384399","0.9068895578384399"
"49","0.9297234416007996","0.9297234416007996","0.9297234416007996"
"51","0.8970303535461426","0.8970303535461426","0.8970303535461426"
"52","0.9187799692153931","0.9187799692153931","0.9187799692153931"
"53","0.8717857599258423","0.8717857599258423","0.8717857599258423"
"54","0.922005295753479","0.922005295753479","0.922005295753479"
"55","0.8864404559135437","0.8864404559135437","0.8864404559135437"
"56","0.9166545271873474","0.9166545271873474","0.9166545271873474"
"57","0.9252533912658691","0.9252533912658691","0.9252533912658691"
"58","0.9224194288253784","0.9224194288253784","0.9224194288253784"
"59","0.8797706365585327","0.8797706365585327","0.8797706365585327"
"60","0.8919953107833862","0.8919953107833862","0.8919953107833862"
"61","0.8656430244445801","0.8656430244445801","0.8656430244445801"
"62","0.8905608654022217","0.8905608654022217","0.8905608654022217"
"63","0.9071135520935059","0.9071135520935059","0.9071135520935059"
"64","0.9313778281211853","0.9313778281211853","0.9313778281211853"
"65","0.9310013651847839","0.9310013651847839","0.9310013651847839"
"66","0.914928674697876","0.914928674697876","0.914928674697876"
"67","0.8951607942581177","0.8951607942581177","0.8951607942581177"
"68","0.9251447916030884","0.9251447916030884","0.9251447916030884"
"69","0.8934587836265564","0.8934587836265564","0.8934587836265564"
"70","0.9050038456916809","0.9050038456916809","0.9050038456916809"
"71","0.9104349613189697","0.9104349613189697","0.9104349613189697"
"72","0.9242622256278992","0.9242622256278992","0.9242622256278992"
"73","0.9111059904098511","0.9111059904098511","0.9111059904098511"
"74","0.9309288859367371","0.9309288859367371","0.9309288859367371"
"75","0.901176929473877","0.901176929473877","0.901176929473877"
"76","0.9009107351303101","0.9009107351303101","0.9009107351303101"
"77","0.9242264032363892","0.9242264032363892","0.9242264032363892"
"78","0.9242026805877686","0.9242026805877686","0.9242026805877686"
"79","0.8755905628204346","0.8755905628204346","0.8755905628204346"
"80","0.8954541087150574","0.8954541087150574","0.8954541087150574"
"81","0.9317485094070435","0.9317485094070435","0.9317485094070435"
"82","0.8893301486968994","0.8893301486968994","0.8893301486968994"
"84","0.8746895790100098","0.8746895790100098","0.8746895790100098"
"85","0.8832041025161743","0.8832041025161743","0.8832041025161743"
"86","0.8803352117538452","0.8803352117538452","0.8803352117538452"
"87","0.8695908784866333","0.8695908784866333","0.8695908784866333"
"88","0.8991583585739136","0.8991583585739136","0.8991583585739136"
"89","0.9000236392021179","0.9000236392021179","0.9000236392021179"
"90","0.8856968879699707","0.8856968879699707","0.8856968879699707"
"91","0.9000615477561951","0.9000615477561951","0.9000615477561951"
"92","0.9072702527046204","0.9072702527046204","0.9072702527046204"
"93","0.875147819519043","0.875147819519043","0.875147819519043"
"94","0.8779659867286682","0.8779659867286682","0.8779659867286682"
"95","0.9279641509056091","0.9279641509056091","0.9279641509056091"
"96","0.8967860341072083","0.8967860341072083","0.8967860341072083"
"97","0.9261678457260132","0.9261678457260132","0.9261678457260132"
"98","0.9049608707427979","0.9049608707427979","0.9049608707427979"
"99","0.8809808492660522","0.8809808492660522","0.8809808492660522"
"101","0.8829038143157959","0.8829038143157959","0.8829038143157959"
"102","0.9174569845199585","0.9174569845199585","0.9174569845199585"
"103","0.8951928615570068","0.8951928615570068","0.8951928615570068"
"104","0.9112749099731445","0.9112749099731445","0.9112749099731445"
"105","0.9283177852630615","0.9283177852630615","0.9283177852630615"
"106","0.9209387898445129","0.9209387898445129","0.9209387898445129"
"107","0.9039534330368042","0.9039534330368042","0.9039534330368042"
"108","0.9268873929977417","0.9268873929977417","0.9268873929977417"
"109","0.8692883253097534","0.8692883253097534","0.8692883253097534"
"110","0.8915139436721802","0.8915139436721802","0.8915139436721802"
"111","0.926193118095398","0.926193118095398","0.926193118095398"
"112","0.9308363199234009","0.9308363199234009","0.9308363199234009"
"113","0.8926651477813721","0.8926651477813721","0.8926651477813721"
"114","0.9258323311805725","0.9258323311805725","0.9258323311805725"
"115","0.8748576641082764","0.8748576641082764","0.8748576641082764"
"116","0.9025424718856812","0.9025424718856812","0.9025424718856812"
"118","0.9303930401802063","0.9303930401802063","0.9303930401802063"
"119","0.9225982427597046","0.9225982427597046","0.9225982427597046"
"120","0.8970229625701904","0.8970229625701904","0.8970229625701904"
"121","0.9171591997146606","0.9171591997146606","0.9171591997146606"
"122","0.9278892278671265","0.9278892278671265","0.9278892278671265"
"123","0.8791276216506958","0.8791276216506958","0.8791276216506958"
"124","0.8751659989356995","0.8751659989356995","0.8751659989356995"
"125","0.906169056892395","0.906169056892395","0.906169056892395"
"126","0.8821396827697754","0.8821396827697754","0.8821396827697754"
"127","0.8711803555488586","0.8711803555488586","0.8711803555488586"
"128","0.8843472599983215","0.8843472599983215","0.8843472599983215"
"129","0.8841003179550171","0.8841003179550171","0.8841003179550171"
"130","0.9129582643508911","0.9129582643508911","0.9129582643508911"
"131","0.8738541603088379","0.8738541603088379","0.8738541603088379"
"132","0.9147465229034424","0.9147465229034424","0.9147465229034424"
"133","0.9259787797927856","0.9259787797927856","0.9259787797927856"
"134","0.9240935444831848","0.9240935444831848","0.9240935444831848"
"135","0.9105979204177856","0.9105979204177856","0.9105979204177856"
"136","0.9241259098052979","0.9241259098052979","0.9241259098052979"
"137","0.8958654403686523","0.8958654403686523","0.8958654403686523"
"138","0.9183954000473022","0.9183954000473022","0.9183954000473022"
"139","0.926520586013794","0.926520586013794","0.926520586013794"
"140","0.9262504577636719","0.9262504577636719","0.9262504577636719"
"141","0.9262195825576782","0.9262195825576782","0.9262195825576782"
"142","0.9002763628959656","0.9002763628959656","0.9002763628959656"
"143","0.8884267807006836","0.8884267807006836","0.8884267807006836"
"144","0.9304144978523254","0.9304144978523254","0.9304144978523254"
"145","0.9181281328201294","0.9181281328201294","0.9181281328201294"
"146","0.9067833423614502","0.9067833423614502","0.9067833423614502"
"147","0.9243329763412476","0.9243329763412476","0.9243329763412476"
"148","0.9044338464736938","0.9044338464736938","0.9044338464736938"
"149","0.906480610370636","0.906480610370636","0.906480610370636"
"151","0.9086993932723999","0.9086993932723999","0.9086993932723999"
"152","0.9166330099105835","0.9166330099105835","0.9166330099105835"
"153","0.8880964517593384","0.8880964517593384","0.8880964517593384"
"154","0.8785183429718018","0.8785183429718018","0.8785183429718018"
"155","0.9271960258483887","0.9271960258483887","0.9271960258483887"
"156","0.8778988718986511","0.8778988718986511","0.8778988718986511"
"157","0.9091687798500061","0.9091687798500061","0.9091687798500061"
"158","0.9293771982192993","0.9293771982192993","0.9293771982192993"
"159","0.9194006323814392","0.9194006323814392","0.9194006323814392"
"160","0.8709725141525269","0.8709725141525269","0.8709725141525269"
"161","0.9100894927978516","0.9100894927978516","0.9100894927978516"
"162","0.9098149538040161","0.9098149538040161","0.9098149538040161"
"163","0.9131827354431152","0.9131827354431152","0.9131827354431152"
"164","0.8964740037918091","0.8964740037918091","0.8964740037918091"
"165","0.885755717754364","0.885755717754364","0.885755717754364"
"166","0.9047348499298096","0.9047348499298096","0.9047348499298096"
"167","0.9324407577514648","0.9324407577514648","0.9324407577514648"
"168","0.9080930352210999","0.9080930352210999","0.9080930352210999"
"169","0.8684674501419067","0.8684674501419067","0.8684674501419067"
"170","0.8625782132148743","0.8625782132148743","0.8625782132148743"
"171","0.9244265556335449","0.9244265556335449","0.9244265556335449"
"172","0.8951992988586426","0.8951992988586426","0.8951992988586426"
"173","0.9042212963104248","0.9042212963104248","0.9042212963104248"
"174","0.9247362613677979","0.9247362613677979","0.9247362613677979"
"175","0.8787405490875244","0.8787405490875244","0.8787405490875244"
"176","0.9181292653083801","0.9181292653083801","0.9181292653083801"
"177","0.8798112869262695","0.8798112869262695","0.8798112869262695"
"178","0.9060579538345337","0.9060579538345337","0.9060579538345337"
"179","0.8697388172149658","0.8697388172149658","0.8697388172149658"
"180","0.9047290086746216","0.9047290086746216","0.9047290086746216"
"181","0.9117734432220459","0.9117734432220459","0.9117734432220459"
"182","0.9254151582717896","0.9254151582717896","0.9254151582717896"
"184","0.9212262034416199","0.9212262034416199","0.9212262034416199"
"185","0.9146064519882202","0.9146064519882202","0.9146064519882202"
"186","0.8996853828430176","0.8996853828430176","0.8996853828430176"
"187","0.9085650444030762","0.9085650444030762","0.9085650444030762"
"188","0.8841086626052856","0.8841086626052856","0.8841086626052856"
"189","0.9190042614936829","0.9190042614936829","0.9190042614936829"
"190","0.8631863594055176","0.8631863594055176","0.8631863594055176"
"191","0.9134379029273987","0.9134379029273987","0.9134379029273987"
"192","0.9059427380561829","0.9059427380561829","0.9059427380561829"
"193","0.8789841532707214","0.8789841532707214","0.8789841532707214"
"194","0.923566460609436","0.923566460609436","0.923566460609436"
"195","0.9003869295120239","0.9003869295120239","0.9003869295120239"
"196","0.8934895396232605","0.8934895396232605","0.8934895396232605"
"197","0.8931816816329956","0.8931816816329956","0.8931816816329956"
"198","0.8684045076370239","0.8684045076370239","0.8684045076370239"
"199","0.8931958675384521","0.8931958675384521","0.8931958675384521"
"201","0.9020670056343079","0.9020670056343079","0.9020670056343079"
"202","0.9118161201477051","0.9118161201477051","0.9118161201477051"
"203","0.8921571969985962","0.8921571969985962","0.8921571969985962"
"204","0.8945325613021851","0.8945325613021851","0.8945325613021851"
"205","0.892286479473114","0.892286479473114","0.892286479473114"
"206","0.9062855243682861","0.9062855243682861","0.9062855243682861"
"207","0.8642245531082153","0.8642245531082153","0.8642245531082153"
"208","0.8977835178375244","0.8977835178375244","0.8977835178375244"
"209","0.9001047015190125","0.9001047015190125","0.9001047015190125"
"210","0.9231221675872803","0.9231221675872803","0.9231221675872803"
"211","0.9070138335227966","0.9070138335227966","0.9070138335227966"
"212","0.8731156587600708","0.8731156587600708","0.8731156587600708"
"213","0.9212530851364136","0.9212530851364136","0.9212530851364136"
"214","0.9276523590087891","0.9276523590087891","0.9276523590087891"
"215","0.8673555254936218","0.8673555254936218","0.8673555254936218"
"216","0.9172463417053223","0.9172463417053223","0.9172463417053223"
"218","0.8851613402366638","0.8851613402366638","0.8851613402366638"
"219","0.9001991748809814","0.9001991748809814","0.9001991748809814"
"220","0.907849907875061","0.907849907875061","0.907849907875061"
"221","0.9275308847427368","0.9275308847427368","0.9275308847427368"
"222","0.8959726095199585","0.8959726095199585","0.8959726095199585"
"223","0.9216002225875854","0.9216002225875854","0.9216002225875854"
"224","0.8665658831596375","0.8665658831596375","0.8665658831596375"
"225","0.9238293170928955","0.9238293170928955","0.9238293170928955"
"226","0.8936643600463867","0.8936643600463867","0.8936643600463867"
"227","0.8896211385726929","0.8896211385726929","0.8896211385726929"
"228","0.9102706909179688","0.9102706909179688","0.9102706909179688"
"229","0.9012066125869751","0.9012066125869751","0.9012066125869751"
"230","0.9241552948951721","0.9241552948951721","0.9241552948951721"
"231","0.905070424079895","0.905070424079895","0.905070424079895"
"232","0.8880107998847961","0.8880107998847961","0.8880107998847961"
"233","0.8932939767837524","0.8932939767837524","0.8932939767837524"
"234","0.9274777770042419","0.9274777770042419","0.9274777770042419"
"235","0.874018132686615","0.874018132686615","0.874018132686615"
"236","0.8677254915237427","0.8677254915237427","0.8677254915237427"
"237","0.9161809682846069","0.9161809682846069","0.9161809682846069"
"238","0.8966833353042603","0.8966833353042603","0.8966833353042603"
"239","0.8964524269104004","0.8964524269104004","0.8964524269104004"
"240","0.9120374321937561","0.9120374321937561","0.9120374321937561"
"241","0.9172846078872681","0.9172846078872681","0.9172846078872681"
"242","0.9282664060592651","0.9282664060592651","0.9282664060592651"
"243","0.9301117658615112","0.9301117658615112","0.9301117658615112"
"244","0.9267536997795105","0.9267536997795105","0.9267536997795105"
"245","0.8929309844970703","0.8929309844970703","0.8929309844970703"
"246","0.8991416096687317","0.8991416096687317","0.8991416096687317"
"247","0.8738789558410645","0.8738789558410645","0.8738789558410645"
"248","0.9214491248130798","0.9214491248130798","0.9214491248130798"
"249","0.8883683681488037","0.8883683681488037","0.8883683681488037"
"251","0.878218412399292","0.878218412399292","0.878218412399292"
"252","0.9227002859115601","0.9227002859115601","0.9227002859115601"
"253","0.9186690449714661","0.9186690449714661","0.9186690449714661"
"254","0.8521298766136169","0.8521298766136169","0.8521298766136169"
"255","0.9268401861190796","0.9268401861190796","0.9268401861190796"
"256","0.9054920673370361","0.9054920673370361","0.9054920673370361"
"257","0.8881914615631104","0.8881914615631104","0.8881914615631104"
"258","0.9255093932151794","0.9255093932151794","0.9255093932151794"
"259","0.8974460363388062","0.8974460363388062","0.8974460363388062"
"260","0.9161196947097778","0.9161196947097778","0.9161196947097778"
"261","0.8943895697593689","0.8943895697593689","0.8943895697593689"
"262","0.9106369018554688","0.9106369018554688","0.9106369018554688"
"263","0.903204083442688","0.903204083442688","0.903204083442688"
"264","0.920958399772644","0.920958399772644","0.920958399772644"
"265","0.9230118989944458","0.9230118989944458","0.9230118989944458"
"266","0.8966968059539795","0.8966968059539795","0.8966968059539795"
"267","0.8674825429916382","0.8674825429916382","0.8674825429916382"
"268","0.909042477607727","0.909042477607727","0.909042477607727"
"269","0.859165370464325","0.859165370464325","0.859165370464325"
"270","0.924668550491333","0.924668550491333","0.924668550491333"
"271","0.8774060606956482","0.8774060606956482","0.8774060606956482"
"272","0.9105061888694763","0.9105061888694763","0.9105061888694763"
"273","0.8939328193664551","0.8939328193664551","0.8939328193664551"
"274","0.8844972848892212","0.8844972848892212","0.8844972848892212"
"275","0.9145909547805786","0.9145909547805786","0.9145909547805786"
"276","0.9082762002944946","0.9082762002944946","0.9082762002944946"
"277","0.902587354183197","0.902587354183197","0.902587354183197"
"278","0.8819580674171448","0.8819580674171448","0.8819580674171448"
"279","0.875640332698822","0.875640332698822","0.875640332698822"
"280","0.9195936918258667","0.9195936918258667","0.9195936918258667"
"281","0.9034391641616821","0.9034391641616821","0.9034391641616821"
"282","0.9091475605964661","0.9091475605964661","0.9091475605964661"
"284","0.8706289529800415","0.8706289529800415","0.8706289529800415"
"285","0.9064534902572632","0.9064534902572632","0.9064534902572632"
"286","0.9266535639762878","0.9266535639762878","0.9266535639762878"
"287","0.8887938261032104","0.8887938261032104","0.8887938261032104"
"288","0.9136927127838135","0.9136927127838135","0.9136927127838135"
"289","0.8813686370849609","0.8813686370849609","0.8813686370849609"
"290","0.9094616174697876","0.9094616174697876","0.9094616174697876"
"291","0.9198224544525146","0.9198224544525146","0.9198224544525146"
"292","0.8753132820129395","0.8753132820129395","0.8753132820129395"
"293","0.9153820276260376","0.9153820276260376","0.9153820276260376"
"294","0.8376035690307617","0.8376035690307617","0.8376035690307617"
"295","0.9072348475456238","0.9072348475456238","0.9072348475456238"
"296","0.9050912261009216","0.9050912261009216","0.9050912261009216"
"297","0.8783289790153503","0.8783289790153503","0.8783289790153503"
"298","0.9098953008651733","0.9098953008651733","0.9098953008651733"
"299","0.8994672298431396","0.8994672298431396","0.8994672298431396"
"301","0.8896582722663879","0.8896582722663879","0.8896582722663879"
"302","0.9058441519737244","0.9058441519737244","0.9058441519737244"
"303","0.8876383900642395","0.8876383900642395","0.8876383900642395"
"304","0.9148836135864258","0.9148836135864258","0.9148836135864258"
"305","0.9013828635215759","0.9013828635215759","0.9013828635215759"
"306","0.8781232833862305","0.8781232833862305","0.8781232833862305"
"307","0.898554801940918","0.898554801940918","0.898554801940918"
"308","0.8845911622047424","0.8845911622047424","0.8845911622047424"
"309","0.8808460235595703","0.8808460235595703","0.8808460235595703"
"310","0.9080570936203003","0.9080570936203003","0.9080570936203003"
"311","0.8882130980491638","0.8882130980491638","0.8882130980491638"
"312","0.8468056917190552","0.8468056917190552","0.8468056917190552"
"313","0.9107173085212708","0.9107173085212708","0.9107173085212708"
"314","0.9125189781188965","0.9125189781188965","0.9125189781188965"
"315","0.8911910057067871","0.8911910057067871","0.8911910057067871"
"316","0.8883569240570068","0.8883569240570068","0.8883569240570068"
"318","0.9211647510528564","0.9211647510528564","0.9211647510528564"
"319","0.9210776090621948","0.9210776090621948","0.9210776090621948"
"320","0.8721861839294434","0.8721861839294434","0.8721861839294434"
"321","0.922135055065155","0.922135055065155","0.922135055065155"
"322","0.9043987989425659","0.9043987989425659","0.9043987989425659"
"323","0.8846006989479065","0.8846006989479065","0.8846006989479065"
"324","0.8831987380981445","0.8831987380981445","0.8831987380981445"
"325","0.888070821762085","0.888070821762085","0.888070821762085"
"326","0.9300010204315186","0.9300010204315186","0.9300010204315186"
"327","0.9052405953407288","0.9052405953407288","0.9052405953407288"
"328","0.920944333076477","0.920944333076477","0.920944333076477"
"329","0.8958068490028381","0.8958068490028381","0.8958068490028381"
"330","0.9287840127944946","0.9287840127944946","0.9287840127944946"
"331","0.8802751302719116","0.8802751302719116","0.8802751302719116"
"332","0.8976083993911743","0.8976083993911743","0.8976083993911743"
"333","0.902267575263977","0.902267575263977","0.902267575263977"
"334","0.8904114961624146","0.8904114961624146","0.8904114961624146"
"335","0.9224838018417358","0.9224838018417358","0.9224838018417358"
"336","0.9282858967781067","0.9282858967781067","0.9282858967781067"
"337","0.9155714511871338","0.9155714511871338","0.9155714511871338"
"338","0.9281653165817261","0.9281653165817261","0.9281653165817261"
"339","0.8731380701065063","0.8731380701065063","0.8731380701065063"
"340","0.8774991631507874","0.8774991631507874","0.8774991631507874"
"341","0.9173886179924011","0.9173886179924011","0.9173886179924011"
"342","0.914262056350708","0.914262056350708","0.914262056350708"
"343","0.9244003295898438","0.9244003295898438","0.9244003295898438"
"344","0.9136703014373779","0.9136703014373779","0.9136703014373779"
"345","0.8900600075721741","0.8900600075721741","0.8900600075721741"
"346","0.9143524765968323","0.9143524765968323","0.9143524765968323"
"347","0.9144690036773682","0.9144690036773682","0.9144690036773682"
"348","0.9254467487335205","0.9254467487335205","0.9254467487335205"
"349","0.9008007645606995","0.9008007645606995","0.9008007645606995"
"351","0.8947561383247375","0.8947561383247375","0.8947561383247375"
"352","0.892735481262207","0.892735481262207","0.892735481262207"
"353","0.9098720550537109","0.9098720550537109","0.9098720550537109"
"354","0.91871178150177","0.91871178150177","0.91871178150177"
"355","0.9249417781829834","0.9249417781829834","0.9249417781829834"
"356","0.9275700449943542","0.9275700449943542","0.9275700449943542"
"357","0.8603856563568115","0.8603856563568115","0.8603856563568115"
"358","0.9161259531974792","0.9161259531974792","0.9161259531974792"
"359","0.8836409449577332","0.8836409449577332","0.8836409449577332"
"360","0.9105839133262634","0.9105839133262634","0.9105839133262634"
"361","0.9162179827690125","0.9162179827690125","0.9162179827690125"
"362","0.8790584802627563","0.8790584802627563","0.8790584802627563"
"363","0.9079322218894958","0.9079322218894958","0.9079322218894958"
"364","0.9061839580535889","0.9061839580535889","0.9061839580535889"
"365","0.9239543676376343","0.9239543676376343","0.9239543676376343"
"366","0.924576997756958","0.924576997756958","0.924576997756958"
"367","0.8946890830993652","0.8946890830993652","0.8946890830993652"
"368","0.9115747809410095","0.9115747809410095","0.9115747809410095"
"369","0.9009484052658081","0.9009484052658081","0.9009484052658081"
"370","0.9221426248550415","0.9221426248550415","0.9221426248550415"
"371","0.9074671268463135","0.9074671268463135","0.9074671268463135"
"372","0.916438639163971","0.916438639163971","0.916438639163971"
"373","0.8776721954345703","0.8776721954345703","0.8776721954345703"
"374","0.9131706953048706","0.9131706953048706","0.9131706953048706"
"375","0.8892276287078857","0.8892276287078857","0.8892276287078857"
"376","0.9316606521606445","0.9316606521606445","0.9316606521606445"
"377","0.8786259889602661","0.8786259889602661","0.8786259889602661"
"378","0.9057374000549316","0.9057374000549316","0.9057374000549316"
"379","0.9298582673072815","0.9298582673072815","0.9298582673072815"
"380","0.8988175988197327","0.8988175988197327","0.8988175988197327"
"381","0.8891527652740479","0.8891527652740479","0.8891527652740479"
"382","0.9309977889060974","0.9309977889060974","0.9309977889060974"
"384","0.9338947534561157","0.9338947534561157","0.9338947534561157"
"385","0.9295629858970642","0.9295629858970642","0.9295629858970642"
"386","0.887694239616394","0.887694239616394","0.887694239616394"
"387","0.9208593368530273","0.9208593368530273","0.9208593368530273"
"388","0.9227977395057678","0.9227977395057678","0.9227977395057678"
"389","0.926772952079773","0.926772952079773","0.926772952079773"
"390","0.9085519909858704","0.9085519909858704","0.9085519909858704"
"391","0.9129645824432373","0.9129645824432373","0.9129645824432373"
"392","0.8831852078437805","0.8831852078437805","0.8831852078437805"
"393","0.897583544254303","0.897583544254303","0.897583544254303"
"394","0.9009048938751221","0.9009048938751221","0.9009048938751221"
"395","0.9290186762809753","0.9290186762809753","0.9290186762809753"
"396","0.9279658794403076","0.9279658794403076","0.9279658794403076"
"397","0.9016174077987671","0.9016174077987671","0.9016174077987671"
"398","0.8979504108428955","0.8979504108428955","0.8979504108428955"
"399","0.8814465999603271","0.8814465999603271","0.8814465999603271"
"401","0.9045348167419434","0.9045348167419434","0.9045348167419434"
"402","0.8742741346359253","0.8742741346359253","0.8742741346359253"
"403","0.8845632076263428","0.8845632076263428","0.8845632076263428"
"404","0.9216086268424988","0.9216086268424988","0.9216086268424988"
"405","0.9178576469421387","0.9178576469421387","0.9178576469421387"
"406","0.9113880395889282","0.9113880395889282","0.9113880395889282"
"407","0.9260151982307434","0.9260151982307434","0.9260151982307434"
"408","0.8937540054321289","0.8937540054321289","0.8937540054321289"
"409","0.9145020246505737","0.9145020246505737","0.9145020246505737"
"410","0.9160100221633911","0.9160100221633911","0.9160100221633911"
"411","0.8842973709106445","0.8842973709106445","0.8842973709106445"
"412","0.9047101736068726","0.9047101736068726","0.9047101736068726"
"413","0.8956507444381714","0.8956507444381714","0.8956507444381714"
"414","0.8702082633972168","0.8702082633972168","0.8702082633972168"
"415","0.9079854488372803","0.9079854488372803","0.9079854488372803"
"416","0.9263068437576294","0.9263068437576294","0.9263068437576294"
"418","0.9262411594390869","0.9262411594390869","0.9262411594390869"
"419","0.9024301767349243","0.9024301767349243","0.9024301767349243"
"420","0.9003754258155823","0.9003754258155823","0.9003754258155823"
"421","0.9129222631454468","0.9129222631454468","0.9129222631454468"
"422","0.911030650138855","0.911030650138855","0.911030650138855"
"423","0.91866135597229","0.91866135597229","0.91866135597229"
"424","0.8959232568740845","0.8959232568740845","0.8959232568740845"
"425","0.9003020524978638","0.9003020524978638","0.9003020524978638"
"426","0.8630201816558838","0.8630201816558838","0.8630201816558838"
"427","0.8687697649002075","0.8687697649002075","0.8687697649002075"
"428","0.9124259352684021","0.9124259352684021","0.9124259352684021"
"429","0.9115270376205444","0.9115270376205444","0.9115270376205444"
"430","0.9272978901863098","0.9272978901863098","0.9272978901863098"
"431","0.8970328569412231","0.8970328569412231","0.8970328569412231"
"432","0.9272134900093079","0.9272134900093079","0.9272134900093079"
"433","0.9281412959098816","0.9281412959098816","0.9281412959098816"
"434","0.9100983738899231","0.9100983738899231","0.9100983738899231"
"435","0.8997305631637573","0.8997305631637573","0.8997305631637573"
"436","0.8595629334449768","0.8595629334449768","0.8595629334449768"
"437","0.8598642349243164","0.8598642349243164","0.8598642349243164"
"438","0.9000277519226074","0.9000277519226074","0.9000277519226074"
"439","0.9019772410392761","0.9019772410392761","0.9019772410392761"
"440","0.9063440561294556","0.9063440561294556","0.9063440561294556"
"441","0.8990041017532349","0.8990041017532349","0.8990041017532349"
"442","0.9211167097091675","0.9211167097091675","0.9211167097091675"
"443","0.9330878257751465","0.9330878257751465","0.9330878257751465"
"444","0.8698798418045044","0.8698798418045044","0.8698798418045044"
"445","0.900668740272522","0.900668740272522","0.900668740272522"
"446","0.9015922546386719","0.9015922546386719","0.9015922546386719"
"447","0.8429970145225525","0.8429970145225525","0.8429970145225525"
"448","0.920867383480072","0.920867383480072","0.920867383480072"
"449","0.8804309964179993","0.8804309964179993","0.8804309964179993"
"451","0.9104695916175842","0.9104695916175842","0.9104695916175842"
"452","0.9266063570976257","0.9266063570976257","0.9266063570976257"
"453","0.9255392551422119","0.9255392551422119","0.9255392551422119"
"454","0.9151672124862671","0.9151672124862671","0.9151672124862671"
"455","0.894495964050293","0.894495964050293","0.894495964050293"
"456","0.9087923765182495","0.9087923765182495","0.9087923765182495"
"457","0.9264394044876099","0.9264394044876099","0.9264394044876099"
"458","0.9092825651168823","0.9092825651168823","0.9092825651168823"
"459","0.8900028467178345","0.8900028467178345","0.8900028467178345"
"460","0.892897367477417","0.892897367477417","0.892897367477417"
"461","0.9067226052284241","0.9067226052284241","0.9067226052284241"
"462","0.9214837551116943","0.9214837551116943","0.9214837551116943"
"463","0.9041808247566223","0.9041808247566223","0.9041808247566223"
"464","0.9254944920539856","0.9254944920539856","0.9254944920539856"
"465","0.9044064879417419","0.9044064879417419","0.9044064879417419"
"466","0.9076930284500122","0.9076930284500122","0.9076930284500122"
"467","0.8886793851852417","0.8886793851852417","0.8886793851852417"
"468","0.9179973602294922","0.9179973602294922","0.9179973602294922"
"469","0.9144784212112427","0.9144784212112427","0.9144784212112427"
"470","0.9012763500213623","0.9012763500213623","0.9012763500213623"
"471","0.8987362384796143","0.8987362384796143","0.8987362384796143"
"472","0.9241794943809509","0.9241794943809509","0.9241794943809509"
"473","0.8969281911849976","0.8969281911849976","0.8969281911849976"
"474","0.8821367025375366","0.8821367025375366","0.8821367025375366"
"475","0.906607985496521","0.906607985496521","0.906607985496521"
"476","0.8799344301223755","0.8799344301223755","0.8799344301223755"
"477","0.923670768737793","0.923670768737793","0.923670768737793"
"478","0.8971732258796692","0.8971732258796692","0.8971732258796692"
"479","0.9225376844406128","0.9225376844406128","0.9225376844406128"
"480","0.9206380844116211","0.9206380844116211","0.9206380844116211"
"481","0.8752701282501221","0.8752701282501221","0.8752701282501221"
"482","0.9175195097923279","0.9175195097923279","0.9175195097923279"
"484","0.9220251441001892","0.9220251441001892","0.9220251441001892"
"485","0.9293848872184753","0.9293848872184753","0.9293848872184753"
"486","0.9041464924812317","0.9041464924812317","0.9041464924812317"
"487","0.9291329979896545","0.9291329979896545","0.9291329979896545"
"488","0.9308085441589355","0.9308085441589355","0.9308085441589355"
"489","0.9003411531448364","0.9003411531448364","0.9003411531448364"
"490","0.9108710885047913","0.9108710885047913","0.9108710885047913"
"491","0.9047467708587646","0.9047467708587646","0.9047467708587646"
"492","0.907505452632904","0.907505452632904","0.907505452632904"
"493","0.885730504989624","0.885730504989624","0.885730504989624"
"494","0.9212616682052612","0.9212616682052612","0.9212616682052612"
"495","0.892338752746582","0.892338752746582","0.892338752746582"
"496","0.9134138822555542","0.9134138822555542","0.9134138822555542"
"497","0.926719069480896","0.926719069480896","0.926719069480896"
"498","0.9030196666717529","0.9030196666717529","0.9030196666717529"
"499","0.8768711090087891","0.8768711090087891","0.8768711090087891"
"501","0.9018744826316833","0.9018744826316833","0.9018744826316833"
"502","0.9187121987342834","0.9187121987342834","0.9187121987342834"
"503","0.8702458739280701","0.8702458739280701","0.8702458739280701"
"504","0.9157954454421997","0.9157954454421997","0.9157954454421997"
"505","0.9281294345855713","0.9281294345855713","0.9281294345855713"
"506","0.9188810586929321","0.9188810586929321","0.9188810586929321"
"507","0.8861662745475769","0.8861662745475769","0.8861662745475769"
"508","0.8946390748023987","0.8946390748023987","0.8946390748023987"
"509","0.8719841837882996","0.8719841837882996","0.8719841837882996"
"510","0.9209862947463989","0.9209862947463989","0.9209862947463989"
"511","0.9262726306915283","0.9262726306915283","0.9262726306915283"
"512","0.887006938457489","0.887006938457489","0.887006938457489"
"513","0.921310544013977","0.921310544013977","0.921310544013977"
"514","0.9045069217681885","0.9045069217681885","0.9045069217681885"
"515","0.9026937484741211","0.9026937484741211","0.9026937484741211"
"516","0.9180147647857666","0.9180147647857666","0.9180147647857666"
"518","0.8805456757545471","0.8805456757545471","0.8805456757545471"
"519","0.8916914463043213","0.8916914463043213","0.8916914463043213"
"520","0.9053763151168823","0.9053763151168823","0.9053763151168823"
"521","0.8992133140563965","0.8992133140563965","0.8992133140563965"
"522","0.9007666110992432","0.9007666110992432","0.9007666110992432"
"523","0.9158413410186768","0.9158413410186768","0.9158413410186768"
"524","0.8959363102912903","0.8959363102912903","0.8959363102912903"
"525","0.9286723732948303","0.9286723732948303","0.9286723732948303"
"526","0.8883541226387024","0.8883541226387024","0.8883541226387024"
"527","0.8871654272079468","0.8871654272079468","0.8871654272079468"
"528","0.9137229919433594","0.9137229919433594","0.9137229919433594"
"529","0.8887352347373962","0.8887352347373962","0.8887352347373962"
"530","0.8513404130935669","0.8513404130935669","0.8513404130935669"
"531","0.9330471754074097","0.9330471754074097","0.9330471754074097"
"532","0.8924184441566467","0.8924184441566467","0.8924184441566467"
"533","0.8869537711143494","0.8869537711143494","0.8869537711143494"
"534","0.8966106176376343","0.8966106176376343","0.8966106176376343"
"535","0.927087664604187","0.927087664604187","0.927087664604187"
"536","0.8818304538726807","0.8818304538726807","0.8818304538726807"
"537","0.8810279369354248","0.8810279369354248","0.8810279369354248"
"538","0.851999044418335","0.851999044418335","0.851999044418335"
"539","0.8826203346252441","0.8826203346252441","0.8826203346252441"
"540","0.8989137411117554","0.8989137411117554","0.8989137411117554"
"541","0.9186919927597046","0.9186919927597046","0.9186919927597046"
"542","0.9001432061195374","0.9001432061195374","0.9001432061195374"
"543","0.9058901071548462","0.9058901071548462","0.9058901071548462"
"544","0.866512656211853","0.866512656211853","0.866512656211853"
"545","0.9060114622116089","0.9060114622116089","0.9060114622116089"
"546","0.9306774139404297","0.9306774139404297","0.9306774139404297"
"547","0.9019466042518616","0.9019466042518616","0.9019466042518616"
"548","0.9263817667961121","0.9263817667961121","0.9263817667961121"
"549","0.9266508221626282","0.9266508221626282","0.9266508221626282"
"551","0.9140819311141968","0.9140819311141968","0.9140819311141968"
"552","0.8797976970672607","0.8797976970672607","0.8797976970672607"
"553","0.876505970954895","0.876505970954895","0.876505970954895"
"554","0.8999755382537842","0.8999755382537842","0.8999755382537842"
"555","0.9116489887237549","0.9116489887237549","0.9116489887237549"
"556","0.8732161521911621","0.8732161521911621","0.8732161521911621"
"557","0.9268673658370972","0.9268673658370972","0.9268673658370972"
"558","0.9061020612716675","0.9061020612716675","0.9061020612716675"
"559","0.9041576385498047","0.9041576385498047","0.9041576385498047"
"560","0.9332529306411743","0.9332529306411743","0.9332529306411743"
"561","0.8853374719619751","0.8853374719619751","0.8853374719619751"
"562","0.9064244031906128","0.9064244031906128","0.9064244031906128"
"563","0.9068629145622253","0.9068629145622253","0.9068629145622253"
"564","0.9124383330345154","0.9124383330345154","0.9124383330345154"
"565","0.8575220108032227","0.8575220108032227","0.8575220108032227"
"566","0.9209247827529907","0.9209247827529907","0.9209247827529907"
"567","0.9049605131149292","0.9049605131149292","0.9049605131149292"
"568","0.9281315803527832","0.9281315803527832","0.9281315803527832"
"569","0.8802698254585266","0.8802698254585266","0.8802698254585266"
"570","0.9096909165382385","0.9096909165382385","0.9096909165382385"
"571","0.9276082515716553","0.9276082515716553","0.9276082515716553"
"572","0.9193830490112305","0.9193830490112305","0.9193830490112305"
"573","0.9327050447463989","0.9327050447463989","0.9327050447463989"
"574","0.9043232202529907","0.9043232202529907","0.9043232202529907"
"575","0.9178881049156189","0.9178881049156189","0.9178881049156189"
"576","0.892684280872345","0.892684280872345","0.892684280872345"
"577","0.8838569521903992","0.8838569521903992","0.8838569521903992"
"578","0.9272733926773071","0.9272733926773071","0.9272733926773071"
"579","0.9019958972930908","0.9019958972930908","0.9019958972930908"
"580","0.9016474485397339","0.9016474485397339","0.9016474485397339"
"581","0.866734504699707","0.866734504699707","0.866734504699707"
"582","0.9067928194999695","0.9067928194999695","0.9067928194999695"
"584","0.8994172215461731","0.8994172215461731","0.8994172215461731"
"585","0.8896713852882385","0.8896713852882385","0.8896713852882385"
"586","0.9148367047309875","0.9148367047309875","0.9148367047309875"
"587","0.8969430327415466","0.8969430327415466","0.8969430327415466"
"588","0.8744140267372131","0.8744140267372131","0.8744140267372131"
"589","0.9217442274093628","0.9217442274093628","0.9217442274093628"
"590","0.9159829616546631","0.9159829616546631","0.9159829616546631"
"591","0.891124963760376","0.891124963760376","0.891124963760376"
"592","0.8902686238288879","0.8902686238288879","0.8902686238288879"
"593","0.926546573638916","0.926546573638916","0.926546573638916"
"594","0.8956804871559143","0.8956804871559143","0.8956804871559143"
"595","0.9217462539672852","0.9217462539672852","0.9217462539672852"
"596","0.8711928129196167","0.8711928129196167","0.8711928129196167"
"597","0.9276690483093262","0.9276690483093262","0.9276690483093262"
"598","0.8825693130493164","0.8825693130493164","0.8825693130493164"
"599","0.8832688331604004","0.8832688331604004","0.8832688331604004"
"601","0.9284278154373169","0.9284278154373169","0.9284278154373169"
"602","0.907672643661499","0.907672643661499","0.907672643661499"
"603","0.9196740984916687","0.9196740984916687","0.9196740984916687"
"604","0.906998872756958","0.906998872756958","0.906998872756958"
"605","0.9297619462013245","0.9297619462013245","0.9297619462013245"
"606","0.9004683494567871","0.9004683494567871","0.9004683494567871"
"607","0.9143099188804626","0.9143099188804626","0.9143099188804626"
"608","0.909201979637146","0.909201979637146","0.909201979637146"
"609","0.8806862235069275","0.8806862235069275","0.8806862235069275"
"610","0.9090132713317871","0.9090132713317871","0.9090132713317871"
"611","0.9278737306594849","0.9278737306594849","0.9278737306594849"
"612","0.8980424404144287","0.8980424404144287","0.8980424404144287"
"613","0.9025548696517944","0.9025548696517944","0.9025548696517944"
"614","0.9102190732955933","0.9102190732955933","0.9102190732955933"
"615","0.8690836429595947","0.8690836429595947","0.8690836429595947"
"616","0.9122925996780396","0.9122925996780396","0.9122925996780396"
"618","0.9311016798019409","0.9311016798019409","0.9311016798019409"
"619","0.9201185703277588","0.9201185703277588","0.9201185703277588"
"620","0.91078782081604","0.91078782081604","0.91078782081604"
"621","0.914791464805603","0.914791464805603","0.914791464805603"
"622","0.9173933863639832","0.9173933863639832","0.9173933863639832"
"623","0.908388614654541","0.908388614654541","0.908388614654541"
"624","0.9227513074874878","0.9227513074874878","0.9227513074874878"
"625","0.9197164177894592","0.9197164177894592","0.9197164177894592"
"626","0.8958669900894165","0.8958669900894165","0.8958669900894165"
"627","0.9235832095146179","0.9235832095146179","0.9235832095146179"
"628","0.8851203322410583","0.8851203322410583","0.8851203322410583"
"629","0.8928439617156982","0.8928439617156982","0.8928439617156982"
"630","0.913307785987854","0.913307785987854","0.913307785987854"
"631","0.8975716829299927","0.8975716829299927","0.8975716829299927"
"632","0.9093157649040222","0.9093157649040222","0.9093157649040222"
"633","0.9207157492637634","0.9207157492637634","0.9207157492637634"
"634","0.87934410572052","0.87934410572052","0.87934410572052"
"635","0.9093230366706848","0.9093230366706848","0.9093230366706848"
"636","0.8599098920822144","0.8599098920822144","0.8599098920822144"
"637","0.8847059607505798","0.8847059607505798","0.8847059607505798"
"638","0.8920208215713501","0.8920208215713501","0.8920208215713501"
"639","0.886719822883606","0.886719822883606","0.886719822883606"
"640","0.8914937973022461","0.8914937973022461","0.8914937973022461"
"641","0.9098997116088867","0.9098997116088867","0.9098997116088867"
"642","0.9182013869285583","0.9182013869285583","0.9182013869285583"
"643","0.9007691144943237","0.9007691144943237","0.9007691144943237"
"644","0.9155216217041016","0.9155216217041016","0.9155216217041016"
"645","0.8883476257324219","0.8883476257324219","0.8883476257324219"
"646","0.9196802377700806","0.9196802377700806","0.9196802377700806"
"647","0.9189820289611816","0.9189820289611816","0.9189820289611816"
"648","0.8770128488540649","0.8770128488540649","0.8770128488540649"
"649","0.926834762096405","0.926834762096405","0.926834762096405"
"651","0.9299576282501221","0.9299576282501221","0.9299576282501221"
"652","0.8865509629249573","0.8865509629249573","0.8865509629249573"
"653","0.9024783372879028","0.9024783372879028","0.9024783372879028"
"654","0.9114290475845337","0.9114290475845337","0.9114290475845337"
"655","0.8812146782875061","0.8812146782875061","0.8812146782875061"
"656","0.8795206546783447","0.8795206546783447","0.8795206546783447"
"657","0.8727002143859863","0.8727002143859863","0.8727002143859863"
"658","0.9080228209495544","0.9080228209495544","0.9080228209495544"
"659","0.8733507394790649","0.8733507394790649","0.8733507394790649"
"660","0.8760186433792114","0.8760186433792114","0.8760186433792114"
"661","0.8990919589996338","0.8990919589996338","0.8990919589996338"
"662","0.9137755632400513","0.9137755632400513","0.9137755632400513"
"663","0.919685423374176","0.919685423374176","0.919685423374176"
"664","0.9266567230224609","0.9266567230224609","0.9266567230224609"
"665","0.8721022605895996","0.8721022605895996","0.8721022605895996"
"666","0.9203863143920898","0.9203863143920898","0.9203863143920898"
"667","0.9162598252296448","0.9162598252296448","0.9162598252296448"
"668","0.9250826239585876","0.9250826239585876","0.9250826239585876"
"669","0.8776463270187378","0.8776463270187378","0.8776463270187378"
"670","0.9044623374938965","0.9044623374938965","0.9044623374938965"
"671","0.9237716794013977","0.9237716794013977","0.9237716794013977"
"672","0.9310580492019653","0.9310580492019653","0.9310580492019653"
"673","0.8711767196655273","0.8711767196655273","0.8711767196655273"
"674","0.8895987272262573","0.8895987272262573","0.8895987272262573"
"675","0.9054440259933472","0.9054440259933472","0.9054440259933472"
"676","0.9132053256034851","0.9132053256034851","0.9132053256034851"
"677","0.8604949712753296","0.8604949712753296","0.8604949712753296"
"678","0.8885300159454346","0.8885300159454346","0.8885300159454346"
"679","0.9301283359527588","0.9301283359527588","0.9301283359527588"
"680","0.9281669855117798","0.9281669855117798","0.9281669855117798"
"681","0.9254900217056274","0.9254900217056274","0.9254900217056274"
"682","0.9191294312477112","0.9191294312477112","0.9191294312477112"
"684","0.87350994348526","0.87350994348526","0.87350994348526"
"685","0.8870862722396851","0.8870862722396851","0.8870862722396851"
"686","0.9182271957397461","0.9182271957397461","0.9182271957397461"
"687","0.9048694372177124","0.9048694372177124","0.9048694372177124"
"688","0.921047568321228","0.921047568321228","0.921047568321228"
"689","0.8637189865112305","0.8637189865112305","0.8637189865112305"
"690","0.8930599093437195","0.8930599093437195","0.8930599093437195"
"691","0.9102346897125244","0.9102346897125244","0.9102346897125244"
"692","0.9137702584266663","0.9137702584266663","0.9137702584266663"
"693","0.9018294811248779","0.9018294811248779","0.9018294811248779"
"694","0.8914930820465088","0.8914930820465088","0.8914930820465088"
"695","0.9033321738243103","0.9033321738243103","0.9033321738243103"
"696","0.8982470035552979","0.8982470035552979","0.8982470035552979"
"697","0.9262549877166748","0.9262549877166748","0.9262549877166748"
"698","0.8876850605010986","0.8876850605010986","0.8876850605010986"
"699","0.9285329580307007","0.9285329580307007","0.9285329580307007"
"701","0.8943474292755127","0.8943474292755127","0.8943474292755127"
"702","0.9101725816726685","0.9101725816726685","0.9101725816726685"
"703","0.9252209067344666","0.9252209067344666","0.9252209067344666"
"704","0.9253114461898804","0.9253114461898804","0.9253114461898804"
"705","0.8824203014373779","0.8824203014373779","0.8824203014373779"
"706","0.9170223474502563","0.9170223474502563","0.9170223474502563"
"707","0.8851007223129272","0.8851007223129272","0.8851007223129272"
"708","0.9027459621429443","0.9027459621429443","0.9027459621429443"
"709","0.898798942565918","0.898798942565918","0.898798942565918"
"710","0.9158254265785217","0.9158254265785217","0.9158254265785217"
"711","0.911221981048584","0.911221981048584","0.911221981048584"
"712","0.90340256690979","0.90340256690979","0.90340256690979"
"713","0.9283410906791687","0.9283410906791687","0.9283410906791687"
"714","0.8942188024520874","0.8942188024520874","0.8942188024520874"
"715","0.8745130300521851","0.8745130300521851","0.8745130300521851"
"716","0.9152716398239136","0.9152716398239136","0.9152716398239136"
"718","0.92641681432724","0.92641681432724","0.92641681432724"
"719","0.8873474597930908","0.8873474597930908","0.8873474597930908"
"720","0.9026458263397217","0.9026458263397217","0.9026458263397217"
"721","0.8962111473083496","0.8962111473083496","0.8962111473083496"
"722","0.9229413270950317","0.9229413270950317","0.9229413270950317"
"723","0.9228790998458862","0.9228790998458862","0.9228790998458862"
"724","0.9265350103378296","0.9265350103378296","0.9265350103378296"
"725","0.8892350196838379","0.8892350196838379","0.8892350196838379"
"726","0.924972414970398","0.924972414970398","0.924972414970398"
"727","0.8946533203125","0.8946533203125","0.8946533203125"
"728","0.9317544102668762","0.9317544102668762","0.9317544102668762"
"729","0.9110027551651001","0.9110027551651001","0.9110027551651001"
"730","0.9296672940254211","0.9296672940254211","0.9296672940254211"
"731","0.8790872097015381","0.8790872097015381","0.8790872097015381"
"732","0.9236181974411011","0.9236181974411011","0.9236181974411011"
"733","0.9023958444595337","0.9023958444595337","0.9023958444595337"
"734","0.9235753417015076","0.9235753417015076","0.9235753417015076"
"735","0.8793900609016418","0.8793900609016418","0.8793900609016418"
"736","0.9116125106811523","0.9116125106811523","0.9116125106811523"
"737","0.9266156554222107","0.9266156554222107","0.9266156554222107"
"738","0.9189497828483582","0.9189497828483582","0.9189497828483582"
"739","0.904799222946167","0.904799222946167","0.904799222946167"
"740","0.9233551025390625","0.9233551025390625","0.9233551025390625"
"741","0.8900965452194214","0.8900965452194214","0.8900965452194214"
"742","0.9292393922805786","0.9292393922805786","0.9292393922805786"
"743","0.8745009899139404","0.8745009899139404","0.8745009899139404"
"744","0.9266314506530762","0.9266314506530762","0.9266314506530762"
"745","0.9201641082763672","0.9201641082763672","0.9201641082763672"
"746","0.9029947519302368","0.9029947519302368","0.9029947519302368"
"747","0.9042787551879883","0.9042787551879883","0.9042787551879883"
"748","0.9089682102203369","0.9089682102203369","0.9089682102203369"
"749","0.9303215146064758","0.9303215146064758","0.9303215146064758"
"751","0.9099393486976624","0.9099393486976624","0.9099393486976624"
"752","0.8873185515403748","0.8873185515403748","0.8873185515403748"
"753","0.9226368069648743","0.9226368069648743","0.9226368069648743"
"754","0.9280388355255127","0.9280388355255127","0.9280388355255127"
"755","0.8684400320053101","0.8684400320053101","0.8684400320053101"
"756","0.8985282182693481","0.8985282182693481","0.8985282182693481"
"757","0.9279013872146606","0.9279013872146606","0.9279013872146606"
"758","0.9282427430152893","0.9282427430152893","0.9282427430152893"
"759","0.8779686689376831","0.8779686689376831","0.8779686689376831"
"760","0.8919238448143005","0.8919238448143005","0.8919238448143005"
"761","0.8852940797805786","0.8852940797805786","0.8852940797805786"
"762","0.8941460847854614","0.8941460847854614","0.8941460847854614"
"763","0.9235576391220093","0.9235576391220093","0.9235576391220093"
"764","0.8783525228500366","0.8783525228500366","0.8783525228500366"
"765","0.89979088306427","0.89979088306427","0.89979088306427"
"766","0.9208983778953552","0.9208983778953552","0.9208983778953552"
"767","0.9112095832824707","0.9112095832824707","0.9112095832824707"
"768","0.9324332475662231","0.9324332475662231","0.9324332475662231"
"769","0.9169312119483948","0.9169312119483948","0.9169312119483948"
"770","0.8936359286308289","0.8936359286308289","0.8936359286308289"
"771","0.9250695109367371","0.9250695109367371","0.9250695109367371"
"772","0.8992680311203003","0.8992680311203003","0.8992680311203003"
"773","0.8612103462219238","0.8612103462219238","0.8612103462219238"
"774","0.9306344389915466","0.9306344389915466","0.9306344389915466"
"775","0.8664209246635437","0.8664209246635437","0.8664209246635437"
"776","0.9104994535446167","0.9104994535446167","0.9104994535446167"
"777","0.9096859693527222","0.9096859693527222","0.9096859693527222"
"778","0.9275994896888733","0.9275994896888733","0.9275994896888733"
"779","0.8810070157051086","0.8810070157051086","0.8810070157051086"
"780","0.886249840259552","0.886249840259552","0.886249840259552"
"781","0.9262462854385376","0.9262462854385376","0.9262462854385376"
"782","0.9288603067398071","0.9288603067398071","0.9288603067398071"
"784","0.9016163349151611","0.9016163349151611","0.9016163349151611"
"785","0.9058536887168884","0.9058536887168884","0.9058536887168884"
"786","0.8915348052978516","0.8915348052978516","0.8915348052978516"
"787","0.8942781686782837","0.8942781686782837","0.8942781686782837"
"788","0.9115623235702515","0.9115623235702515","0.9115623235702515"
"789","0.878055989742279","0.878055989742279","0.878055989742279"
"790","0.9196690320968628","0.9196690320968628","0.9196690320968628"
"791","0.9291691184043884","0.9291691184043884","0.9291691184043884"
"792","0.9188675880432129","0.9188675880432129","0.9188675880432129"
"793","0.9118561744689941","0.9118561744689941","0.9118561744689941"
"794","0.927233099937439","0.927233099937439","0.927233099937439"
"795","0.9249573945999146","0.9249573945999146","0.9249573945999146"
"796","0.8885217308998108","0.8885217308998108","0.8885217308998108"
"797","0.9124932289123535","0.9124932289123535","0.9124932289123535"
"798","0.9072393774986267","0.9072393774986267","0.9072393774986267"
"799","0.9244673252105713","0.9244673252105713","0.9244673252105713"
"801","0.9081375002861023","0.9081375002861023","0.9081375002861023"
"802","0.8975915908813477","0.8975915908813477","0.8975915908813477"
"803","0.852942943572998","0.852942943572998","0.852942943572998"
"804","0.8748587965965271","0.8748587965965271","0.8748587965965271"
"805","0.9186654090881348","0.9186654090881348","0.9186654090881348"
"806","0.8804159760475159","0.8804159760475159","0.8804159760475159"
"807","0.8729525804519653","0.8729525804519653","0.8729525804519653"
"808","0.9245866537094116","0.9245866537094116","0.9245866537094116"
"809","0.9036974906921387","0.9036974906921387","0.9036974906921387"
"810","0.8798520565032959","0.8798520565032959","0.8798520565032959"
"811","0.9289495944976807","0.9289495944976807","0.9289495944976807"
"812","0.8961485028266907","0.8961485028266907","0.8961485028266907"
"813","0.9204714298248291","0.9204714298248291","0.9204714298248291"
"814","0.8724631667137146","0.8724631667137146","0.8724631667137146"
"815","0.8583754301071167","0.8583754301071167","0.8583754301071167"
"816","0.920132040977478","0.920132040977478","0.920132040977478"
"818","0.9131818413734436","0.9131818413734436","0.9131818413734436"
"819","0.8896476030349731","0.8896476030349731","0.8896476030349731"
"820","0.8710892796516418","0.8710892796516418","0.8710892796516418"
"821","0.8832528591156006","0.8832528591156006","0.8832528591156006"
"822","0.8803696632385254","0.8803696632385254","0.8803696632385254"
"823","0.9003064036369324","0.9003064036369324","0.9003064036369324"
"824","0.870193600654602","0.870193600654602","0.870193600654602"
"825","0.9225870370864868","0.9225870370864868","0.9225870370864868"
"826","0.9149755835533142","0.9149755835533142","0.9149755835533142"
"827","0.8999455571174622","0.8999455571174622","0.8999455571174622"
"828","0.8802258968353271","0.8802258968353271","0.8802258968353271"
"829","0.8849620819091797","0.8849620819091797","0.8849620819091797"
"830","0.879338264465332","0.879338264465332","0.879338264465332"
"831","0.8833088874816895","0.8833088874816895","0.8833088874816895"
"832","0.9263876676559448","0.9263876676559448","0.9263876676559448"
"833","0.928789496421814","0.928789496421814","0.928789496421814"
"834","0.9273756742477417","0.9273756742477417","0.9273756742477417"
"835","0.8999506235122681","0.8999506235122681","0.8999506235122681"
"836","0.91676926612854","0.91676926612854","0.91676926612854"
"837","0.8959673047065735","0.8959673047065735","0.8959673047065735"
"838","0.9209080338478088","0.9209080338478088","0.9209080338478088"
"839","0.9253213405609131","0.9253213405609131","0.9253213405609131"
"840","0.9079955816268921","0.9079955816268921","0.9079955816268921"
"841","0.9183485507965088","0.9183485507965088","0.9183485507965088"
"842","0.9128222465515137","0.9128222465515137","0.9128222465515137"
"843","0.8942504525184631","0.8942504525184631","0.8942504525184631"
"844","0.9080854654312134","0.9080854654312134","0.9080854654312134"
"845","0.9044767618179321","0.9044767618179321","0.9044767618179321"
"846","0.9154555797576904","0.9154555797576904","0.9154555797576904"
"847","0.9174101948738098","0.9174101948738098","0.9174101948738098"
"848","0.9147383570671082","0.9147383570671082","0.9147383570671082"
"849","0.8379085063934326","0.8379085063934326","0.8379085063934326"
"851","0.8962186574935913","0.8962186574935913","0.8962186574935913"
"852","0.8375499844551086","0.8375499844551086","0.8375499844551086"
"853","0.915451169013977","0.915451169013977","0.915451169013977"
"854","0.8992652297019958","0.8992652297019958","0.8992652297019958"
"855","0.8734194040298462","0.8734194040298462","0.8734194040298462"
"856","0.8824899792671204","0.8824899792671204","0.8824899792671204"
"857","0.9060823917388916","0.9060823917388916","0.9060823917388916"
"858","0.9006689786911011","0.9006689786911011","0.9006689786911011"
"859","0.9015607237815857","0.9015607237815857","0.9015607237815857"
"860","0.9248517751693726","0.9248517751693726","0.9248517751693726"
"861","0.9321242570877075","0.9321242570877075","0.9321242570877075"
"862","0.9217499494552612","0.9217499494552612","0.9217499494552612"
"863","0.9249764680862427","0.9249764680862427","0.9249764680862427"
"864","0.9053818583488464","0.9053818583488464","0.9053818583488464"
"865","0.9177568554878235","0.9177568554878235","0.9177568554878235"
"866","0.9049018621444702","0.9049018621444702","0.9049018621444702"
"867","0.9286585450172424","0.9286585450172424","0.9286585450172424"
"868","0.9044704437255859","0.9044704437255859","0.9044704437255859"
"869","0.870245635509491","0.870245635509491","0.870245635509491"
"870","0.9172333478927612","0.9172333478927612","0.9172333478927612"
"871","0.9099160432815552","0.9099160432815552","0.9099160432815552"
"872","0.8839242458343506","0.8839242458343506","0.8839242458343506"
"873","0.9088045954704285","0.9088045954704285","0.9088045954704285"
"874","0.9104189276695251","0.9104189276695251","0.9104189276695251"
"875","0.8948718309402466","0.8948718309402466","0.8948718309402466"
"876","0.9270509481430054","0.9270509481430054","0.9270509481430054"
"877","0.8802869319915771","0.8802869319915771","0.8802869319915771"
"878","0.8440394401550293","0.8440394401550293","0.8440394401550293"
"879","0.8934974670410156","0.8934974670410156","0.8934974670410156"
"880","0.8946869373321533","0.8946869373321533","0.8946869373321533"
"881","0.8956850171089172","0.8956850171089172","0.8956850171089172"
"882","0.9118123054504395","0.9118123054504395","0.9118123054504395"
"884","0.905134916305542","0.905134916305542","0.905134916305542"
"885","0.910423994064331","0.910423994064331","0.910423994064331"
"886","0.9073630571365356","0.9073630571365356","0.9073630571365356"
"887","0.9179630875587463","0.9179630875587463","0.9179630875587463"
"888","0.9255688786506653","0.9255688786506653","0.9255688786506653"
"889","0.8660603761672974","0.8660603761672974","0.8660603761672974"
"890","0.9150558710098267","0.9150558710098267","0.9150558710098267"
"891","0.9300523996353149","0.9300523996353149","0.9300523996353149"
"892","0.8769931197166443","0.8769931197166443","0.8769931197166443"
"893","0.9217711091041565","0.9217711091041565","0.9217711091041565"
"894","0.9220607280731201","0.9220607280731201","0.9220607280731201"
"895","0.8989281058311462","0.8989281058311462","0.8989281058311462"
"896","0.8672769069671631","0.8672769069671631","0.8672769069671631"
"897","0.9149752855300903","0.9149752855300903","0.9149752855300903"
"898","0.8893995881080627","0.8893995881080627","0.8893995881080627"
"899","0.8939856290817261","0.8939856290817261","0.8939856290817261"
"901","0.9121225476264954","0.9121225476264954","0.9121225476264954"
"902","0.8773714900016785","0.8773714900016785","0.8773714900016785"
"903","0.9043786525726318","0.9043786525726318","0.9043786525726318"
"904","0.9222999811172485","0.9222999811172485","0.9222999811172485"
"905","0.9205712080001831","0.9205712080001831","0.9205712080001831"
"906","0.8809715509414673","0.8809715509414673","0.8809715509414673"
"907","0.9154340028762817","0.9154340028762817","0.9154340028762817"
"908","0.896544873714447","0.896544873714447","0.896544873714447"
"909","0.9135818481445312","0.9135818481445312","0.9135818481445312"
"910","0.9101633429527283","0.9101633429527283","0.9101633429527283"
"911","0.9223320484161377","0.9223320484161377","0.9223320484161377"
"912","0.9027366638183594","0.9027366638183594","0.9027366638183594"
"913","0.9055415391921997","0.9055415391921997","0.9055415391921997"
"914","0.9053068161010742","0.9053068161010742","0.9053068161010742"
"915","0.8484494686126709","0.8484494686126709","0.8484494686126709"
"916","0.9257245063781738","0.9257245063781738","0.9257245063781738"
"918","0.9080560207366943","0.9080560207366943","0.9080560207366943"
"919","0.9005988240242004","0.9005988240242004","0.9005988240242004"
"920","0.8955641388893127","0.8955641388893127","0.8955641388893127"
"921","0.8883940577507019","0.8883940577507019","0.8883940577507019"
"922","0.8939855694770813","0.8939855694770813","0.8939855694770813"
"923","0.9140911102294922","0.9140911102294922","0.9140911102294922"
"924","0.8885558843612671","0.8885558843612671","0.8885558843612671"
"925","0.9006710648536682","0.9006710648536682","0.9006710648536682"
"926","0.8676371574401855","0.8676371574401855","0.8676371574401855"
"927","0.9242908954620361","0.9242908954620361","0.9242908954620361"
"928","0.9192945957183838","0.9192945957183838","0.9192945957183838"
"929","0.897885799407959","0.897885799407959","0.897885799407959"
"930","0.9096084833145142","0.9096084833145142","0.9096084833145142"
"931","0.9084809422492981","0.9084809422492981","0.9084809422492981"
"932","0.8845788240432739","0.8845788240432739","0.8845788240432739"
"933","0.9109314680099487","0.9109314680099487","0.9109314680099487"
"934","0.9128298163414001","0.9128298163414001","0.9128298163414001"
"935","0.9231890439987183","0.9231890439987183","0.9231890439987183"
"936","0.8957611322402954","0.8957611322402954","0.8957611322402954"
"937","0.9052939414978027","0.9052939414978027","0.9052939414978027"
"938","0.9241976737976074","0.9241976737976074","0.9241976737976074"
"939","0.9172706604003906","0.9172706604003906","0.9172706604003906"
"940","0.9051656126976013","0.9051656126976013","0.9051656126976013"
"941","0.8926811218261719","0.8926811218261719","0.8926811218261719"
"942","0.8459967374801636","0.8459967374801636","0.8459967374801636"
"943","0.8791319131851196","0.8791319131851196","0.8791319131851196"
"944","0.9192484617233276","0.9192484617233276","0.9192484617233276"
"945","0.8665584921836853","0.8665584921836853","0.8665584921836853"
"946","0.873409628868103","0.873409628868103","0.873409628868103"
"947","0.9056774973869324","0.9056774973869324","0.9056774973869324"
"948","0.8535051345825195","0.8535051345825195","0.8535051345825195"
"949","0.9163486957550049","0.9163486957550049","0.9163486957550049"
"951","0.8981274962425232","0.8981274962425232","0.8981274962425232"
"952","0.9297086596488953","0.9297086596488953","0.9297086596488953"
"953","0.8975000381469727","0.8975000381469727","0.8975000381469727"
"954","0.9232274889945984","0.9232274889945984","0.9232274889945984"
"955","0.9191702604293823","0.9191702604293823","0.9191702604293823"
"956","0.878324568271637","0.878324568271637","0.878324568271637"
"957","0.893129289150238","0.893129289150238","0.893129289150238"
"958","0.8865286111831665","0.8865286111831665","0.8865286111831665"
"959","0.920109748840332","0.920109748840332","0.920109748840332"
"960","0.9161800146102905","0.9161800146102905","0.9161800146102905"
"961","0.9161584377288818","0.9161584377288818","0.9161584377288818"
"962","0.903045117855072","0.903045117855072","0.903045117855072"
"963","0.9214208126068115","0.9214208126068115","0.9214208126068115"
"964","0.8972442150115967","0.8972442150115967","0.8972442150115967"
"965","0.9128477573394775","0.9128477573394775","0.9128477573394775"
"966","0.9252859354019165","0.9252859354019165","0.9252859354019165"
"967","0.9214658737182617","0.9214658737182617","0.9214658737182617"
"968","0.896926999092102","0.896926999092102","0.896926999092102"
"969","0.902620792388916","0.902620792388916","0.902620792388916"
"970","0.8972973823547363","0.8972973823547363","0.8972973823547363"
"971","0.9247755408287048","0.9247755408287048","0.9247755408287048"
"972","0.8952406048774719","0.8952406048774719","0.8952406048774719"
"973","0.8947256803512573","0.8947256803512573","0.8947256803512573"
"974","0.9295363426208496","0.9295363426208496","0.9295363426208496"
"975","0.8967533707618713","0.8967533707618713","0.8967533707618713"
"976","0.9058108329772949","0.9058108329772949","0.9058108329772949"
"977","0.9172424077987671","0.9172424077987671","0.9172424077987671"
"978","0.87859046459198","0.87859046459198","0.87859046459198"
"979","0.9227941036224365","0.9227941036224365","0.9227941036224365"
"980","0.8802183866500854","0.8802183866500854","0.8802183866500854"
"981","0.9303423166275024","0.9303423166275024","0.9303423166275024"
"982","0.9277710914611816","0.9277710914611816","0.9277710914611816"
"984","0.9074430465698242","0.9074430465698242","0.9074430465698242"
"985","0.9065995216369629","0.9065995216369629","0.9065995216369629"
"986","0.8983919024467468","0.8983919024467468","0.8983919024467468"
"987","0.8962607383728027","0.8962607383728027","0.8962607383728027"
"988","0.9182833433151245","0.9182833433151245","0.9182833433151245"
"989","0.922064483165741","0.922064483165741","0.922064483165741"
"990","0.9125809669494629","0.9125809669494629","0.9125809669494629"
"991","0.932110607624054","0.932110607624054","0.932110607624054"
"992","0.8510586023330688","0.8510586023330688","0.8510586023330688"
"993","0.8749591112136841","0.8749591112136841","0.8749591112136841"
"994","0.8988158106803894","0.8988158106803894","0.8988158106803894"
"995","0.903464674949646","0.903464674949646","0.903464674949646"
"996","0.921757698059082","0.921757698059082","0.921757698059082"
"997","0.903675377368927","0.903675377368927","0.903675377368927"
"998","0.9250018000602722","0.9250018000602722","0.9250018000602722"
"999","0.927862286567688","0.927862286567688","0.927862286567688"
"1001","0.8971503973007202","0.8971503973007202","0.8971503973007202"
"1002","0.8575380444526672","0.8575380444526672","0.8575380444526672"
"1003","0.8836807012557983","0.8836807012557983","0.8836807012557983"
"1004","0.8818802237510681","0.8818802237510681","0.8818802237510681"
"1005","0.9196490049362183","0.9196490049362183","0.9196490049362183"
"1006","0.9046962261199951","0.9046962261199951","0.9046962261199951"
"1007","0.9270066618919373","0.9270066618919373","0.9270066618919373"
"1008","0.909177839756012","0.909177839756012","0.909177839756012"
"1009","0.9185284972190857","0.9185284972190857","0.9185284972190857"
"1010","0.8979228734970093","0.8979228734970093","0.8979228734970093"
"1011","0.9225361347198486","0.9225361347198486","0.9225361347198486"
"1012","0.8868380188941956","0.8868380188941956","0.8868380188941956"
"1013","0.9062114953994751","0.9062114953994751","0.9062114953994751"
"1014","0.8790699243545532","0.8790699243545532","0.8790699243545532"
"1015","0.9169754981994629","0.9169754981994629","0.9169754981994629"
"1016","0.9058425426483154","0.9058425426483154","0.9058425426483154"
"1018","0.9235118627548218","0.9235118627548218","0.9235118627548218"
"1019","0.8863809704780579","0.8863809704780579","0.8863809704780579"
"1020","0.9024092555046082","0.9024092555046082","0.9024092555046082"
"1021","0.8629953861236572","0.8629953861236572","0.8629953861236572"
"1022","0.9227700233459473","0.9227700233459473","0.9227700233459473"
"1023","0.8888115286827087","0.8888115286827087","0.8888115286827087"
"1024","0.8985251188278198","0.8985251188278198","0.8985251188278198"
"1025","0.9261500835418701","0.9261500835418701","0.9261500835418701"
"1026","0.9281334280967712","0.9281334280967712","0.9281334280967712"
"1027","0.8994108438491821","0.8994108438491821","0.8994108438491821"
"1028","0.9042879343032837","0.9042879343032837","0.9042879343032837"
"1029","0.9204113483428955","0.9204113483428955","0.9204113483428955"
"1030","0.9098795652389526","0.9098795652389526","0.9098795652389526"
"1031","0.8655384182929993","0.8655384182929993","0.8655384182929993"
"1032","0.9238700866699219","0.9238700866699219","0.9238700866699219"
"1033","0.9165595769882202","0.9165595769882202","0.9165595769882202"
"1034","0.8553264141082764","0.8553264141082764","0.8553264141082764"
"1035","0.9013069868087769","0.9013069868087769","0.9013069868087769"
"1036","0.9176989793777466","0.9176989793777466","0.9176989793777466"
"1037","0.8849608898162842","0.8849608898162842","0.8849608898162842"
"1038","0.9185086488723755","0.9185086488723755","0.9185086488723755"
"1039","0.8893868923187256","0.8893868923187256","0.8893868923187256"
"1040","0.8971742391586304","0.8971742391586304","0.8971742391586304"
"1041","0.8967205286026001","0.8967205286026001","0.8967205286026001"
"1042","0.8872602581977844","0.8872602581977844","0.8872602581977844"
"1043","0.8697976469993591","0.8697976469993591","0.8697976469993591"
"1044","0.8844599723815918","0.8844599723815918","0.8844599723815918"
"1045","0.9069123864173889","0.9069123864173889","0.9069123864173889"
"1046","0.8816072940826416","0.8816072940826416","0.8816072940826416"
"1047","0.9186065793037415","0.9186065793037415","0.9186065793037415"
"1048","0.9080687761306763","0.9080687761306763","0.9080687761306763"
"1049","0.918323814868927","0.918323814868927","0.918323814868927"
"1051","0.8961473703384399","0.8961473703384399","0.8961473703384399"
"1052","0.9147050380706787","0.9147050380706787","0.9147050380706787"
"1053","0.9248825311660767","0.9248825311660767","0.9248825311660767"
"1054","0.8855841755867004","0.8855841755867004","0.8855841755867004"
"1055","0.9064814448356628","0.9064814448356628","0.9064814448356628"
"1056","0.8731726408004761","0.8731726408004761","0.8731726408004761"
"1057","0.9159910678863525","0.9159910678863525","0.9159910678863525"
"1058","0.9032747745513916","0.9032747745513916","0.9032747745513916"
"1059","0.9239856004714966","0.9239856004714966","0.9239856004714966"
"1060","0.9116831421852112","0.9116831421852112","0.9116831421852112"
"1061","0.8996281027793884","0.8996281027793884","0.8996281027793884"
"1062","0.8969912528991699","0.8969912528991699","0.8969912528991699"
"1063","0.8592643737792969","0.8592643737792969","0.8592643737792969"
"1064","0.9060854911804199","0.9060854911804199","0.9060854911804199"
"1065","0.8849793672561646","0.8849793672561646","0.8849793672561646"
"1066","0.9277620315551758","0.9277620315551758","0.9277620315551758"
"1067","0.917858362197876","0.917858362197876","0.917858362197876"
"1068","0.9139355421066284","0.9139355421066284","0.9139355421066284"
"1069","0.9131024479866028","0.9131024479866028","0.9131024479866028"
"1070","0.9240894913673401","0.9240894913673401","0.9240894913673401"
"1071","0.9319451451301575","0.9319451451301575","0.9319451451301575"
"1072","0.9100881814956665","0.9100881814956665","0.9100881814956665"
"1073","0.8568881750106812","0.8568881750106812","0.8568881750106812"
"1074","0.9240078330039978","0.9240078330039978","0.9240078330039978"
"1075","0.8904464244842529","0.8904464244842529","0.8904464244842529"
"1076","0.9107574820518494","0.9107574820518494","0.9107574820518494"
"1077","0.8819736242294312","0.8819736242294312","0.8819736242294312"
"1078","0.8826056718826294","0.8826056718826294","0.8826056718826294"
"1079","0.921009361743927","0.921009361743927","0.921009361743927"
"1080","0.930202841758728","0.930202841758728","0.930202841758728"
"1081","0.9171848297119141","0.9171848297119141","0.9171848297119141"
"1082","0.9050964713096619","0.9050964713096619","0.9050964713096619"
"1084","0.8928945064544678","0.8928945064544678","0.8928945064544678"
"1085","0.9197750091552734","0.9197750091552734","0.9197750091552734"
"1086","0.9050968885421753","0.9050968885421753","0.9050968885421753"
"1087","0.8762369155883789","0.8762369155883789","0.8762369155883789"
"1088","0.9062250852584839","0.9062250852584839","0.9062250852584839"
"1089","0.9301013946533203","0.9301013946533203","0.9301013946533203"
"1090","0.9156656861305237","0.9156656861305237","0.9156656861305237"
"1091","0.9225828647613525","0.9225828647613525","0.9225828647613525"
"1092","0.925829291343689","0.925829291343689","0.925829291343689"
"1093","0.8945904970169067","0.8945904970169067","0.8945904970169067"
"1094","0.8846256136894226","0.8846256136894226","0.8846256136894226"
"1095","0.8679123520851135","0.8679123520851135","0.8679123520851135"
"1096","0.9247673749923706","0.9247673749923706","0.9247673749923706"
"1097","0.9063039422035217","0.9063039422035217","0.9063039422035217"
"1098","0.9074680209159851","0.9074680209159851","0.9074680209159851"
"1099","0.8699722290039062","0.8699722290039062","0.8699722290039062"
"1101","0.9074897766113281","0.9074897766113281","0.9074897766113281"
"1102","0.9100286960601807","0.9100286960601807","0.9100286960601807"
"1103","0.9218611717224121","0.9218611717224121","0.9218611717224121"
"1104","0.9069787263870239","0.9069787263870239","0.9069787263870239"
"1105","0.9004700779914856","0.9004700779914856","0.9004700779914856"
"1106","0.9201424717903137","0.9201424717903137","0.9201424717903137"
"1107","0.8908067941665649","0.8908067941665649","0.8908067941665649"
"1108","0.9035109281539917","0.9035109281539917","0.9035109281539917"
"1109","0.8885207176208496","0.8885207176208496","0.8885207176208496"
"1110","0.8951629400253296","0.8951629400253296","0.8951629400253296"
"1111","0.9030106067657471","0.9030106067657471","0.9030106067657471"
"1112","0.9258898496627808","0.9258898496627808","0.9258898496627808"
"1113","0.9019659161567688","0.9019659161567688","0.9019659161567688"
"1114","0.9145275354385376","0.9145275354385376","0.9145275354385376"
"1115","0.9175601005554199","0.9175601005554199","0.9175601005554199"
"1116","0.86763596534729","0.86763596534729","0.86763596534729"
"1118","0.9178407192230225","0.9178407192230225","0.9178407192230225"
"1119","0.8934338092803955","0.8934338092803955","0.8934338092803955"
"1120","0.8936840295791626","0.8936840295791626","0.8936840295791626"
"1121","0.9275716543197632","0.9275716543197632","0.9275716543197632"
"1122","0.9032331705093384","0.9032331705093384","0.9032331705093384"
"1123","0.9167354106903076","0.9167354106903076","0.9167354106903076"
"1124","0.9078844785690308","0.9078844785690308","0.9078844785690308"
"1125","0.9109316468238831","0.9109316468238831","0.9109316468238831"
"1126","0.9219568967819214","0.9219568967819214","0.9219568967819214"
"1127","0.8736351728439331","0.8736351728439331","0.8736351728439331"
"1128","0.9285117387771606","0.9285117387771606","0.9285117387771606"
"1129","0.9269081950187683","0.9269081950187683","0.9269081950187683"
"1130","0.8636731505393982","0.8636731505393982","0.8636731505393982"
"1131","0.9116084575653076","0.9116084575653076","0.9116084575653076"
"1132","0.9049807786941528","0.9049807786941528","0.9049807786941528"
"1133","0.9021855592727661","0.9021855592727661","0.9021855592727661"
"1134","0.9131606817245483","0.9131606817245483","0.9131606817245483"
"1135","0.9040511846542358","0.9040511846542358","0.9040511846542358"
"1136","0.9109824299812317","0.9109824299812317","0.9109824299812317"
"1137","0.8869062662124634","0.8869062662124634","0.8869062662124634"
"1138","0.8912402391433716","0.8912402391433716","0.8912402391433716"
"1139","0.8620039820671082","0.8620039820671082","0.8620039820671082"
"1140","0.9091143608093262","0.9091143608093262","0.9091143608093262"
"1141","0.8639287948608398","0.8639287948608398","0.8639287948608398"
"1142","0.8860698938369751","0.8860698938369751","0.8860698938369751"
"1143","0.8797646760940552","0.8797646760940552","0.8797646760940552"
"1144","0.8934272527694702","0.8934272527694702","0.8934272527694702"
"1145","0.9251255989074707","0.9251255989074707","0.9251255989074707"
"1146","0.9258221387863159","0.9258221387863159","0.9258221387863159"
"1147","0.9181370735168457","0.9181370735168457","0.9181370735168457"
"1148","0.9199012517929077","0.9199012517929077","0.9199012517929077"
"1149","0.8772107362747192","0.8772107362747192","0.8772107362747192"
"1151","0.9050639271736145","0.9050639271736145","0.9050639271736145"
"1152","0.8932458758354187","0.8932458758354187","0.8932458758354187"
"1153","0.914354681968689","0.914354681968689","0.914354681968689"
"1154","0.9179859161376953","0.9179859161376953","0.9179859161376953"
"1155","0.8504835367202759","0.8504835367202759","0.8504835367202759"
"1156","0.9033234119415283","0.9033234119415283","0.9033234119415283"
"1157","0.85772705078125","0.85772705078125","0.85772705078125"
"1158","0.8990499377250671","0.8990499377250671","0.8990499377250671"
"1159","0.9205249547958374","0.9205249547958374","0.9205249547958374"
"1160","0.9112412929534912","0.9112412929534912","0.9112412929534912"
"1161","0.8904728889465332","0.8904728889465332","0.8904728889465332"
"1162","0.9085254669189453","0.9085254669189453","0.9085254669189453"
"1163","0.9298515319824219","0.9298515319824219","0.9298515319824219"
"1164","0.9253249764442444","0.9253249764442444","0.9253249764442444"
"1165","0.9040366411209106","0.9040366411209106","0.9040366411209106"
"1166","0.9204221367835999","0.9204221367835999","0.9204221367835999"
"1167","0.9119003415107727","0.9119003415107727","0.9119003415107727"
"1168","0.9318299293518066","0.9318299293518066","0.9318299293518066"
"1169","0.9007313251495361","0.9007313251495361","0.9007313251495361"
"1170","0.8814860582351685","0.8814860582351685","0.8814860582351685"
"1171","0.9052243232727051","0.9052243232727051","0.9052243232727051"
"1172","0.9158154726028442","0.9158154726028442","0.9158154726028442"
"1173","0.8760794401168823","0.8760794401168823","0.8760794401168823"
"1174","0.9018653631210327","0.9018653631210327","0.9018653631210327"
"1175","0.8891270756721497","0.8891270756721497","0.8891270756721497"
"1176","0.9168236255645752","0.9168236255645752","0.9168236255645752"
"1177","0.9282254576683044","0.9282254576683044","0.9282254576683044"
"1178","0.9269102811813354","0.9269102811813354","0.9269102811813354"
"1179","0.9276255965232849","0.9276255965232849","0.9276255965232849"
"1180","0.89919114112854","0.89919114112854","0.89919114112854"
"1181","0.9025439023971558","0.9025439023971558","0.9025439023971558"
"1182","0.8998344540596008","0.8998344540596008","0.8998344540596008"
"1184","0.9220035076141357","0.9220035076141357","0.9220035076141357"
"1185","0.9169776439666748","0.9169776439666748","0.9169776439666748"
"1186","0.9166349172592163","0.9166349172592163","0.9166349172592163"
"1187","0.9056923985481262","0.9056923985481262","0.9056923985481262"
"1188","0.9255028963088989","0.9255028963088989","0.9255028963088989"
"1189","0.9045092463493347","0.9045092463493347","0.9045092463493347"
"1190","0.92887282371521","0.92887282371521","0.92887282371521"
"1191","0.900425374507904","0.900425374507904","0.900425374507904"
"1192","0.8916258811950684","0.8916258811950684","0.8916258811950684"
"1193","0.9188920259475708","0.9188920259475708","0.9188920259475708"
"1194","0.9045621156692505","0.9045621156692505","0.9045621156692505"
"1195","0.9155824184417725","0.9155824184417725","0.9155824184417725"
"1196","0.8553012609481812","0.8553012609481812","0.8553012609481812"
"1197","0.907339334487915","0.907339334487915","0.907339334487915"
"1198","0.9094011783599854","0.9094011783599854","0.9094011783599854"
"1199","0.9197111129760742","0.9197111129760742","0.9197111129760742"
"1201","0.9105585217475891","0.9105585217475891","0.9105585217475891"
"1202","0.9258332252502441","0.9258332252502441","0.9258332252502441"
"1203","0.9281325340270996","0.9281325340270996","0.9281325340270996"
"1204","0.8832261562347412","0.8832261562347412","0.8832261562347412"
"1205","0.8977801203727722","0.8977801203727722","0.8977801203727722"
"1206","0.9024505615234375","0.9024505615234375","0.9024505615234375"
"1207","0.8993974924087524","0.8993974924087524","0.8993974924087524"
"1208","0.889164924621582","0.889164924621582","0.889164924621582"
"1209","0.9096916913986206","0.9096916913986206","0.9096916913986206"
"1210","0.869779109954834","0.869779109954834","0.869779109954834"
"1211","0.8479461073875427","0.8479461073875427","0.8479461073875427"
"1212","0.926582932472229","0.926582932472229","0.926582932472229"
"1213","0.9125896692276001","0.9125896692276001","0.9125896692276001"
"1214","0.8833174109458923","0.8833174109458923","0.8833174109458923"
"1215","0.9278119802474976","0.9278119802474976","0.9278119802474976"
"1216","0.9176054000854492","0.9176054000854492","0.9176054000854492"
"1218","0.9283300638198853","0.9283300638198853","0.9283300638198853"
"1219","0.8815741539001465","0.8815741539001465","0.8815741539001465"
"1220","0.8970277309417725","0.8970277309417725","0.8970277309417725"
"1221","0.9075247645378113","0.9075247645378113","0.9075247645378113"
"1222","0.9039952158927917","0.9039952158927917","0.9039952158927917"
"1223","0.8954935669898987","0.8954935669898987","0.8954935669898987"
"1224","0.886427640914917","0.886427640914917","0.886427640914917"
"1225","0.9040733575820923","0.9040733575820923","0.9040733575820923"
"1226","0.8901325464248657","0.8901325464248657","0.8901325464248657"
"1227","0.9326986074447632","0.9326986074447632","0.9326986074447632"
"1228","0.8978561162948608","0.8978561162948608","0.8978561162948608"
"1229","0.9144899845123291","0.9144899845123291","0.9144899845123291"
"1230","0.9057561159133911","0.9057561159133911","0.9057561159133911"
"1231","0.9109185934066772","0.9109185934066772","0.9109185934066772"
"1232","0.8722766637802124","0.8722766637802124","0.8722766637802124"
"1233","0.9126276969909668","0.9126276969909668","0.9126276969909668"
"1234","0.9296804666519165","0.9296804666519165","0.9296804666519165"
"1235","0.9239219427108765","0.9239219427108765","0.9239219427108765"
"1236","0.8876239657402039","0.8876239657402039","0.8876239657402039"
"1237","0.91736900806427","0.91736900806427","0.91736900806427"
"1238","0.9315100312232971","0.9315100312232971","0.9315100312232971"
"1239","0.9052359461784363","0.9052359461784363","0.9052359461784363"
"1240","0.915438175201416","0.915438175201416","0.915438175201416"
"1241","0.8833464980125427","0.8833464980125427","0.8833464980125427"
"1242","0.8952990770339966","0.8952990770339966","0.8952990770339966"
"1243","0.8862207531929016","0.8862207531929016","0.8862207531929016"
"1244","0.9251347780227661","0.9251347780227661","0.9251347780227661"
"1245","0.9046705961227417","0.9046705961227417","0.9046705961227417"
"1246","0.9004825353622437","0.9004825353622437","0.9004825353622437"
"1247","0.8880032300949097","0.8880032300949097","0.8880032300949097"
"1248","0.8501507043838501","0.8501507043838501","0.8501507043838501"
"1249","0.9270962476730347","0.9270962476730347","0.9270962476730347"
"1251","0.9288715124130249","0.9288715124130249","0.9288715124130249"
"1252","0.9061392545700073","0.9061392545700073","0.9061392545700073"
"1253","0.9096940755844116","0.9096940755844116","0.9096940755844116"
"1254","0.9265830516815186","0.9265830516815186","0.9265830516815186"
"1255","0.9075971841812134","0.9075971841812134","0.9075971841812134"
"1256","0.9089945554733276","0.9089945554733276","0.9089945554733276"
"1257","0.8921699523925781","0.8921699523925781","0.8921699523925781"
"1258","0.8901466727256775","0.8901466727256775","0.8901466727256775"
"1259","0.9311038255691528","0.9311038255691528","0.9311038255691528"
"1260","0.9281964302062988","0.9281964302062988","0.9281964302062988"
"1261","0.9301643967628479","0.9301643967628479","0.9301643967628479"
"1262","0.8996715545654297","0.8996715545654297","0.8996715545654297"
"1263","0.8997120261192322","0.8997120261192322","0.8997120261192322"
"1264","0.9002898335456848","0.9002898335456848","0.9002898335456848"
"1265","0.8744683265686035","0.8744683265686035","0.8744683265686035"
"1266","0.8739656805992126","0.8739656805992126","0.8739656805992126"
"1267","0.9252493381500244","0.9252493381500244","0.9252493381500244"
"1268","0.9178710579872131","0.9178710579872131","0.9178710579872131"
"1269","0.9202085733413696","0.9202085733413696","0.9202085733413696"
"1270","0.9247122406959534","0.9247122406959534","0.9247122406959534"
"1271","0.9042126536369324","0.9042126536369324","0.9042126536369324"
"1272","0.9019023180007935","0.9019023180007935","0.9019023180007935"
"1273","0.8972594738006592","0.8972594738006592","0.8972594738006592"
"1274","0.8857020139694214","0.8857020139694214","0.8857020139694214"
"1275","0.903810977935791","0.903810977935791","0.903810977935791"
"1276","0.9187673330307007","0.9187673330307007","0.9187673330307007"
"1277","0.897067666053772","0.897067666053772","0.897067666053772"
"1278","0.9201757311820984","0.9201757311820984","0.9201757311820984"
"1279","0.9206872582435608","0.9206872582435608","0.9206872582435608"
"1280","0.9087980389595032","0.9087980389595032","0.9087980389595032"
"1281","0.9138215780258179","0.9138215780258179","0.9138215780258179"
"1282","0.923757791519165","0.923757791519165","0.923757791519165"
"1284","0.9278956055641174","0.9278956055641174","0.9278956055641174"
"1285","0.9084156155586243","0.9084156155586243","0.9084156155586243"
"1286","0.8819038271903992","0.8819038271903992","0.8819038271903992"
"1287","0.9111205339431763","0.9111205339431763","0.9111205339431763"
"1288","0.900018572807312","0.900018572807312","0.900018572807312"
"1289","0.9301210045814514","0.9301210045814514","0.9301210045814514"
"1290","0.9219765663146973","0.9219765663146973","0.9219765663146973"
"1291","0.8860124945640564","0.8860124945640564","0.8860124945640564"
"1292","0.9263045787811279","0.9263045787811279","0.9263045787811279"
"1293","0.917528510093689","0.917528510093689","0.917528510093689"
"1294","0.9001109600067139","0.9001109600067139","0.9001109600067139"
"1295","0.8963865637779236","0.8963865637779236","0.8963865637779236"
"1296","0.9193509817123413","0.9193509817123413","0.9193509817123413"
"1297","0.9307111501693726","0.9307111501693726","0.9307111501693726"
"1298","0.8728169202804565","0.8728169202804565","0.8728169202804565"
"1299","0.9151747226715088","0.9151747226715088","0.9151747226715088"
"1301","0.8749126195907593","0.8749126195907593","0.8749126195907593"
"1302","0.9110618829727173","0.9110618829727173","0.9110618829727173"
"1303","0.9079549908638","0.9079549908638","0.9079549908638"
"1304","0.9091547727584839","0.9091547727584839","0.9091547727584839"
"1305","0.9052901268005371","0.9052901268005371","0.9052901268005371"
"1306","0.9172520041465759","0.9172520041465759","0.9172520041465759"
"1307","0.9244318008422852","0.9244318008422852","0.9244318008422852"
"1308","0.8969218730926514","0.8969218730926514","0.8969218730926514"
"1309","0.8794248104095459","0.8794248104095459","0.8794248104095459"
"1310","0.8679049015045166","0.8679049015045166","0.8679049015045166"
"1311","0.8647427558898926","0.8647427558898926","0.8647427558898926"
"1312","0.894176721572876","0.894176721572876","0.894176721572876"
"1313","0.8814477920532227","0.8814477920532227","0.8814477920532227"
"1314","0.9201764464378357","0.9201764464378357","0.9201764464378357"
"1315","0.8919095993041992","0.8919095993041992","0.8919095993041992"
"1316","0.9301207065582275","0.9301207065582275","0.9301207065582275"
"1318","0.8974223136901855","0.8974223136901855","0.8974223136901855"
"1319","0.9223487377166748","0.9223487377166748","0.9223487377166748"
"1320","0.8577497005462646","0.8577497005462646","0.8577497005462646"
"1321","0.909801721572876","0.909801721572876","0.909801721572876"
"1322","0.9296413660049438","0.9296413660049438","0.9296413660049438"
"1323","0.9166509509086609","0.9166509509086609","0.9166509509086609"
"1324","0.9271106719970703","0.9271106719970703","0.9271106719970703"
"1325","0.9246351718902588","0.9246351718902588","0.9246351718902588"
"1326","0.8978328704833984","0.8978328704833984","0.8978328704833984"
"1327","0.922372043132782","0.922372043132782","0.922372043132782"
"1328","0.9294593334197998","0.9294593334197998","0.9294593334197998"
"1329","0.9191164970397949","0.9191164970397949","0.9191164970397949"
"1330","0.9118232727050781","0.9118232727050781","0.9118232727050781"
"1331","0.8864460587501526","0.8864460587501526","0.8864460587501526"
"1332","0.8737927675247192","0.8737927675247192","0.8737927675247192"
"1333","0.9103055000305176","0.9103055000305176","0.9103055000305176"
"1334","0.9156931042671204","0.9156931042671204","0.9156931042671204"
"1335","0.9141663312911987","0.9141663312911987","0.9141663312911987"
"1336","0.9246454238891602","0.9246454238891602","0.9246454238891602"
"1337","0.8913795948028564","0.8913795948028564","0.8913795948028564"
"1338","0.9061547517776489","0.9061547517776489","0.9061547517776489"
"1339","0.8875144720077515","0.8875144720077515","0.8875144720077515"
"1340","0.9031131267547607","0.9031131267547607","0.9031131267547607"
"1341","0.8915594816207886","0.8915594816207886","0.8915594816207886"
"1342","0.9097682237625122","0.9097682237625122","0.9097682237625122"
"1343","0.9050427675247192","0.9050427675247192","0.9050427675247192"
"1344","0.877013087272644","0.877013087272644","0.877013087272644"
"1345","0.9118713140487671","0.9118713140487671","0.9118713140487671"
"1346","0.9128859043121338","0.9128859043121338","0.9128859043121338"
"1347","0.8658947348594666","0.8658947348594666","0.8658947348594666"
"1348","0.9095795750617981","0.9095795750617981","0.9095795750617981"
"1349","0.8789220452308655","0.8789220452308655","0.8789220452308655"
"1351","0.9276381731033325","0.9276381731033325","0.9276381731033325"
"1352","0.898945689201355","0.898945689201355","0.898945689201355"
"1353","0.8969285488128662","0.8969285488128662","0.8969285488128662"
"1354","0.9249601364135742","0.9249601364135742","0.9249601364135742"
"1355","0.8906364440917969","0.8906364440917969","0.8906364440917969"