"Step","serene-sun-203 - test/rmse_scat","serene-sun-203 - test/rmse_scat__MIN","serene-sun-203 - test/rmse_scat__MAX"
"1","0.01744447834789753","0.01744447834789753","0.01744447834789753"
"2","0.010261453688144684","0.010261453688144684","0.010261453688144684"
"3","0.004119879566133022","0.004119879566133022","0.004119879566133022"
"4","0.01238412968814373","0.01238412968814373","0.01238412968814373"
"5","0.012316991575062275","0.012316991575062275","0.012316991575062275"
"6","0.011497577652335167","0.011497577652335167","0.011497577652335167"
"7","0.017463484779000282","0.017463484779000282","0.017463484779000282"
"8","0.031087173148989677","0.031087173148989677","0.031087173148989677"
"9","0.012758294120430946","0.012758294120430946","0.012758294120430946"
"10","0.012037672102451324","0.012037672102451324","0.012037672102451324"
"11","0.021980412304401398","0.021980412304401398","0.021980412304401398"
"12","0.008701993152499199","0.008701993152499199","0.008701993152499199"
"13","0.014987731352448463","0.014987731352448463","0.014987731352448463"
"14","0.013232444413006306","0.013232444413006306","0.013232444413006306"
"15","0.020933447405695915","0.020933447405695915","0.020933447405695915"
"16","0.04613007605075836","0.04613007605075836","0.04613007605075836"
"18","0.012083033099770546","0.012083033099770546","0.012083033099770546"
"19","0.011863396503031254","0.011863396503031254","0.011863396503031254"
"20","0.012597913853824139","0.012597913853824139","0.012597913853824139"
"21","0.014225217513740063","0.014225217513740063","0.014225217513740063"
"22","0.02411019802093506","0.02411019802093506","0.02411019802093506"
"23","0.027054892852902412","0.027054892852902412","0.027054892852902412"
"24","0.0064057293348014355","0.0064057293348014355","0.0064057293348014355"
"25","0.0141393281519413","0.0141393281519413","0.0141393281519413"
"26","0.015203660354018211","0.015203660354018211","0.015203660354018211"
"27","0.021485956385731697","0.021485956385731697","0.021485956385731697"
"28","0.006937025114893913","0.006937025114893913","0.006937025114893913"
"29","0.038975588977336884","0.038975588977336884","0.038975588977336884"
"30","0.0256955623626709","0.0256955623626709","0.0256955623626709"
"31","0.03411142900586128","0.03411142900586128","0.03411142900586128"
"32","0.024943606927990913","0.024943606927990913","0.024943606927990913"
"33","0.027787748724222183","0.027787748724222183","0.027787748724222183"
"34","0.011443903669714928","0.011443903669714928","0.011443903669714928"
"35","0.013829669915139675","0.013829669915139675","0.013829669915139675"
"36","0.034878093749284744","0.034878093749284744","0.034878093749284744"
"37","0.01370551809668541","0.01370551809668541","0.01370551809668541"
"38","0.00737194437533617","0.00737194437533617","0.00737194437533617"
"39","0.009112508967518806","0.009112508967518806","0.009112508967518806"
"40","0.01497878972440958","0.01497878972440958","0.01497878972440958"
"41","0.009984313510358334","0.009984313510358334","0.009984313510358334"
"42","0.013619281351566315","0.013619281351566315","0.013619281351566315"
"43","0.019243590533733368","0.019243590533733368","0.019243590533733368"
"44","0.011944722384214401","0.011944722384214401","0.011944722384214401"
"45","0.02196691185235977","0.02196691185235977","0.02196691185235977"
"46","0.005266220308840275","0.005266220308840275","0.005266220308840275"
"47","0.004100287798792124","0.004100287798792124","0.004100287798792124"
"48","0.0172436460852623","0.0172436460852623","0.0172436460852623"
"49","0.0042204405181109905","0.0042204405181109905","0.0042204405181109905"
"51","0.011272755451500416","0.011272755451500416","0.011272755451500416"
"52","0.021573049947619438","0.021573049947619438","0.021573049947619438"
"53","0.013380684889853","0.013380684889853","0.013380684889853"
"54","0.00830487348139286","0.00830487348139286","0.00830487348139286"
"55","0.012427234090864658","0.012427234090864658","0.012427234090864658"
"56","0.015379027463495731","0.015379027463495731","0.015379027463495731"
"57","0.0050420938059687614","0.0050420938059687614","0.0050420938059687614"
"58","0.01271635852754116","0.01271635852754116","0.01271635852754116"
"59","0.013063503429293633","0.013063503429293633","0.013063503429293633"
"60","0.022913282737135887","0.022913282737135887","0.022913282737135887"
"61","0.014952328987419605","0.014952328987419605","0.014952328987419605"
"62","0.032832276076078415","0.032832276076078415","0.032832276076078415"
"63","0.02599567547440529","0.02599567547440529","0.02599567547440529"
"64","0.004108501598238945","0.004108501598238945","0.004108501598238945"
"65","0.005986683536320925","0.005986683536320925","0.005986683536320925"
"66","0.017172209918498993","0.017172209918498993","0.017172209918498993"
"67","0.010305152274668217","0.010305152274668217","0.010305152274668217"
"68","0.013434099964797497","0.013434099964797497","0.013434099964797497"
"69","0.01075341273099184","0.01075341273099184","0.01075341273099184"
"70","0.010987854562699795","0.010987854562699795","0.010987854562699795"
"71","0.011813809163868427","0.011813809163868427","0.011813809163868427"
"72","0.012339250184595585","0.012339250184595585","0.012339250184595585"
"73","0.017806705087423325","0.017806705087423325","0.017806705087423325"
"74","0.0042502922005951405","0.0042502922005951405","0.0042502922005951405"
"75","0.013522169552743435","0.013522169552743435","0.013522169552743435"
"76","0.01408160850405693","0.01408160850405693","0.01408160850405693"
"77","0.007807868532836437","0.007807868532836437","0.007807868532836437"
"78","0.006721319630742073","0.006721319630742073","0.006721319630742073"
"79","0.012789529748260975","0.012789529748260975","0.012789529748260975"
"80","0.044689860194921494","0.044689860194921494","0.044689860194921494"
"81","0.01010359637439251","0.01010359637439251","0.01010359637439251"
"82","0.01227080263197422","0.01227080263197422","0.01227080263197422"
"84","0.013623773120343685","0.013623773120343685","0.013623773120343685"
"85","0.013537174090743065","0.013537174090743065","0.013537174090743065"
"86","0.036060135811567307","0.036060135811567307","0.036060135811567307"
"87","0.014029650948941708","0.014029650948941708","0.014029650948941708"
"88","0.021368611603975296","0.021368611603975296","0.021368611603975296"
"89","0.011103671975433826","0.011103671975433826","0.011103671975433826"
"90","0.012105179950594902","0.012105179950594902","0.012105179950594902"
"91","0.015166645869612694","0.015166645869612694","0.015166645869612694"
"92","0.013740732334554195","0.013740732334554195","0.013740732334554195"
"93","0.014833708293735981","0.014833708293735981","0.014833708293735981"
"94","0.023027202114462852","0.023027202114462852","0.023027202114462852"
"95","0.006999274715781212","0.006999274715781212","0.006999274715781212"
"96","0.016108931973576546","0.016108931973576546","0.016108931973576546"
"97","0.009717712178826332","0.009717712178826332","0.009717712178826332"
"98","0.010158468969166279","0.010158468969166279","0.010158468969166279"
"99","0.015019651502370834","0.015019651502370834","0.015019651502370834"
"101","0.013347845524549484","0.013347845524549484","0.013347845524549484"
"102","0.00978837814182043","0.00978837814182043","0.00978837814182043"
"103","0.011791103519499302","0.011791103519499302","0.011791103519499302"
"104","0.00950525887310505","0.00950525887310505","0.00950525887310505"
"105","0.0076408726163208485","0.0076408726163208485","0.0076408726163208485"
"106","0.016080342233181","0.016080342233181","0.016080342233181"
"107","0.016343412920832634","0.016343412920832634","0.016343412920832634"
"108","0.01147184707224369","0.01147184707224369","0.01147184707224369"
"109","0.05112598091363907","0.05112598091363907","0.05112598091363907"
"110","0.029733164235949516","0.029733164235949516","0.029733164235949516"
"111","0.012088832445442677","0.012088832445442677","0.012088832445442677"
"112","0.004243539180606604","0.004243539180606604","0.004243539180606604"
"113","0.02690528705716133","0.02690528705716133","0.02690528705716133"
"114","0.010848432779312134","0.010848432779312134","0.010848432779312134"
"115","0.05014054849743843","0.05014054849743843","0.05014054849743843"
"116","0.017838267609477043","0.017838267609477043","0.017838267609477043"
"118","0.009929593652486801","0.009929593652486801","0.009929593652486801"
"119","0.012063815258443356","0.012063815258443356","0.012063815258443356"
"120","0.02455735206604004","0.02455735206604004","0.02455735206604004"
"121","0.012772851623594761","0.012772851623594761","0.012772851623594761"
"122","0.004996331408619881","0.004996331408619881","0.004996331408619881"
"123","0.013077388517558575","0.013077388517558575","0.013077388517558575"
"124","0.014797677285969257","0.014797677285969257","0.014797677285969257"
"125","0.02595638856291771","0.02595638856291771","0.02595638856291771"
"126","0.018477488309144974","0.018477488309144974","0.018477488309144974"
"127","0.046765368431806564","0.046765368431806564","0.046765368431806564"
"128","0.028501413762569427","0.028501413762569427","0.028501413762569427"
"129","0.022424351423978806","0.022424351423978806","0.022424351423978806"
"130","0.010234847664833069","0.010234847664833069","0.010234847664833069"
"131","0.020603472366929054","0.020603472366929054","0.020603472366929054"
"132","0.016033835709095","0.016033835709095","0.016033835709095"
"133","0.007098387461155653","0.007098387461155653","0.007098387461155653"
"134","0.00818292610347271","0.00818292610347271","0.00818292610347271"
"135","0.015957074239850044","0.015957074239850044","0.015957074239850044"
"136","0.008123809471726418","0.008123809471726418","0.008123809471726418"
"137","0.01390362624078989","0.01390362624078989","0.01390362624078989"
"138","0.02523104101419449","0.02523104101419449","0.02523104101419449"
"139","0.013572056777775288","0.013572056777775288","0.013572056777775288"
"140","0.005317887291312218","0.005317887291312218","0.005317887291312218"
"141","0.004655398428440094","0.004655398428440094","0.004655398428440094"
"142","0.01074375119060278","0.01074375119060278","0.01074375119060278"
"143","0.012497101910412312","0.012497101910412312","0.012497101910412312"
"144","0.010313057340681553","0.010313057340681553","0.010313057340681553"
"145","0.026494117453694344","0.026494117453694344","0.026494117453694344"
"146","0.013974486850202084","0.013974486850202084","0.013974486850202084"
"147","0.006660380866378546","0.006660380866378546","0.006660380866378546"
"148","0.034466616809368134","0.034466616809368134","0.034466616809368134"
"149","0.010309654287993908","0.010309654287993908","0.010309654287993908"
"151","0.012808750383555889","0.012808750383555889","0.012808750383555889"
"152","0.023306677117943764","0.023306677117943764","0.023306677117943764"
"153","0.01453542709350586","0.01453542709350586","0.01453542709350586"
"154","0.014508688822388649","0.014508688822388649","0.014508688822388649"
"155","0.007685930468142033","0.007685930468142033","0.007685930468142033"
"156","0.04389888793230057","0.04389888793230057","0.04389888793230057"
"157","0.010196632705628872","0.010196632705628872","0.010196632705628872"
"158","0.012232514098286629","0.012232514098286629","0.012232514098286629"
"159","0.013031644746661186","0.013031644746661186","0.013031644746661186"
"160","0.015204475261271","0.015204475261271","0.015204475261271"
"161","0.03455682843923569","0.03455682843923569","0.03455682843923569"
"162","0.02086218073964119","0.02086218073964119","0.02086218073964119"
"163","0.01416548527777195","0.01416548527777195","0.01416548527777195"
"164","0.019807234406471252","0.019807234406471252","0.019807234406471252"
"165","0.023748129606246948","0.023748129606246948","0.023748129606246948"
"166","0.0211835615336895","0.0211835615336895","0.0211835615336895"
"167","0.004095529671758413","0.004095529671758413","0.004095529671758413"
"168","0.01497791800647974","0.01497791800647974","0.01497791800647974"
"169","0.018980810418725014","0.018980810418725014","0.018980810418725014"
"170","0.02222416363656521","0.02222416363656521","0.02222416363656521"
"171","0.009460865519940853","0.009460865519940853","0.009460865519940853"
"172","0.04316575452685356","0.04316575452685356","0.04316575452685356"
"173","0.013222618028521538","0.013222618028521538","0.013222618028521538"
"174","0.017394281923770905","0.017394281923770905","0.017394281923770905"
"175","0.012663365341722965","0.012663365341722965","0.012663365341722965"
"176","0.010789493098855019","0.010789493098855019","0.010789493098855019"
"177","0.012513486668467522","0.012513486668467522","0.012513486668467522"
"178","0.012281094677746296","0.012281094677746296","0.012281094677746296"
"179","0.013748357072472572","0.013748357072472572","0.013748357072472572"
"180","0.014081541448831558","0.014081541448831558","0.014081541448831558"
"181","0.03528137132525444","0.03528137132525444","0.03528137132525444"
"182","0.0049790446646511555","0.0049790446646511555","0.0049790446646511555"
"184","0.012226912193000317","0.012226912193000317","0.012226912193000317"
"185","0.016715623438358307","0.016715623438358307","0.016715623438358307"
"186","0.012521461583673954","0.012521461583673954","0.012521461583673954"
"187","0.03946243226528168","0.03946243226528168","0.03946243226528168"
"188","0.012948182411491871","0.012948182411491871","0.012948182411491871"
"189","0.019478708505630493","0.019478708505630493","0.019478708505630493"
"190","0.019347090274095535","0.019347090274095535","0.019347090274095535"
"191","0.008844553492963314","0.008844553492963314","0.008844553492963314"
"192","0.023606792092323303","0.023606792092323303","0.023606792092323303"
"193","0.015097372233867645","0.015097372233867645","0.015097372233867645"
"194","0.006538079585880041","0.006538079585880041","0.006538079585880041"
"195","0.012286284007132053","0.012286284007132053","0.012286284007132053"
"196","0.01375090703368187","0.01375090703368187","0.01375090703368187"
"197","0.020787741988897324","0.020787741988897324","0.020787741988897324"
"198","0.03654300421476364","0.03654300421476364","0.03654300421476364"
"199","0.012866408564150333","0.012866408564150333","0.012866408564150333"
"201","0.024161288514733315","0.024161288514733315","0.024161288514733315"
"202","0.017310727387666702","0.017310727387666702","0.017310727387666702"
"203","0.010722978971898556","0.010722978971898556","0.010722978971898556"
"204","0.01180716697126627","0.01180716697126627","0.01180716697126627"
"205","0.024224305525422096","0.024224305525422096","0.024224305525422096"
"206","0.012924643233418465","0.012924643233418465","0.012924643233418465"
"207","0.013299516402184963","0.013299516402184963","0.013299516402184963"
"208","0.011708404868841171","0.011708404868841171","0.011708404868841171"
"209","0.010215923190116882","0.010215923190116882","0.010215923190116882"
"210","0.007568410597741604","0.007568410597741604","0.007568410597741604"
"211","0.020047564059495926","0.020047564059495926","0.020047564059495926"
"212","0.0136753860861063","0.0136753860861063","0.0136753860861063"
"213","0.00871187262237072","0.00871187262237072","0.00871187262237072"
"214","0.015996543690562248","0.015996543690562248","0.015996543690562248"
"215","0.024399779736995697","0.024399779736995697","0.024399779736995697"
"216","0.012967430986464024","0.012967430986464024","0.012967430986464024"
"218","0.01221785694360733","0.01221785694360733","0.01221785694360733"
"219","0.011252239346504211","0.011252239346504211","0.011252239346504211"
"220","0.010641739703714848","0.010641739703714848","0.010641739703714848"
"221","0.01429134700447321","0.01429134700447321","0.01429134700447321"
"222","0.010669882409274578","0.010669882409274578","0.010669882409274578"
"223","0.011193367652595043","0.011193367652595043","0.011193367652595043"
"224","0.012993714772164822","0.012993714772164822","0.012993714772164822"
"225","0.020175570622086525","0.020175570622086525","0.020175570622086525"
"226","0.01231073122471571","0.01231073122471571","0.01231073122471571"
"227","0.013964643701910973","0.013964643701910973","0.013964643701910973"
"228","0.017663629725575447","0.017663629725575447","0.017663629725575447"
"229","0.022679787129163742","0.022679787129163742","0.022679787129163742"
"230","0.005762163549661636","0.005762163549661636","0.005762163549661636"
"231","0.021113721653819084","0.021113721653819084","0.021113721653819084"
"232","0.01388773787766695","0.01388773787766695","0.01388773787766695"
"233","0.020174650475382805","0.020174650475382805","0.020174650475382805"
"234","0.0060963560827076435","0.0060963560827076435","0.0060963560827076435"
"235","0.02552463300526142","0.02552463300526142","0.02552463300526142"
"236","0.01506071537733078","0.01506071537733078","0.01506071537733078"
"237","0.02403019182384014","0.02403019182384014","0.02403019182384014"
"238","0.011283115483820438","0.011283115483820438","0.011283115483820438"
"239","0.013502867892384529","0.013502867892384529","0.013502867892384529"
"240","0.012026372365653515","0.012026372365653515","0.012026372365653515"
"241","0.010821745730936527","0.010821745730936527","0.010821745730936527"
"242","0.00622680876404047","0.00622680876404047","0.00622680876404047"
"243","0.005198393948376179","0.005198393948376179","0.005198393948376179"
"244","0.011395644396543503","0.011395644396543503","0.011395644396543503"
"245","0.012697725556790829","0.012697725556790829","0.012697725556790829"
"246","0.023279301822185516","0.023279301822185516","0.023279301822185516"
"247","0.013027199544012547","0.013027199544012547","0.013027199544012547"
"248","0.013404729776084423","0.013404729776084423","0.013404729776084423"
"249","0.01536249928176403","0.01536249928176403","0.01536249928176403"
"251","0.013395821675658226","0.013395821675658226","0.013395821675658226"
"252","0.007542681414633989","0.007542681414633989","0.007542681414633989"
"253","0.008965947665274143","0.008965947665274143","0.008965947665274143"
"254","0.030871599912643433","0.030871599912643433","0.030871599912643433"
"255","0.006702740676701069","0.006702740676701069","0.006702740676701069"
"256","0.011368213221430779","0.011368213221430779","0.011368213221430779"
"257","0.022697262465953827","0.022697262465953827","0.022697262465953827"
"258","0.011921938508749008","0.011921938508749008","0.011921938508749008"
"259","0.011042716912925243","0.011042716912925243","0.011042716912925243"
"260","0.028826486319303513","0.028826486319303513","0.028826486319303513"
"261","0.012063052505254745","0.012063052505254745","0.012063052505254745"
"262","0.024700015783309937","0.024700015783309937","0.024700015783309937"
"263","0.01631573960185051","0.01631573960185051","0.01631573960185051"
"264","0.01723388209939003","0.01723388209939003","0.01723388209939003"
"265","0.006824588868767023","0.006824588868767023","0.006824588868767023"
"266","0.012037207372486591","0.012037207372486591","0.012037207372486591"
"267","0.038784582167863846","0.038784582167863846","0.038784582167863846"
"268","0.012625260278582573","0.012625260278582573","0.012625260278582573"
"269","0.01468638889491558","0.01468638889491558","0.01468638889491558"
"270","0.013989783823490143","0.013989783823490143","0.013989783823490143"
"271","0.013879663310945034","0.013879663310945034","0.013879663310945034"
"272","0.013386334292590618","0.013386334292590618","0.013386334292590618"
"273","0.02165267802774906","0.02165267802774906","0.02165267802774906"
"274","0.029079698026180267","0.029079698026180267","0.029079698026180267"
"275","0.014728832058608532","0.014728832058608532","0.014728832058608532"
"276","0.012732693925499916","0.012732693925499916","0.012732693925499916"
"277","0.010287456214427948","0.010287456214427948","0.010287456214427948"
"278","0.046306151896715164","0.046306151896715164","0.046306151896715164"
"279","0.01306422520428896","0.01306422520428896","0.01306422520428896"
"280","0.01853848062455654","0.01853848062455654","0.01853848062455654"
"281","0.010226973332464695","0.010226973332464695","0.010226973332464695"
"282","0.012790797278285027","0.012790797278285027","0.012790797278285027"
"284","0.01410625223070383","0.01410625223070383","0.01410625223070383"
"285","0.020527075976133347","0.020527075976133347","0.020527075976133347"
"286","0.004901563283056021","0.004901563283056021","0.004901563283056021"
"287","0.012350399978458881","0.012350399978458881","0.012350399978458881"
"288","0.013418677262961864","0.013418677262961864","0.013418677262961864"
"289","0.01699780486524105","0.01699780486524105","0.01699780486524105"
"290","0.024648204445838928","0.024648204445838928","0.024648204445838928"
"291","0.012961473315954208","0.012961473315954208","0.012961473315954208"
"292","0.012924568727612495","0.012924568727612495","0.012924568727612495"
"293","0.012849241495132446","0.012849241495132446","0.012849241495132446"
"294","0.01663363166153431","0.01663363166153431","0.01663363166153431"
"295","0.015495656058192253","0.015495656058192253","0.015495656058192253"
"296","0.014993397518992424","0.014993397518992424","0.014993397518992424"
"297","0.013746573589742184","0.013746573589742184","0.013746573589742184"
"298","0.01218400802463293","0.01218400802463293","0.01218400802463293"
"299","0.018347525969147682","0.018347525969147682","0.018347525969147682"
"301","0.012348053976893425","0.012348053976893425","0.012348053976893425"
"302","0.02305065281689167","0.02305065281689167","0.02305065281689167"
"303","0.013693529181182384","0.013693529181182384","0.013693529181182384"
"304","0.018481828272342682","0.018481828272342682","0.018481828272342682"
"305","0.013958664610981941","0.013958664610981941","0.013958664610981941"
"306","0.012220993638038635","0.012220993638038635","0.012220993638038635"
"307","0.020344074815511703","0.020344074815511703","0.020344074815511703"
"308","0.012460781261324883","0.012460781261324883","0.012460781261324883"
"309","0.0158830676227808","0.0158830676227808","0.0158830676227808"
"310","0.009796258062124252","0.009796258062124252","0.009796258062124252"
"311","0.0274838637560606","0.0274838637560606","0.0274838637560606"
"312","0.01427476853132248","0.01427476853132248","0.01427476853132248"
"313","0.016097623854875565","0.016097623854875565","0.016097623854875565"
"314","0.023029379546642303","0.023029379546642303","0.023029379546642303"
"315","0.013330653309822083","0.013330653309822083","0.013330653309822083"
"316","0.013064499944448471","0.013064499944448471","0.013064499944448471"
"318","0.01150482427328825","0.01150482427328825","0.01150482427328825"
"319","0.01092910673469305","0.01092910673469305","0.01092910673469305"
"320","0.03623315319418907","0.03623315319418907","0.03623315319418907"
"321","0.007991128601133823","0.007991128601133823","0.007991128601133823"
"322","0.010364360176026821","0.010364360176026821","0.010364360176026821"
"323","0.02727004885673523","0.02727004885673523","0.02727004885673523"
"324","0.01255439966917038","0.01255439966917038","0.01255439966917038"
"325","0.015102788805961609","0.015102788805961609","0.015102788805961609"
"326","0.004723481368273497","0.004723481368273497","0.004723481368273497"
"327","0.011070081032812595","0.011070081032812595","0.011070081032812595"
"328","0.0126724261790514","0.0126724261790514","0.0126724261790514"
"329","0.013043456710875034","0.013043456710875034","0.013043456710875034"
"330","0.008992653340101242","0.008992653340101242","0.008992653340101242"
"331","0.012591352686285973","0.012591352686285973","0.012591352686285973"
"332","0.02998197451233864","0.02998197451233864","0.02998197451233864"
"333","0.017320657148957253","0.017320657148957253","0.017320657148957253"
"334","0.012606031261384487","0.012606031261384487","0.012606031261384487"
"335","0.015884097665548325","0.015884097665548325","0.015884097665548325"
"336","0.010395686142146587","0.010395686142146587","0.010395686142146587"
"337","0.01191455777734518","0.01191455777734518","0.01191455777734518"
"338","0.0048060789704322815","0.0048060789704322815","0.0048060789704322815"
"339","0.013464916497468948","0.013464916497468948","0.013464916497468948"
"340","0.012741944752633572","0.012741944752633572","0.012741944752633572"
"341","0.0151140745729208","0.0151140745729208","0.0151140745729208"
"342","0.010230219922959805","0.010230219922959805","0.010230219922959805"
"343","0.01843184605240822","0.01843184605240822","0.01843184605240822"
"344","0.024331865832209587","0.024331865832209587","0.024331865832209587"
"345","0.011493021622300148","0.011493021622300148","0.011493021622300148"
"346","0.018218861892819405","0.018218861892819405","0.018218861892819405"
"347","0.012186160311102867","0.012186160311102867","0.012186160311102867"
"348","0.006955441553145647","0.006955441553145647","0.006955441553145647"
"349","0.01775522530078888","0.01775522530078888","0.01775522530078888"
"351","0.0195994321256876","0.0195994321256876","0.0195994321256876"
"352","0.03323579952120781","0.03323579952120781","0.03323579952120781"
"353","0.013589122332632542","0.013589122332632542","0.013589122332632542"
"354","0.009752554818987846","0.009752554818987846","0.009752554818987846"
"355","0.006569121964275837","0.006569121964275837","0.006569121964275837"
"356","0.0062544215470552444","0.0062544215470552444","0.0062544215470552444"
"357","0.014687838964164257","0.014687838964164257","0.014687838964164257"
"358","0.01675044186413288","0.01675044186413288","0.01675044186413288"
"359","0.03779974952340126","0.03779974952340126","0.03779974952340126"
"360","0.014899014495313168","0.014899014495313168","0.014899014495313168"
"361","0.010950659401714802","0.010950659401714802","0.010950659401714802"
"362","0.01940787211060524","0.01940787211060524","0.01940787211060524"
"363","0.0132132014259696","0.0132132014259696","0.0132132014259696"
"364","0.012414281256496906","0.012414281256496906","0.012414281256496906"
"365","0.00994561892002821","0.00994561892002821","0.00994561892002821"
"366","0.012924344278872013","0.012924344278872013","0.012924344278872013"
"367","0.011417204514145851","0.011417204514145851","0.011417204514145851"
"368","0.02190806157886982","0.02190806157886982","0.02190806157886982"
"369","0.0227566696703434","0.0227566696703434","0.0227566696703434"
"370","0.010206303559243679","0.010206303559243679","0.010206303559243679"
"371","0.013105109333992004","0.013105109333992004","0.013105109333992004"
"372","0.016240421682596207","0.016240421682596207","0.016240421682596207"
"373","0.012386796064674854","0.012386796064674854","0.012386796064674854"
"374","0.016465580090880394","0.016465580090880394","0.016465580090880394"
"375","0.03256263583898544","0.03256263583898544","0.03256263583898544"
"376","0.006008574273437262","0.006008574273437262","0.006008574273437262"
"377","0.016781186684966087","0.016781186684966087","0.016781186684966087"
"378","0.022457242012023926","0.022457242012023926","0.022457242012023926"
"379","0.004310821648687124","0.004310821648687124","0.004310821648687124"
"380","0.03248705342411995","0.03248705342411995","0.03248705342411995"
"381","0.011774671263992786","0.011774671263992786","0.011774671263992786"
"382","0.0079518873244524","0.0079518873244524","0.0079518873244524"
"384","0.007046662736684084","0.007046662736684084","0.007046662736684084"
"385","0.004990029614418745","0.004990029614418745","0.004990029614418745"
"386","0.03900986909866333","0.03900986909866333","0.03900986909866333"
"387","0.007654980756342411","0.007654980756342411","0.007654980756342411"
"388","0.012009513564407825","0.012009513564407825","0.012009513564407825"
"389","0.01205499842762947","0.01205499842762947","0.01205499842762947"
"390","0.0308554545044899","0.0308554545044899","0.0308554545044899"
"391","0.01909884437918663","0.01909884437918663","0.01909884437918663"
"392","0.020676877349615097","0.020676877349615097","0.020676877349615097"
"393","0.028938043862581253","0.028938043862581253","0.028938043862581253"
"394","0.042470257729291916","0.042470257729291916","0.042470257729291916"
"395","0.006970025133341551","0.006970025133341551","0.006970025133341551"
"396","0.0045910547487437725","0.0045910547487437725","0.0045910547487437725"
"397","0.011878913268446922","0.011878913268446922","0.011878913268446922"
"398","0.011880776844918728","0.011880776844918728","0.011880776844918728"
"399","0.01547248475253582","0.01547248475253582","0.01547248475253582"
"401","0.011936899274587631","0.011936899274587631","0.011936899274587631"
"402","0.015545151196420193","0.015545151196420193","0.015545151196420193"
"403","0.011749636381864548","0.011749636381864548","0.011749636381864548"
"404","0.01556398719549179","0.01556398719549179","0.01556398719549179"
"405","0.010882824659347534","0.010882824659347534","0.010882824659347534"
"406","0.013269512914121151","0.013269512914121151","0.013269512914121151"
"407","0.004944972228258848","0.004944972228258848","0.004944972228258848"
"408","0.013442824594676495","0.013442824594676495","0.013442824594676495"
"409","0.014045014046132565","0.014045014046132565","0.014045014046132565"
"410","0.010768426582217216","0.010768426582217216","0.010768426582217216"
"411","0.021646615117788315","0.021646615117788315","0.021646615117788315"
"412","0.014694889076054096","0.014694889076054096","0.014694889076054096"
"413","0.01176756713539362","0.01176756713539362","0.01176756713539362"
"414","0.020910300314426422","0.020910300314426422","0.020910300314426422"
"415","0.009934744797647","0.009934744797647","0.009934744797647"
"416","0.006626217160373926","0.006626217160373926","0.006626217160373926"
"418","0.00898315291851759","0.00898315291851759","0.00898315291851759"
"419","0.013480187393724918","0.013480187393724918","0.013480187393724918"
"420","0.01349552534520626","0.01349552534520626","0.01349552534520626"
"421","0.014732812531292439","0.014732812531292439","0.014732812531292439"
"422","0.00931513775140047","0.00931513775140047","0.00931513775140047"
"423","0.016696838662028313","0.016696838662028313","0.016696838662028313"
"424","0.014744946733117104","0.014744946733117104","0.014744946733117104"
"425","0.02632117085158825","0.02632117085158825","0.02632117085158825"
"426","0.029686855152249336","0.029686855152249336","0.029686855152249336"
"427","0.013810191303491592","0.013810191303491592","0.013810191303491592"
"428","0.008999345824122429","0.008999345824122429","0.008999345824122429"
"429","0.029001882299780846","0.029001882299780846","0.029001882299780846"
"430","0.004816609434783459","0.004816609434783459","0.004816609434783459"
"431","0.011204429902136326","0.011204429902136326","0.011204429902136326"
"432","0.004960935562849045","0.004960935562849045","0.004960935562849045"
"433","0.0053472863510251045","0.0053472863510251045","0.0053472863510251045"
"434","0.013386055827140808","0.013386055827140808","0.013386055827140808"
"435","0.01633593626320362","0.01633593626320362","0.01633593626320362"
"436","0.0146012082695961","0.0146012082695961","0.0146012082695961"
"437","0.013673784211277962","0.013673784211277962","0.013673784211277962"
"438","0.014067531563341618","0.014067531563341618","0.014067531563341618"
"439","0.02269608899950981","0.02269608899950981","0.02269608899950981"
"440","0.010761180892586708","0.010761180892586708","0.010761180892586708"
"441","0.013329311273992062","0.013329311273992062","0.013329311273992062"
"442","0.010722366161644459","0.010722366161644459","0.010722366161644459"
"443","0.009666595607995987","0.009666595607995987","0.009666595607995987"
"444","0.020727796480059624","0.020727796480059624","0.020727796480059624"
"445","0.011557663790881634","0.011557663790881634","0.011557663790881634"
"446","0.017368551343679428","0.017368551343679428","0.017368551343679428"
"447","0.015526172704994678","0.015526172704994678","0.015526172704994678"
"448","0.00698646018281579","0.00698646018281579","0.00698646018281579"
"449","0.013045779429376125","0.013045779429376125","0.013045779429376125"
"451","0.014277683570981026","0.014277683570981026","0.014277683570981026"
"452","0.013057385571300983","0.013057385571300983","0.013057385571300983"
"453","0.007567592430859804","0.007567592430859804","0.007567592430859804"
"454","0.019809767603874207","0.019809767603874207","0.019809767603874207"
"455","0.011933857575058937","0.011933857575058937","0.011933857575058937"
"456","0.00993083231151104","0.00993083231151104","0.00993083231151104"
"457","0.0060028936713933945","0.0060028936713933945","0.0060028936713933945"
"458","0.008501446805894375","0.008501446805894375","0.008501446805894375"
"459","0.02442660927772522","0.02442660927772522","0.02442660927772522"
"460","0.025994597002863884","0.025994597002863884","0.025994597002863884"
"461","0.011122660711407661","0.011122660711407661","0.011122660711407661"
"462","0.012071707285940647","0.012071707285940647","0.012071707285940647"
"463","0.014433546923100948","0.014433546923100948","0.014433546923100948"
"464","0.005720565095543861","0.005720565095543861","0.005720565095543861"
"465","0.011808371171355247","0.011808371171355247","0.011808371171355247"
"466","0.028513913974165916","0.028513913974165916","0.028513913974165916"
"467","0.02975970320403576","0.02975970320403576","0.02975970320403576"
"468","0.010874488390982151","0.010874488390982151","0.010874488390982151"
"469","0.014663640409708023","0.014663640409708023","0.014663640409708023"
"470","0.012447761371731758","0.012447761371731758","0.012447761371731758"
"471","0.013698389753699303","0.013698389753699303","0.013698389753699303"
"472","0.014607681892812252","0.014607681892812252","0.014607681892812252"
"473","0.022959519177675247","0.022959519177675247","0.022959519177675247"
"474","0.014411777257919312","0.014411777257919312","0.014411777257919312"
"475","0.009301649406552315","0.009301649406552315","0.009301649406552315"
"476","0.030805550515651703","0.030805550515651703","0.030805550515651703"
"477","0.012579142116010189","0.012579142116010189","0.012579142116010189"
"478","0.023621689528226852","0.023621689528226852","0.023621689528226852"
"479","0.006116844248026609","0.006116844248026609","0.006116844248026609"
"480","0.007527920417487621","0.007527920417487621","0.007527920417487621"
"481","0.022429363802075386","0.022429363802075386","0.022429363802075386"
"482","0.008872457779943943","0.008872457779943943","0.008872457779943943"
"484","0.005250195506960154","0.005250195506960154","0.005250195506960154"
"485","0.01500346977263689","0.01500346977263689","0.01500346977263689"
"486","0.023509826511144638","0.023509826511144638","0.023509826511144638"
"487","0.004765960853546858","0.004765960853546858","0.004765960853546858"
"488","0.005114448256790638","0.005114448256790638","0.005114448256790638"
"489","0.022019503638148308","0.022019503638148308","0.022019503638148308"
"490","0.012119010090827942","0.012119010090827942","0.012119010090827942"
"491","0.01105189137160778","0.01105189137160778","0.01105189137160778"
"492","0.03134414553642273","0.03134414553642273","0.03134414553642273"
"493","0.01572435162961483","0.01572435162961483","0.01572435162961483"
"494","0.015270576812326908","0.015270576812326908","0.015270576812326908"
"495","0.021496638655662537","0.021496638655662537","0.021496638655662537"
"496","0.028552552685141563","0.028552552685141563","0.028552552685141563"
"497","0.007260218262672424","0.007260218262672424","0.007260218262672424"
"498","0.023140598088502884","0.023140598088502884","0.023140598088502884"
"499","0.012600179761648178","0.012600179761648178","0.012600179761648178"
"501","0.011583123356103897","0.011583123356103897","0.011583123356103897"
"502","0.009681629948318005","0.009681629948318005","0.009681629948318005"
"503","0.04300113767385483","0.04300113767385483","0.04300113767385483"
"504","0.009266416542232037","0.009266416542232037","0.009266416542232037"
"505","0.004910626914352179","0.004910626914352179","0.004910626914352179"
"506","0.014079345390200615","0.014079345390200615","0.014079345390200615"
"507","0.0229826457798481","0.0229826457798481","0.0229826457798481"
"508","0.023224525153636932","0.023224525153636932","0.023224525153636932"
"509","0.013500365428626537","0.013500365428626537","0.013500365428626537"
"510","0.009446103125810623","0.009446103125810623","0.009446103125810623"
"511","0.00626446632668376","0.00626446632668376","0.00626446632668376"
"512","0.03850790485739708","0.03850790485739708","0.03850790485739708"
"513","0.012156451120972633","0.012156451120972633","0.012156451120972633"
"514","0.015927301719784737","0.015927301719784737","0.015927301719784737"
"515","0.010613609105348587","0.010613609105348587","0.010613609105348587"
"516","0.026989227160811424","0.026989227160811424","0.026989227160811424"
"518","0.026949569582939148","0.026949569582939148","0.026949569582939148"
"519","0.030984755605459213","0.030984755605459213","0.030984755605459213"
"520","0.011584070511162281","0.011584070511162281","0.011584070511162281"
"521","0.012358225882053375","0.012358225882053375","0.012358225882053375"
"522","0.017862040549516678","0.017862040549516678","0.017862040549516678"
"523","0.026433102786540985","0.026433102786540985","0.026433102786540985"
"524","0.01907038874924183","0.01907038874924183","0.01907038874924183"
"525","0.014270382933318615","0.014270382933318615","0.014270382933318615"
"526","0.014315222389996052","0.014315222389996052","0.014315222389996052"
"527","0.01984122395515442","0.01984122395515442","0.01984122395515442"
"528","0.017856867983937263","0.017856867983937263","0.017856867983937263"
"529","0.012654872611165047","0.012654872611165047","0.012654872611165047"
"530","0.01480234693735838","0.01480234693735838","0.01480234693735838"
"531","0.011960470117628574","0.011960470117628574","0.011960470117628574"
"532","0.011788659729063511","0.011788659729063511","0.011788659729063511"
"533","0.013301637955009937","0.013301637955009937","0.013301637955009937"
"534","0.012381820008158684","0.012381820008158684","0.012381820008158684"
"535","0.006288810633122921","0.006288810633122921","0.006288810633122921"
"536","0.01851186715066433","0.01851186715066433","0.01851186715066433"
"537","0.02333369292318821","0.02333369292318821","0.02333369292318821"
"538","0.02398945949971676","0.02398945949971676","0.02398945949971676"
"539","0.012811882421374321","0.012811882421374321","0.012811882421374321"
"540","0.012739786878228188","0.012739786878228188","0.012739786878228188"
"541","0.008220886811614037","0.008220886811614037","0.008220886811614037"
"542","0.01254116278141737","0.01254116278141737","0.01254116278141737"
"543","0.023328250274062157","0.023328250274062157","0.023328250274062157"
"544","0.014134889468550682","0.014134889468550682","0.014134889468550682"
"545","0.01146618090569973","0.01146618090569973","0.01146618090569973"
"546","0.00473893852904439","0.00473893852904439","0.00473893852904439"
"547","0.027244089171290398","0.027244089171290398","0.027244089171290398"
"548","0.005017643794417381","0.005017643794417381","0.005017643794417381"
"549","0.004553650971502066","0.004553650971502066","0.004553650971502066"
"551","0.015318390913307667","0.015318390913307667","0.015318390913307667"
"552","0.013546306639909744","0.013546306639909744","0.013546306639909744"
"553","0.012824795208871365","0.012824795208871365","0.012824795208871365"
"554","0.01592557691037655","0.01592557691037655","0.01592557691037655"
"555","0.023825036361813545","0.023825036361813545","0.023825036361813545"
"556","0.0183454230427742","0.0183454230427742","0.0183454230427742"
"557","0.011807798407971859","0.011807798407971859","0.011807798407971859"
"558","0.0119088813662529","0.0119088813662529","0.0119088813662529"
"559","0.025125928223133087","0.025125928223133087","0.025125928223133087"
"560","0.004063897766172886","0.004063897766172886","0.004063897766172886"
"561","0.01280950102955103","0.01280950102955103","0.01280950102955103"
"562","0.01066436618566513","0.01066436618566513","0.01066436618566513"
"563","0.01277722604572773","0.01277722604572773","0.01277722604572773"
"564","0.01861392892897129","0.01861392892897129","0.01861392892897129"
"565","0.015574324876070023","0.015574324876070023","0.015574324876070023"
"566","0.017125392332673073","0.017125392332673073","0.017125392332673073"
"567","0.0148843452334404","0.0148843452334404","0.0148843452334404"
"568","0.004441077820956707","0.004441077820956707","0.004441077820956707"
"569","0.012842871248722076","0.012842871248722076","0.012842871248722076"
"570","0.02847426012158394","0.02847426012158394","0.02847426012158394"
"571","0.005030669737607241","0.005030669737607241","0.005030669737607241"
"572","0.010026014409959316","0.010026014409959316","0.010026014409959316"
"573","0.01542415376752615","0.01542415376752615","0.01542415376752615"
"574","0.015080508776009083","0.015080508776009083","0.015080508776009083"
"575","0.009315206669270992","0.009315206669270992","0.009315206669270992"
"576","0.012922858819365501","0.012922858819365501","0.012922858819365501"
"577","0.03390151262283325","0.03390151262283325","0.03390151262283325"
"578","0.011973782442510128","0.011973782442510128","0.011973782442510128"
"579","0.017043456435203552","0.017043456435203552","0.017043456435203552"
"580","0.027711139991879463","0.027711139991879463","0.027711139991879463"
"581","0.01455064956098795","0.01455064956098795","0.01455064956098795"
"582","0.012711840681731701","0.012711840681731701","0.012711840681731701"
"584","0.018525658175349236","0.018525658175349236","0.018525658175349236"
"585","0.028492074459791183","0.028492074459791183","0.028492074459791183"
"586","0.014018513262271881","0.014018513262271881","0.014018513262271881"
"587","0.01208773534744978","0.01208773534744978","0.01208773534744978"
"588","0.03652827441692352","0.03652827441692352","0.03652827441692352"
"589","0.02226315811276436","0.02226315811276436","0.02226315811276436"
"590","0.008011394180357456","0.008011394180357456","0.008011394180357456"
"591","0.014185928739607334","0.014185928739607334","0.014185928739607334"
"592","0.02301165461540222","0.02301165461540222","0.02301165461540222"
"593","0.008149612694978714","0.008149612694978714","0.008149612694978714"
"594","0.012769179418683052","0.012769179418683052","0.012769179418683052"
"595","0.013605695217847824","0.013605695217847824","0.013605695217847824"
"596","0.02919163554906845","0.02919163554906845","0.02919163554906845"
"597","0.012759114615619183","0.012759114615619183","0.012759114615619183"
"598","0.057711031287908554","0.057711031287908554","0.057711031287908554"
"599","0.034106943756341934","0.034106943756341934","0.034106943756341934"
"601","0.005574199371039867","0.005574199371039867","0.005574199371039867"
"602","0.010553424246609211","0.010553424246609211","0.010553424246609211"
"603","0.009286938235163689","0.009286938235163689","0.009286938235163689"
"604","0.01587653160095215","0.01587653160095215","0.01587653160095215"
"605","0.005046300124377012","0.005046300124377012","0.005046300124377012"
"606","0.02649691514670849","0.02649691514670849","0.02649691514670849"
"607","0.02969047613441944","0.02969047613441944","0.02969047613441944"
"608","0.012701318599283695","0.012701318599283695","0.012701318599283695"
"609","0.013089146465063095","0.013089146465063095","0.013089146465063095"
"610","0.010755911469459534","0.010755911469459534","0.010755911469459534"
"611","0.0042026410810649395","0.0042026410810649395","0.0042026410810649395"
"612","0.013606660068035126","0.013606660068035126","0.013606660068035126"
"613","0.013862810097634792","0.013862810097634792","0.013862810097634792"
"614","0.01349688321352005","0.01349688321352005","0.01349688321352005"
"615","0.013752073049545288","0.013752073049545288","0.013752073049545288"
"616","0.0113227479159832","0.0113227479159832","0.0113227479159832"
"618","0.004515083972364664","0.004515083972364664","0.004515083972364664"
"619","0.014076384715735912","0.014076384715735912","0.014076384715735912"
"620","0.03234129771590233","0.03234129771590233","0.03234129771590233"
"621","0.02597254142165184","0.02597254142165184","0.02597254142165184"
"622","0.00938892550766468","0.00938892550766468","0.00938892550766468"
"623","0.010024872608482838","0.010024872608482838","0.010024872608482838"
"624","0.011166177690029144","0.011166177690029144","0.011166177690029144"
"625","0.010533574037253857","0.010533574037253857","0.010533574037253857"
"626","0.0327567420899868","0.0327567420899868","0.0327567420899868"
"627","0.006095969583839178","0.006095969583839178","0.006095969583839178"
"628","0.020385850220918655","0.020385850220918655","0.020385850220918655"
"629","0.011696751229465008","0.011696751229465008","0.011696751229465008"
"630","0.01386504340916872","0.01386504340916872","0.01386504340916872"
"631","0.01322080660611391","0.01322080660611391","0.01322080660611391"
"632","0.016183018684387207","0.016183018684387207","0.016183018684387207"
"633","0.00993784423917532","0.00993784423917532","0.00993784423917532"
"634","0.041521795094013214","0.041521795094013214","0.041521795094013214"
"635","0.01906382478773594","0.01906382478773594","0.01906382478773594"
"636","0.027227841317653656","0.027227841317653656","0.027227841317653656"
"637","0.025255586951971054","0.025255586951971054","0.025255586951971054"
"638","0.012047010473906994","0.012047010473906994","0.012047010473906994"
"639","0.013809805735945702","0.013809805735945702","0.013809805735945702"
"640","0.031525928527116776","0.031525928527116776","0.031525928527116776"
"641","0.014758159406483173","0.014758159406483173","0.014758159406483173"
"642","0.015303215943276882","0.015303215943276882","0.015303215943276882"
"643","0.021708620712161064","0.021708620712161064","0.021708620712161064"
"644","0.016134951263666153","0.016134951263666153","0.016134951263666153"
"645","0.015036477707326412","0.015036477707326412","0.015036477707326412"
"646","0.012403950095176697","0.012403950095176697","0.012403950095176697"
"647","0.02789284661412239","0.02789284661412239","0.02789284661412239"
"648","0.015593692660331726","0.015593692660331726","0.015593692660331726"
"649","0.007438087835907936","0.007438087835907936","0.007438087835907936"
"651","0.004835324361920357","0.004835324361920357","0.004835324361920357"
"652","0.012837006710469723","0.012837006710469723","0.012837006710469723"
"653","0.014960912987589836","0.014960912987589836","0.014960912987589836"
"654","0.01289785373955965","0.01289785373955965","0.01289785373955965"
"655","0.013151740655303001","0.013151740655303001","0.013151740655303001"
"656","0.015617740340530872","0.015617740340530872","0.015617740340530872"
"657","0.01498567033559084","0.01498567033559084","0.01498567033559084"
"658","0.026090461760759354","0.026090461760759354","0.026090461760759354"
"659","0.013710458762943745","0.013710458762943745","0.013710458762943745"
"660","0.014281192794442177","0.014281192794442177","0.014281192794442177"
"661","0.04690295085310936","0.04690295085310936","0.04690295085310936"
"662","0.00830678641796112","0.00830678641796112","0.00830678641796112"
"663","0.009540165774524212","0.009540165774524212","0.009540165774524212"
"664","0.008476092480123043","0.008476092480123043","0.008476092480123043"
"665","0.0325787328183651","0.0325787328183651","0.0325787328183651"
"666","0.0073440480045974255","0.0073440480045974255","0.0073440480045974255"
"667","0.01508798636496067","0.01508798636496067","0.01508798636496067"
"668","0.007489549461752176","0.007489549461752176","0.007489549461752176"
"669","0.02564535290002823","0.02564535290002823","0.02564535290002823"
"670","0.01883864961564541","0.01883864961564541","0.01883864961564541"
"671","0.010990592651069164","0.010990592651069164","0.010990592651069164"
"672","0.011799415573477745","0.011799415573477745","0.011799415573477745"
"673","0.03394491598010063","0.03394491598010063","0.03394491598010063"
"674","0.017305703833699226","0.017305703833699226","0.017305703833699226"
"675","0.011655346490442753","0.011655346490442753","0.011655346490442753"
"676","0.026217777281999588","0.026217777281999588","0.026217777281999588"
"677","0.013842650689184666","0.013842650689184666","0.013842650689184666"
"678","0.01477205939590931","0.01477205939590931","0.01477205939590931"
"679","0.005911543034017086","0.005911543034017086","0.005911543034017086"
"680","0.006512356456369162","0.006512356456369162","0.006512356456369162"
"681","0.009989380836486816","0.009989380836486816","0.009989380836486816"
"682","0.01120684016495943","0.01120684016495943","0.01120684016495943"
"684","0.019840719178318977","0.019840719178318977","0.019840719178318977"
"685","0.013857138343155384","0.013857138343155384","0.013857138343155384"
"686","0.008922072127461433","0.008922072127461433","0.008922072127461433"
"687","0.011988080106675625","0.011988080106675625","0.011988080106675625"
"688","0.011554820463061333","0.011554820463061333","0.011554820463061333"
"689","0.030013790354132652","0.030013790354132652","0.030013790354132652"
"690","0.013336721807718277","0.013336721807718277","0.013336721807718277"
"691","0.011712105013430119","0.011712105013430119","0.011712105013430119"
"692","0.014990738593041897","0.014990738593041897","0.014990738593041897"
"693","0.02058514580130577","0.02058514580130577","0.02058514580130577"
"694","0.012111705727875233","0.012111705727875233","0.012111705727875233"
"695","0.012341966852545738","0.012341966852545738","0.012341966852545738"
"696","0.012698126956820488","0.012698126956820488","0.012698126956820488"
"697","0.009642320685088634","0.009642320685088634","0.009642320685088634"
"698","0.013997631147503853","0.013997631147503853","0.013997631147503853"
"699","0.005135140847414732","0.005135140847414732","0.005135140847414732"
"701","0.013665787875652313","0.013665787875652313","0.013665787875652313"
"702","0.018024206161499023","0.018024206161499023","0.018024206161499023"
"703","0.010142120532691479","0.010142120532691479","0.010142120532691479"
"704","0.005648684222251177","0.005648684222251177","0.005648684222251177"
"705","0.012384174391627312","0.012384174391627312","0.012384174391627312"
"706","0.009261245839297771","0.009261245839297771","0.009261245839297771"
"707","0.01613798178732395","0.01613798178732395","0.01613798178732395"
"708","0.019907917827367783","0.019907917827367783","0.019907917827367783"
"709","0.03778903931379318","0.03778903931379318","0.03778903931379318"
"710","0.008348900824785233","0.008348900824785233","0.008348900824785233"
"711","0.012361944653093815","0.012361944653093815","0.012361944653093815"
"712","0.02446770668029785","0.02446770668029785","0.02446770668029785"
"713","0.006711874157190323","0.006711874157190323","0.006711874157190323"
"714","0.012092302553355694","0.012092302553355694","0.012092302553355694"
"715","0.04736443608999252","0.04736443608999252","0.04736443608999252"
"716","0.01907298155128956","0.01907298155128956","0.01907298155128956"
"718","0.00810780469328165","0.00810780469328165","0.00810780469328165"
"719","0.012650956399738789","0.012650956399738789","0.012650956399738789"
"720","0.024641994386911392","0.024641994386911392","0.024641994386911392"
"721","0.016045108437538147","0.016045108437538147","0.016045108437538147"
"722","0.011608405970036983","0.011608405970036983","0.011608405970036983"
"723","0.008196137845516205","0.008196137845516205","0.008196137845516205"
"724","0.005268787499517202","0.005268787499517202","0.005268787499517202"
"725","0.011518868617713451","0.011518868617713451","0.011518868617713451"
"726","0.01545855961740017","0.01545855961740017","0.01545855961740017"
"727","0.022931501269340515","0.022931501269340515","0.022931501269340515"
"728","0.01361807156354189","0.01361807156354189","0.01361807156354189"
"729","0.017954379320144653","0.017954379320144653","0.017954379320144653"
"730","0.004705104511231184","0.004705104511231184","0.004705104511231184"
"731","0.014516415074467659","0.014516415074467659","0.014516415074467659"
"732","0.016973990947008133","0.016973990947008133","0.016973990947008133"
"733","0.024970997124910355","0.024970997124910355","0.024970997124910355"
"734","0.010555808432400227","0.010555808432400227","0.010555808432400227"
"735","0.013738659210503101","0.013738659210503101","0.013738659210503101"
"736","0.02047816477715969","0.02047816477715969","0.02047816477715969"
"737","0.004740049596875906","0.004740049596875906","0.004740049596875906"
"738","0.022037683054804802","0.022037683054804802","0.022037683054804802"
"739","0.01904837228357792","0.01904837228357792","0.01904837228357792"
"740","0.006979221478104591","0.006979221478104591","0.006979221478104591"
"741","0.016078131273388863","0.016078131273388863","0.016078131273388863"
"742","0.0050538512878119946","0.0050538512878119946","0.0050538512878119946"
"743","0.04794769734144211","0.04794769734144211","0.04794769734144211"
"744","0.004740215837955475","0.004740215837955475","0.004740215837955475"
"745","0.008484588004648685","0.008484588004648685","0.008484588004648685"
"746","0.037561748176813126","0.037561748176813126","0.037561748176813126"
"747","0.01207056362181902","0.01207056362181902","0.01207056362181902"
"748","0.01677817478775978","0.01677817478775978","0.01677817478775978"
"749","0.004377637058496475","0.004377637058496475","0.004377637058496475"
"751","0.014451372437179089","0.014451372437179089","0.014451372437179089"
"752","0.030236130580306053","0.030236130580306053","0.030236130580306053"
"753","0.01756732538342476","0.01756732538342476","0.01756732538342476"
"754","0.008013566955924034","0.008013566955924034","0.008013566955924034"
"755","0.05116710811853409","0.05116710811853409","0.05116710811853409"
"756","0.014470457099378109","0.014470457099378109","0.014470457099378109"
"757","0.00987312477082014","0.00987312477082014","0.00987312477082014"
"758","0.005518244579434395","0.005518244579434395","0.005518244579434395"
"759","0.024030247703194618","0.024030247703194618","0.024030247703194618"
"760","0.01334006991237402","0.01334006991237402","0.01334006991237402"
"761","0.012724215164780617","0.012724215164780617","0.012724215164780617"
"762","0.02180708572268486","0.02180708572268486","0.02180708572268486"
"763","0.025588970631361008","0.025588970631361008","0.025588970631361008"
"764","0.028867052868008614","0.028867052868008614","0.028867052868008614"
"765","0.020927023142576218","0.020927023142576218","0.020927023142576218"
"766","0.014530040323734283","0.014530040323734283","0.014530040323734283"
"767","0.011372312903404236","0.011372312903404236","0.011372312903404236"
"768","0.00411691190674901","0.00411691190674901","0.00411691190674901"
"769","0.009966759942471981","0.009966759942471981","0.009966759942471981"
"770","0.014877993613481522","0.014877993613481522","0.014877993613481522"
"771","0.01886298879981041","0.01886298879981041","0.01886298879981041"
"772","0.015127521008253098","0.015127521008253098","0.015127521008253098"
"773","0.016267048195004463","0.016267048195004463","0.016267048195004463"
"774","0.0041350931860506535","0.0041350931860506535","0.0041350931860506535"
"775","0.015569204464554787","0.015569204464554787","0.015569204464554787"
"776","0.02902381867170334","0.02902381867170334","0.02902381867170334"
"777","0.02486441656947136","0.02486441656947136","0.02486441656947136"
"778","0.006193805485963821","0.006193805485963821","0.006193805485963821"
"779","0.013206260278820992","0.013206260278820992","0.013206260278820992"
"780","0.013415309600532055","0.013415309600532055","0.013415309600532055"
"781","0.004900244530290365","0.004900244530290365","0.004900244530290365"
"782","0.005623611621558666","0.005623611621558666","0.005623611621558666"
"784","0.024146772921085358","0.024146772921085358","0.024146772921085358"
"785","0.011894460767507553","0.011894460767507553","0.011894460767507553"
"786","0.033236101269721985","0.033236101269721985","0.033236101269721985"
"787","0.011677335016429424","0.011677335016429424","0.011677335016429424"
"788","0.014435241930186749","0.014435241930186749","0.014435241930186749"
"789","0.04646271839737892","0.04646271839737892","0.04646271839737892"
"790","0.008284983225166798","0.008284983225166798","0.008284983225166798"
"791","0.004674050956964493","0.004674050956964493","0.004674050956964493"
"792","0.011609324254095554","0.011609324254095554","0.011609324254095554"
"793","0.014761515893042088","0.014761515893042088","0.014761515893042088"
"794","0.007563083432614803","0.007563083432614803","0.007563083432614803"
"795","0.007452198304235935","0.007452198304235935","0.007452198304235935"
"796","0.032853204756975174","0.032853204756975174","0.032853204756975174"
"797","0.01832473650574684","0.01832473650574684","0.01832473650574684"
"798","0.033974457532167435","0.033974457532167435","0.033974457532167435"
"799","0.006931384559720755","0.006931384559720755","0.006931384559720755"
"801","0.010421646758913994","0.010421646758913994","0.010421646758913994"
"802","0.012553307227790356","0.012553307227790356","0.012553307227790356"
"803","0.014246766455471516","0.014246766455471516","0.014246766455471516"
"804","0.013481074012815952","0.013481074012815952","0.013481074012815952"
"805","0.007020898628979921","0.007020898628979921","0.007020898628979921"
"806","0.014232580550014973","0.014232580550014973","0.014232580550014973"
"807","0.04141290485858917","0.04141290485858917","0.04141290485858917"
"808","0.01218516193330288","0.01218516193330288","0.01218516193330288"
"809","0.020267397165298462","0.020267397165298462","0.020267397165298462"
"810","0.013151552528142929","0.013151552528142929","0.013151552528142929"
"811","0.004841277841478586","0.004841277841478586","0.004841277841478586"
"812","0.012045142240822315","0.012045142240822315","0.012045142240822315"
"813","0.010381078347563744","0.010381078347563744","0.010381078347563744"
"814","0.013691030442714691","0.013691030442714691","0.013691030442714691"
"815","0.014362603425979614","0.014362603425979614","0.014362603425979614"
"816","0.012837697751820087","0.012837697751820087","0.012837697751820087"
"818","0.015759099274873734","0.015759099274873734","0.015759099274873734"
"819","0.011834665201604366","0.011834665201604366","0.011834665201604366"
"820","0.013892722316086292","0.013892722316086292","0.013892722316086292"
"821","0.01294827088713646","0.01294827088713646","0.01294827088713646"
"822","0.013170667923986912","0.013170667923986912","0.013170667923986912"
"823","0.021392259746789932","0.021392259746789932","0.021392259746789932"
"824","0.01354947965592146","0.01354947965592146","0.01354947965592146"
"825","0.017768140882253647","0.017768140882253647","0.017768140882253647"
"826","0.02004745975136757","0.02004745975136757","0.02004745975136757"
"827","0.043399155139923096","0.043399155139923096","0.043399155139923096"
"828","0.0273769311606884","0.0273769311606884","0.0273769311606884"
"829","0.013267556205391884","0.013267556205391884","0.013267556205391884"
"830","0.014644971117377281","0.014644971117377281","0.014644971117377281"
"831","0.012027451768517494","0.012027451768517494","0.012027451768517494"
"832","0.004959133919328451","0.004959133919328451","0.004959133919328451"
"833","0.00464635668322444","0.00464635668322444","0.00464635668322444"
"834","0.005252371076494455","0.005252371076494455","0.005252371076494455"
"835","0.011501440778374672","0.011501440778374672","0.011501440778374672"
"836","0.011663519777357578","0.011663519777357578","0.011663519777357578"
"837","0.021766336634755135","0.021766336634755135","0.021766336634755135"
"838","0.017204271629452705","0.017204271629452705","0.017204271629452705"
"839","0.008899121545255184","0.008899121545255184","0.008899121545255184"
"840","0.009602854959666729","0.009602854959666729","0.009602854959666729"
"841","0.014212915673851967","0.014212915673851967","0.014212915673851967"
"842","0.01396123692393303","0.01396123692393303","0.01396123692393303"
"843","0.01156978402286768","0.01156978402286768","0.01156978402286768"
"844","0.010905586183071136","0.010905586183071136","0.010905586183071136"
"845","0.015174821019172668","0.015174821019172668","0.015174821019172668"
"846","0.022212248295545578","0.022212248295545578","0.022212248295545578"
"847","0.018206585198640823","0.018206585198640823","0.018206585198640823"
"848","0.009071119129657745","0.009071119129657745","0.009071119129657745"
"849","0.014781374484300613","0.014781374484300613","0.014781374484300613"
"851","0.031397514045238495","0.031397514045238495","0.031397514045238495"
"852","0.01490409579128027","0.01490409579128027","0.01490409579128027"
"853","0.011335455812513828","0.011335455812513828","0.011335455812513828"
"854","0.014780685305595398","0.014780685305595398","0.014780685305595398"
"855","0.013029370456933975","0.013029370456933975","0.013029370456933975"
"856","0.013002376072108746","0.013002376072108746","0.013002376072108746"
"857","0.016981562599539757","0.016981562599539757","0.016981562599539757"
"858","0.012069622986018658","0.012069622986018658","0.012069622986018658"
"859","0.027227571234107018","0.027227571234107018","0.027227571234107018"
"860","0.013325679115951061","0.013325679115951061","0.013325679115951061"
"861","0.004090033937245607","0.004090033937245607","0.004090033937245607"
"862","0.014547307044267654","0.014547307044267654","0.014547307044267654"
"863","0.007674495689570904","0.007674495689570904","0.007674495689570904"
"864","0.020831124857068062","0.020831124857068062","0.020831124857068062"
"865","0.015669481828808784","0.015669481828808784","0.015669481828808784"
"866","0.022615214809775352","0.022615214809775352","0.022615214809775352"
"867","0.014293217100203037","0.014293217100203037","0.014293217100203037"
"868","0.028539558872580528","0.028539558872580528","0.028539558872580528"
"869","0.015017097815871239","0.015017097815871239","0.015017097815871239"
"870","0.0076628392562270164","0.0076628392562270164","0.0076628392562270164"
"871","0.013017677702009678","0.013017677702009678","0.013017677702009678"
"872","0.022042833268642426","0.022042833268642426","0.022042833268642426"
"873","0.018177933990955353","0.018177933990955353","0.018177933990955353"
"874","0.017398426309227943","0.017398426309227943","0.017398426309227943"
"875","0.019769227132201195","0.019769227132201195","0.019769227132201195"
"876","0.006949431728571653","0.006949431728571653","0.006949431728571653"
"877","0.013758989982306957","0.013758989982306957","0.013758989982306957"
"878","0.026402698829770088","0.026402698829770088","0.026402698829770088"
"879","0.01935165748000145","0.01935165748000145","0.01935165748000145"
"880","0.012642815709114075","0.012642815709114075","0.012642815709114075"
"881","0.011620703153312206","0.011620703153312206","0.011620703153312206"
"882","0.010385346598923206","0.010385346598923206","0.010385346598923206"
"884","0.022767243906855583","0.022767243906855583","0.022767243906855583"
"885","0.01331226248294115","0.01331226248294115","0.01331226248294115"
"886","0.022608261555433273","0.022608261555433273","0.022608261555433273"
"887","0.027034224942326546","0.027034224942326546","0.027034224942326546"
"888","0.011668737977743149","0.011668737977743149","0.011668737977743149"
"889","0.03673701733350754","0.03673701733350754","0.03673701733350754"
"890","0.019311655312776566","0.019311655312776566","0.019311655312776566"
"891","0.00451328419148922","0.00451328419148922","0.00451328419148922"
"892","0.013192098587751389","0.013192098587751389","0.013192098587751389"
"893","0.011004239320755005","0.011004239320755005","0.011004239320755005"
"894","0.0134979747235775","0.0134979747235775","0.0134979747235775"
"895","0.0213331189006567","0.0213331189006567","0.0213331189006567"
"896","0.01447214838117361","0.01447214838117361","0.01447214838117361"
"897","0.00877417903393507","0.00877417903393507","0.00877417903393507"
"898","0.013209636323153973","0.013209636323153973","0.013209636323153973"
"899","0.015454140491783619","0.015454140491783619","0.015454140491783619"
"901","0.025370750576257706","0.025370750576257706","0.025370750576257706"
"902","0.01679268293082714","0.01679268293082714","0.01679268293082714"
"903","0.013593628071248531","0.013593628071248531","0.013593628071248531"
"904","0.01533373724669218","0.01533373724669218","0.01533373724669218"
"905","0.012573751620948315","0.012573751620948315","0.012573751620948315"
"906","0.014045796357095242","0.014045796357095242","0.014045796357095242"
"907","0.01098620519042015","0.01098620519042015","0.01098620519042015"
"908","0.01699920743703842","0.01699920743703842","0.01699920743703842"
"909","0.011302748695015907","0.011302748695015907","0.011302748695015907"
"910","0.026585133746266365","0.026585133746266365","0.026585133746266365"
"911","0.005891266744583845","0.005891266744583845","0.005891266744583845"
"912","0.013905993662774563","0.013905993662774563","0.013905993662774563"
"913","0.011966404505074024","0.011966404505074024","0.011966404505074024"
"914","0.011044945567846298","0.011044945567846298","0.011044945567846298"
"915","0.014323756098747253","0.014323756098747253","0.014323756098747253"
"916","0.0071725742891430855","0.0071725742891430855","0.0071725742891430855"
"918","0.026304073631763458","0.026304073631763458","0.026304073631763458"
"919","0.020948801189661026","0.020948801189661026","0.020948801189661026"
"920","0.016960488632321358","0.016960488632321358","0.016960488632321358"
"921","0.03805497661232948","0.03805497661232948","0.03805497661232948"
"922","0.04123454540967941","0.04123454540967941","0.04123454540967941"
"923","0.010014443658292294","0.010014443658292294","0.010014443658292294"
"924","0.012005136348307133","0.012005136348307133","0.012005136348307133"
"925","0.01164143718779087","0.01164143718779087","0.01164143718779087"
"926","0.015796154737472534","0.015796154737472534","0.015796154737472534"
"927","0.014885693788528442","0.014885693788528442","0.014885693788528442"
"928","0.008329392410814762","0.008329392410814762","0.008329392410814762"
"929","0.012958603911101818","0.012958603911101818","0.012958603911101818"
"930","0.01655314676463604","0.01655314676463604","0.01655314676463604"
"931","0.016419950872659683","0.016419950872659683","0.016419950872659683"
"932","0.020469563081860542","0.020469563081860542","0.020469563081860542"
"933","0.009116861037909985","0.009116861037909985","0.009116861037909985"
"934","0.01727602258324623","0.01727602258324623","0.01727602258324623"
"935","0.011257266625761986","0.011257266625761986","0.011257266625761986"
"936","0.01118613500148058","0.01118613500148058","0.01118613500148058"
"937","0.01490650326013565","0.01490650326013565","0.01490650326013565"
"938","0.011791023425757885","0.011791023425757885","0.011791023425757885"
"939","0.01743052713572979","0.01743052713572979","0.01743052713572979"
"940","0.013838130049407482","0.013838130049407482","0.013838130049407482"
"941","0.02667379193007946","0.02667379193007946","0.02667379193007946"
"942","0.05252499133348465","0.05252499133348465","0.05252499133348465"
"943","0.013431653380393982","0.013431653380393982","0.013431653380393982"
"944","0.017954878509044647","0.017954878509044647","0.017954878509044647"
"945","0.015230385586619377","0.015230385586619377","0.015230385586619377"
"946","0.039647605270147324","0.039647605270147324","0.039647605270147324"
"947","0.024594103917479515","0.024594103917479515","0.024594103917479515"
"948","0.013788118958473206","0.013788118958473206","0.013788118958473206"
"949","0.01711791753768921","0.01711791753768921","0.01711791753768921"
"951","0.015580076724290848","0.015580076724290848","0.015580076724290848"
"952","0.00506393751129508","0.00506393751129508","0.00506393751129508"
"953","0.011383194476366043","0.011383194476366043","0.011383194476366043"
"954","0.008388231508433819","0.008388231508433819","0.008388231508433819"
"955","0.011318282224237919","0.011318282224237919","0.011318282224237919"
"956","0.012168481014668941","0.012168481014668941","0.012168481014668941"
"957","0.013869191519916058","0.013869191519916058","0.013869191519916058"
"958","0.013221940025687218","0.013221940025687218","0.013221940025687218"
"959","0.022883670404553413","0.022883670404553413","0.022883670404553413"
"960","0.012350529432296753","0.012350529432296753","0.012350529432296753"
"961","0.02101738192141056","0.02101738192141056","0.02101738192141056"
"962","0.014600723050534725","0.014600723050534725","0.014600723050534725"
"963","0.016384579241275787","0.016384579241275787","0.016384579241275787"
"964","0.03457822650671005","0.03457822650671005","0.03457822650671005"
"965","0.02076576091349125","0.02076576091349125","0.02076576091349125"
"966","0.012976940721273422","0.012976940721273422","0.012976940721273422"
"967","0.006911444012075663","0.006911444012075663","0.006911444012075663"
"968","0.01863924413919449","0.01863924413919449","0.01863924413919449"
"969","0.028346199542284012","0.028346199542284012","0.028346199542284012"
"970","0.01901034265756607","0.01901034265756607","0.01901034265756607"
"971","0.005157737992703915","0.005157737992703915","0.005157737992703915"
"972","0.012185274623334408","0.012185274623334408","0.012185274623334408"
"973","0.011254648678004742","0.011254648678004742","0.011254648678004742"
"974","0.011619343422353268","0.011619343422353268","0.011619343422353268"
"975","0.019176481291651726","0.019176481291651726","0.019176481291651726"
"976","0.024595199152827263","0.024595199152827263","0.024595199152827263"
"977","0.011291502974927425","0.011291502974927425","0.011291502974927425"
"978","0.04353652521967888","0.04353652521967888","0.04353652521967888"
"979","0.005602160468697548","0.005602160468697548","0.005602160468697548"
"980","0.017390461638569832","0.017390461638569832","0.017390461638569832"
"981","0.004140685312449932","0.004140685312449932","0.004140685312449932"
"982","0.006189748179167509","0.006189748179167509","0.006189748179167509"
"984","0.011827893555164337","0.011827893555164337","0.011827893555164337"
"985","0.015577512793242931","0.015577512793242931","0.015577512793242931"
"986","0.012939030304551125","0.012939030304551125","0.012939030304551125"
"987","0.015477782115340233","0.015477782115340233","0.015477782115340233"
"988","0.008332854136824608","0.008332854136824608","0.008332854136824608"
"989","0.0120381535962224","0.0120381535962224","0.0120381535962224"
"990","0.012950609438121319","0.012950609438121319","0.012950609438121319"
"991","0.005216601770371199","0.005216601770371199","0.005216601770371199"
"992","0.07468602061271667","0.07468602061271667","0.07468602061271667"
"993","0.013648317195475101","0.013648317195475101","0.013648317195475101"
"994","0.019000142812728882","0.019000142812728882","0.019000142812728882"
"995","0.02042604610323906","0.02042604610323906","0.02042604610323906"
"996","0.012518547475337982","0.012518547475337982","0.012518547475337982"
"997","0.021198205649852753","0.021198205649852753","0.021198205649852753"
"998","0.005267452914267778","0.005267452914267778","0.005267452914267778"
"999","0.00910680927336216","0.00910680927336216","0.00910680927336216"
"1001","0.01169249601662159","0.01169249601662159","0.01169249601662159"
"1002","0.014003802090883255","0.014003802090883255","0.014003802090883255"
"1003","0.014304840937256813","0.014304840937256813","0.014304840937256813"
"1004","0.012213452719151974","0.012213452719151974","0.012213452719151974"
"1005","0.014441396109759808","0.014441396109759808","0.014441396109759808"
"1006","0.02148512750864029","0.02148512750864029","0.02148512750864029"
"1007","0.008177111856639385","0.008177111856639385","0.008177111856639385"
"1008","0.009286386892199516","0.009286386892199516","0.009286386892199516"
"1009","0.02031693235039711","0.02031693235039711","0.02031693235039711"
"1010","0.02646605111658573","0.02646605111658573","0.02646605111658573"
"1011","0.007997443899512291","0.007997443899512291","0.007997443899512291"
"1012","0.021601811051368713","0.021601811051368713","0.021601811051368713"
"1013","0.01012661773711443","0.01012661773711443","0.01012661773711443"
"1014","0.02424897439777851","0.02424897439777851","0.02424897439777851"
"1015","0.014971337281167507","0.014971337281167507","0.014971337281167507"
"1016","0.010355674661695957","0.010355674661695957","0.010355674661695957"
"1018","0.01005345769226551","0.01005345769226551","0.01005345769226551"
"1019","0.043135255575180054","0.043135255575180054","0.043135255575180054"
"1020","0.014752433635294437","0.014752433635294437","0.014752433635294437"
"1021","0.013576259836554527","0.013576259836554527","0.013576259836554527"
"1022","0.011020737700164318","0.011020737700164318","0.011020737700164318"
"1023","0.01707986555993557","0.01707986555993557","0.01707986555993557"
"1024","0.017378468066453934","0.017378468066453934","0.017378468066453934"
"1025","0.006721099838614464","0.006721099838614464","0.006721099838614464"
"1026","0.004874085541814566","0.004874085541814566","0.004874085541814566"
"1027","0.028436601161956787","0.028436601161956787","0.028436601161956787"
"1028","0.027114680036902428","0.027114680036902428","0.027114680036902428"
"1029","0.00788902398198843","0.00788902398198843","0.00788902398198843"
"1030","0.020035021007061005","0.020035021007061005","0.020035021007061005"
"1031","0.020894935354590416","0.020894935354590416","0.020894935354590416"
"1032","0.013413503766059875","0.013413503766059875","0.013413503766059875"
"1033","0.008486650884151459","0.008486650884151459","0.008486650884151459"
"1034","0.014606898650527","0.014606898650527","0.014606898650527"
"1035","0.01849445328116417","0.01849445328116417","0.01849445328116417"
"1036","0.009914989583194256","0.009914989583194256","0.009914989583194256"
"1037","0.01966632343828678","0.01966632343828678","0.01966632343828678"
"1038","0.006661499384790659","0.006661499384790659","0.006661499384790659"
"1039","0.012533066794276237","0.012533066794276237","0.012533066794276237"
"1040","0.011466545052826405","0.011466545052826405","0.011466545052826405"
"1041","0.014573981054127216","0.014573981054127216","0.014573981054127216"
"1042","0.012767225503921509","0.012767225503921509","0.012767225503921509"
"1043","0.014817604795098305","0.014817604795098305","0.014817604795098305"
"1044","0.02059546299278736","0.02059546299278736","0.02059546299278736"
"1045","0.013811873272061348","0.013811873272061348","0.013811873272061348"
"1046","0.012560051865875721","0.012560051865875721","0.012560051865875721"
"1047","0.01985810697078705","0.01985810697078705","0.01985810697078705"
"1048","0.01382165215909481","0.01382165215909481","0.01382165215909481"
"1049","0.015367233194410801","0.015367233194410801","0.015367233194410801"
"1051","0.020114995539188385","0.020114995539188385","0.020114995539188385"
"1052","0.015784800052642822","0.015784800052642822","0.015784800052642822"
"1053","0.01806274987757206","0.01806274987757206","0.01806274987757206"
"1054","0.012832036241889","0.012832036241889","0.012832036241889"
"1055","0.011454792693257332","0.011454792693257332","0.011454792693257332"
"1056","0.016340507194399834","0.016340507194399834","0.016340507194399834"
"1057","0.01863703690469265","0.01863703690469265","0.01863703690469265"
"1058","0.029308097437024117","0.029308097437024117","0.029308097437024117"
"1059","0.010435468517243862","0.010435468517243862","0.010435468517243862"
"1060","0.021049316972494125","0.021049316972494125","0.021049316972494125"
"1061","0.010938712395727634","0.010938712395727634","0.010938712395727634"
"1062","0.012889439240098","0.012889439240098","0.012889439240098"
"1063","0.015455019660294056","0.015455019660294056","0.015455019660294056"
"1064","0.011228750459849834","0.011228750459849834","0.011228750459849834"
"1065","0.01212893147021532","0.01212893147021532","0.01212893147021532"
"1066","0.016448792070150375","0.016448792070150375","0.016448792070150375"
"1067","0.028335638344287872","0.028335638344287872","0.028335638344287872"
"1068","0.012801171280443668","0.012801171280443668","0.012801171280443668"
"1069","0.009520760737359524","0.009520760737359524","0.009520760737359524"
"1070","0.007374069653451443","0.007374069653451443","0.007374069653451443"
"1071","0.004766511730849743","0.004766511730849743","0.004766511730849743"
"1072","0.020872559398412704","0.020872559398412704","0.020872559398412704"
"1073","0.01920316554605961","0.01920316554605961","0.01920316554605961"
"1074","0.006482820492237806","0.006482820492237806","0.006482820492237806"
"1075","0.011332361027598381","0.011332361027598381","0.011332361027598381"
"1076","0.01010852213948965","0.01010852213948965","0.01010852213948965"
"1077","0.013152407482266426","0.013152407482266426","0.013152407482266426"
"1078","0.02150638960301876","0.02150638960301876","0.02150638960301876"
"1079","0.0067230104468762875","0.0067230104468762875","0.0067230104468762875"
"1080","0.005479751154780388","0.005479751154780388","0.005479751154780388"
"1081","0.019951656460762024","0.019951656460762024","0.019951656460762024"
"1082","0.02491264045238495","0.02491264045238495","0.02491264045238495"
"1084","0.01380159892141819","0.01380159892141819","0.01380159892141819"
"1085","0.023672139272093773","0.023672139272093773","0.023672139272093773"
"1086","0.027867792174220085","0.027867792174220085","0.027867792174220085"
"1087","0.012767833657562733","0.012767833657562733","0.012767833657562733"
"1088","0.009934677742421627","0.009934677742421627","0.009934677742421627"
"1089","0.008506683632731438","0.008506683632731438","0.008506683632731438"
"1090","0.016563721001148224","0.016563721001148224","0.016563721001148224"
"1091","0.008874231018126011","0.008874231018126011","0.008874231018126011"
"1092","0.004697978030890226","0.004697978030890226","0.004697978030890226"
"1093","0.03072802722454071","0.03072802722454071","0.03072802722454071"
"1094","0.013455706648528576","0.013455706648528576","0.013455706648528576"
"1095","0.04683199152350426","0.04683199152350426","0.04683199152350426"
"1096","0.009894131682813168","0.009894131682813168","0.009894131682813168"
"1097","0.012967193499207497","0.012967193499207497","0.012967193499207497"
"1098","0.026180339977145195","0.026180339977145195","0.026180339977145195"
"1099","0.014259378425776958","0.014259378425776958","0.014259378425776958"
"1101","0.01354840025305748","0.01354840025305748","0.01354840025305748"
"1102","0.02480112574994564","0.02480112574994564","0.02480112574994564"
"1103","0.012277018278837204","0.012277018278837204","0.012277018278837204"
"1104","0.02018461935222149","0.02018461935222149","0.02018461935222149"
"1105","0.010521870106458664","0.010521870106458664","0.010521870106458664"
"1106","0.008658685721457005","0.008658685721457005","0.008658685721457005"
"1107","0.01976601406931877","0.01976601406931877","0.01976601406931877"
"1108","0.02479449473321438","0.02479449473321438","0.02479449473321438"
"1109","0.012384573929011822","0.012384573929011822","0.012384573929011822"
"1110","0.04137372598052025","0.04137372598052025","0.04137372598052025"
"1111","0.0261249803006649","0.0261249803006649","0.0261249803006649"
"1112","0.01542963832616806","0.01542963832616806","0.01542963832616806"
"1113","0.011496416293084621","0.011496416293084621","0.011496416293084621"
"1114","0.021031685173511505","0.021031685173511505","0.021031685173511505"
"1115","0.007535056211054325","0.007535056211054325","0.007535056211054325"
"1116","0.02612282894551754","0.02612282894551754","0.02612282894551754"
"1118","0.013742372393608093","0.013742372393608093","0.013742372393608093"
"1119","0.015006727539002895","0.015006727539002895","0.015006727539002895"
"1120","0.03466415777802467","0.03466415777802467","0.03466415777802467"
"1121","0.01682521030306816","0.01682521030306816","0.01682521030306816"
"1122","0.011696449480950832","0.011696449480950832","0.011696449480950832"
"1123","0.018982963636517525","0.018982963636517525","0.018982963636517525"
"1124","0.026377122849225998","0.026377122849225998","0.026377122849225998"
"1125","0.011746983043849468","0.011746983043849468","0.011746983043849468"
"1126","0.007734164595603943","0.007734164595603943","0.007734164595603943"
"1127","0.0405300036072731","0.0405300036072731","0.0405300036072731"
"1128","0.004864667542278767","0.004864667542278767","0.004864667542278767"
"1129","0.009822986088693142","0.009822986088693142","0.009822986088693142"
"1130","0.014186595566570759","0.014186595566570759","0.014186595566570759"
"1131","0.010929947718977928","0.010929947718977928","0.010929947718977928"
"1132","0.009802491404116154","0.009802491404116154","0.009802491404116154"
"1133","0.014800568111240864","0.014800568111240864","0.014800568111240864"
"1134","0.02338857762515545","0.02338857762515545","0.02338857762515545"
"1135","0.02373802289366722","0.02373802289366722","0.02373802289366722"
"1136","0.011348872445523739","0.011348872445523739","0.011348872445523739"
"1137","0.012360635213553905","0.012360635213553905","0.012360635213553905"
"1138","0.012798439711332321","0.012798439711332321","0.012798439711332321"
"1139","0.029610024765133858","0.029610024765133858","0.029610024765133858"
"1140","0.030692998319864273","0.030692998319864273","0.030692998319864273"
"1141","0.013404812663793564","0.013404812663793564","0.013404812663793564"
"1142","0.01333544496446848","0.01333544496446848","0.01333544496446848"
"1143","0.012667209841310978","0.012667209841310978","0.012667209841310978"
"1144","0.011617311276495457","0.011617311276495457","0.011617311276495457"
"1145","0.006078289356082678","0.006078289356082678","0.006078289356082678"
"1146","0.013261907733976841","0.013261907733976841","0.013261907733976841"
"1147","0.01729343831539154","0.01729343831539154","0.01729343831539154"
"1148","0.01594506949186325","0.01594506949186325","0.01594506949186325"
"1149","0.015217338688671589","0.015217338688671589","0.015217338688671589"
"1151","0.03754747658967972","0.03754747658967972","0.03754747658967972"
"1152","0.012793994508683681","0.012793994508683681","0.012793994508683681"
"1153","0.011278395541012287","0.011278395541012287","0.011278395541012287"
"1154","0.008310781791806221","0.008310781791806221","0.008310781791806221"
"1155","0.025019029155373573","0.025019029155373573","0.025019029155373573"
"1156","0.012408653274178505","0.012408653274178505","0.012408653274178505"
"1157","0.01385972835123539","0.01385972835123539","0.01385972835123539"
"1158","0.012337823398411274","0.012337823398411274","0.012337823398411274"
"1159","0.01469761598855257","0.01469761598855257","0.01469761598855257"
"1160","0.022053208202123642","0.022053208202123642","0.022053208202123642"
"1161","0.023073673248291016","0.023073673248291016","0.023073673248291016"
"1162","0.019557004794478416","0.019557004794478416","0.019557004794478416"
"1163","0.004374230280518532","0.004374230280518532","0.004374230280518532"
"1164","0.012613081373274326","0.012613081373274326","0.012613081373274326"
"1165","0.020409096032381058","0.020409096032381058","0.020409096032381058"
"1166","0.00881474930793047","0.00881474930793047","0.00881474930793047"
"1167","0.009363203309476376","0.009363203309476376","0.009363203309476376"
"1168","0.013191643171012402","0.013191643171012402","0.013191643171012402"
"1169","0.010118679143488407","0.010118679143488407","0.010118679143488407"
"1170","0.023450227454304695","0.023450227454304695","0.023450227454304695"
"1171","0.01999063976109028","0.01999063976109028","0.01999063976109028"
"1172","0.009247698821127415","0.009247698821127415","0.009247698821127415"
"1173","0.014831417240202427","0.014831417240202427","0.014831417240202427"
"1174","0.014520080760121346","0.014520080760121346","0.014520080760121346"
"1175","0.012700219638645649","0.012700219638645649","0.012700219638645649"
"1176","0.011737389490008354","0.011737389490008354","0.011737389490008354"
"1177","0.004779794719070196","0.004779794719070196","0.004779794719070196"
"1178","0.0049727000296115875","0.0049727000296115875","0.0049727000296115875"
"1179","0.007372196763753891","0.007372196763753891","0.007372196763753891"
"1180","0.018441012129187584","0.018441012129187584","0.018441012129187584"
"1181","0.013707581907510757","0.013707581907510757","0.013707581907510757"
"1182","0.016201099380850792","0.016201099380850792","0.016201099380850792"
"1184","0.011595478281378746","0.011595478281378746","0.011595478281378746"
"1185","0.01169657800346613","0.01169657800346613","0.01169657800346613"
"1186","0.023432191461324692","0.023432191461324692","0.023432191461324692"
"1187","0.015493632294237614","0.015493632294237614","0.015493632294237614"
"1188","0.009707546792924404","0.009707546792924404","0.009707546792924404"
"1189","0.011357929557561874","0.011357929557561874","0.011357929557561874"
"1190","0.004534175153821707","0.004534175153821707","0.004534175153821707"
"1191","0.010705169290304184","0.010705169290304184","0.010705169290304184"
"1192","0.01929526962339878","0.01929526962339878","0.01929526962339878"
"1193","0.014123479835689068","0.014123479835689068","0.014123479835689068"
"1194","0.012356007471680641","0.012356007471680641","0.012356007471680641"
"1195","0.031211500987410545","0.031211500987410545","0.031211500987410545"
"1196","0.013530485332012177","0.013530485332012177","0.013530485332012177"
"1197","0.015868110582232475","0.015868110582232475","0.015868110582232475"
"1198","0.038492780178785324","0.038492780178785324","0.038492780178785324"
"1199","0.015337279066443443","0.015337279066443443","0.015337279066443443"
"1201","0.01352786272764206","0.01352786272764206","0.01352786272764206"
"1202","0.01769413612782955","0.01769413612782955","0.01769413612782955"
"1203","0.02199045941233635","0.02199045941233635","0.02199045941233635"
"1204","0.015213975682854652","0.015213975682854652","0.015213975682854652"
"1205","0.011404324322938919","0.011404324322938919","0.011404324322938919"
"1206","0.011216554790735245","0.011216554790735245","0.011216554790735245"
"1207","0.024965446442365646","0.024965446442365646","0.024965446442365646"
"1208","0.012907666154205799","0.012907666154205799","0.012907666154205799"
"1209","0.032884761691093445","0.032884761691093445","0.032884761691093445"
"1210","0.014214590191841125","0.014214590191841125","0.014214590191841125"
"1211","0.015814533457159996","0.015814533457159996","0.015814533457159996"
"1212","0.007793831173330545","0.007793831173330545","0.007793831173330545"
"1213","0.010827207937836647","0.010827207937836647","0.010827207937836647"
"1214","0.02508719265460968","0.02508719265460968","0.02508719265460968"
"1215","0.004865916911512613","0.004865916911512613","0.004865916911512613"
"1216","0.010978225618600845","0.010978225618600845","0.010978225618600845"
"1218","0.004965504631400108","0.004965504631400108","0.004965504631400108"
"1219","0.015086136758327484","0.015086136758327484","0.015086136758327484"
"1220","0.021677562966942787","0.021677562966942787","0.021677562966942787"
"1221","0.010416007600724697","0.010416007600724697","0.010416007600724697"
"1222","0.01609284244477749","0.01609284244477749","0.01609284244477749"
"1223","0.016865184530615807","0.016865184530615807","0.016865184530615807"
"1224","0.012701579369604588","0.012701579369604588","0.012701579369604588"
"1225","0.012966948561370373","0.012966948561370373","0.012966948561370373"
"1226","0.011993391439318657","0.011993391439318657","0.011993391439318657"
"1227","0.004073546268045902","0.004073546268045902","0.004073546268045902"
"1228","0.011246614158153534","0.011246614158153534","0.011246614158153534"
"1229","0.010658176615834236","0.010658176615834236","0.010658176615834236"
"1230","0.009965069591999054","0.009965069591999054","0.009965069591999054"
"1231","0.009402617812156677","0.009402617812156677","0.009402617812156677"
"1232","0.012911979109048843","0.012911979109048843","0.012911979109048843"
"1233","0.014807496219873428","0.014807496219873428","0.014807496219873428"
"1234","0.004411190748214722","0.004411190748214722","0.004411190748214722"
"1235","0.012259412556886673","0.012259412556886673","0.012259412556886673"
"1236","0.012200654484331608","0.012200654484331608","0.012200654484331608"
"1237","0.008338406682014465","0.008338406682014465","0.008338406682014465"
"1238","0.005214714910835028","0.005214714910835028","0.005214714910835028"
"1239","0.02941170521080494","0.02941170521080494","0.02941170521080494"
"1240","0.01636427268385887","0.01636427268385887","0.01636427268385887"
"1241","0.012945270165801048","0.012945270165801048","0.012945270165801048"
"1242","0.01772989332675934","0.01772989332675934","0.01772989332675934"
"1243","0.013674511574208736","0.013674511574208736","0.013674511574208736"
"1244","0.012506370432674885","0.012506370432674885","0.012506370432674885"
"1245","0.03493748977780342","0.03493748977780342","0.03493748977780342"
"1246","0.02470105141401291","0.02470105141401291","0.02470105141401291"
"1247","0.012933103367686272","0.012933103367686272","0.012933103367686272"
"1248","0.027526604011654854","0.027526604011654854","0.027526604011654854"
"1249","0.00956227257847786","0.00956227257847786","0.00956227257847786"
"1251","0.00792954582720995","0.00792954582720995","0.00792954582720995"
"1252","0.01688670553267002","0.01688670553267002","0.01688670553267002"
"1253","0.019680554047226906","0.019680554047226906","0.019680554047226906"
"1254","0.010386548936367035","0.010386548936367035","0.010386548936367035"
"1255","0.026847343891859055","0.026847343891859055","0.026847343891859055"
"1256","0.020583100616931915","0.020583100616931915","0.020583100616931915"
"1257","0.011844729073345661","0.011844729073345661","0.011844729073345661"
"1258","0.011650878936052322","0.011650878936052322","0.011650878936052322"
"1259","0.004373085219413042","0.004373085219413042","0.004373085219413042"
"1260","0.004369853064417839","0.004369853064417839","0.004369853064417839"
"1261","0.004294941667467356","0.004294941667467356","0.004294941667467356"
"1262","0.010562054812908173","0.010562054812908173","0.010562054812908173"
"1263","0.03502704203128815","0.03502704203128815","0.03502704203128815"
"1264","0.011771533638238907","0.011771533638238907","0.011771533638238907"
"1265","0.013089271262288094","0.013089271262288094","0.013089271262288094"
"1266","0.01417749747633934","0.01417749747633934","0.01417749747633934"
"1267","0.015526908449828625","0.015526908449828625","0.015526908449828625"
"1268","0.011061944998800755","0.011061944998800755","0.011061944998800755"
"1269","0.01719379425048828","0.01719379425048828","0.01719379425048828"
"1270","0.005652058869600296","0.005652058869600296","0.005652058869600296"
"1271","0.019752075895667076","0.019752075895667076","0.019752075895667076"
"1272","0.01720452681183815","0.01720452681183815","0.01720452681183815"
"1273","0.015367688611149788","0.015367688611149788","0.015367688611149788"
"1274","0.012892474420368671","0.012892474420368671","0.012892474420368671"
"1275","0.025322256609797478","0.025322256609797478","0.025322256609797478"
"1276","0.01926468126475811","0.01926468126475811","0.01926468126475811"
"1277","0.013253534212708473","0.013253534212708473","0.013253534212708473"
"1278","0.008240197785198689","0.008240197785198689","0.008240197785198689"
"1279","0.011345280334353447","0.011345280334353447","0.011345280334353447"
"1280","0.02268860675394535","0.02268860675394535","0.02268860675394535"
"1281","0.011707435362040997","0.011707435362040997","0.011707435362040997"
"1282","0.01127050630748272","0.01127050630748272","0.01127050630748272"
"1284","0.006202823016792536","0.006202823016792536","0.006202823016792536"
"1285","0.011779489926993847","0.011779489926993847","0.011779489926993847"
"1286","0.02055516466498375","0.02055516466498375","0.02055516466498375"
"1287","0.00976426899433136","0.00976426899433136","0.00976426899433136"
"1288","0.011593537405133247","0.011593537405133247","0.011593537405133247"
"1289","0.004695584531873465","0.004695584531873465","0.004695584531873465"
"1290","0.008116358891129494","0.008116358891129494","0.008116358891129494"
"1291","0.02083505131304264","0.02083505131304264","0.02083505131304264"
"1292","0.009914710186421871","0.009914710186421871","0.009914710186421871"
"1293","0.008183746598660946","0.008183746598660946","0.008183746598660946"
"1294","0.012357601895928383","0.012357601895928383","0.012357601895928383"
"1295","0.013109646737575531","0.013109646737575531","0.013109646737575531"
"1296","0.007402022834867239","0.007402022834867239","0.007402022834867239"
"1297","0.004743857309222221","0.004743857309222221","0.004743857309222221"
"1298","0.0353718064725399","0.0353718064725399","0.0353718064725399"
"1299","0.015273559838533401","0.015273559838533401","0.015273559838533401"
"1301","0.01306274626404047","0.01306274626404047","0.01306274626404047"
"1302","0.022188059985637665","0.022188059985637665","0.022188059985637665"
"1303","0.010326758027076721","0.010326758027076721","0.010326758027076721"
"1304","0.01999407634139061","0.01999407634139061","0.01999407634139061"
"1305","0.010324199683964252","0.010324199683964252","0.010324199683964252"
"1306","0.013421918265521526","0.013421918265521526","0.013421918265521526"
"1307","0.023030800744891167","0.023030800744891167","0.023030800744891167"
"1308","0.021000416949391365","0.021000416949391365","0.021000416949391365"
"1309","0.014479149132966995","0.014479149132966995","0.014479149132966995"
"1310","0.03788293898105621","0.03788293898105621","0.03788293898105621"
"1311","0.021807951852679253","0.021807951852679253","0.021807951852679253"
"1312","0.013406657613813877","0.013406657613813877","0.013406657613813877"
"1313","0.012663468718528748","0.012663468718528748","0.012663468718528748"
"1314","0.011631973087787628","0.011631973087787628","0.011631973087787628"
"1315","0.028041688725352287","0.028041688725352287","0.028041688725352287"
"1316","0.004398765508085489","0.004398765508085489","0.004398765508085489"
"1318","0.011625885032117367","0.011625885032117367","0.011625885032117367"
"1319","0.010669820941984653","0.010669820941984653","0.010669820941984653"
"1320","0.013906573876738548","0.013906573876738548","0.013906573876738548"
"1321","0.014780611731112003","0.014780611731112003","0.014780611731112003"
"1322","0.004294527694582939","0.004294527694582939","0.004294527694582939"
"1323","0.01725113019347191","0.01725113019347191","0.01725113019347191"
"1324","0.007046029437333345","0.007046029437333345","0.007046029437333345"
"1325","0.015895763412117958","0.015895763412117958","0.015895763412117958"
"1326","0.015136318281292915","0.015136318281292915","0.015136318281292915"
"1327","0.012504448182880878","0.012504448182880878","0.012504448182880878"
"1328","0.010116104036569595","0.010116104036569595","0.010116104036569595"
"1329","0.010346483439207077","0.010346483439207077","0.010346483439207077"
"1330","0.009352220222353935","0.009352220222353935","0.009352220222353935"
"1331","0.012476515024900436","0.012476515024900436","0.012476515024900436"
"1332","0.014794327318668365","0.014794327318668365","0.014794327318668365"
"1333","0.015718238428235054","0.015718238428235054","0.015718238428235054"
"1334","0.011113349348306656","0.011113349348306656","0.011113349348306656"
"1335","0.017625560984015465","0.017625560984015465","0.017625560984015465"
"1336","0.006777814123779535","0.006777814123779535","0.006777814123779535"
"1337","0.014474504627287388","0.014474504627287388","0.014474504627287388"
"1338","0.019454224035143852","0.019454224035143852","0.019454224035143852"
"1339","0.020572813227772713","0.020572813227772713","0.020572813227772713"
"1340","0.021596668288111687","0.021596668288111687","0.021596668288111687"
"1341","0.012958869338035583","0.012958869338035583","0.012958869338035583"
"1342","0.01464187353849411","0.01464187353849411","0.01464187353849411"
"1343","0.024418242275714874","0.024418242275714874","0.024418242275714874"
"1344","0.013172732666134834","0.013172732666134834","0.013172732666134834"
"1345","0.028274651616811752","0.028274651616811752","0.028274651616811752"
"1346","0.03191376104950905","0.03191376104950905","0.03191376104950905"
"1347","0.013297424651682377","0.013297424651682377","0.013297424651682377"
"1348","0.014430379495024681","0.014430379495024681","0.014430379495024681"
"1349","0.0178690105676651","0.0178690105676651","0.0178690105676651"
"1351","0.008335291408002377","0.008335291408002377","0.008335291408002377"
"1352","0.045596715062856674","0.045596715062856674","0.045596715062856674"
"1353","0.011959546245634556","0.011959546245634556","0.011959546245634556"
"1354","0.012513251975178719","0.012513251975178719","0.012513251975178719"
"1355","0.02748222090303898","0.02748222090303898","0.02748222090303898"