"Step","pleasant-mountain-202 - test/ssim_scat","pleasant-mountain-202 - test/ssim_scat__MIN","pleasant-mountain-202 - test/ssim_scat__MAX"
"1","0.8672376871109009","0.8672376871109009","0.8672376871109009"
"2","0.895348310470581","0.895348310470581","0.895348310470581"
"3","0.9315870404243469","0.9315870404243469","0.9315870404243469"
"4","0.8753216862678528","0.8753216862678528","0.8753216862678528"
"5","0.8983311057090759","0.8983311057090759","0.8983311057090759"
"6","0.889911413192749","0.889911413192749","0.889911413192749"
"7","0.9150592684745789","0.9150592684745789","0.9150592684745789"
"8","0.8134382963180542","0.8134382963180542","0.8134382963180542"
"9","0.9041774272918701","0.9041774272918701","0.9041774272918701"
"10","0.9055396318435669","0.9055396318435669","0.9055396318435669"
"11","0.8680863976478577","0.8680863976478577","0.8680863976478577"
"12","0.9026225209236145","0.9026225209236145","0.9026225209236145"
"13","0.8828024864196777","0.8828024864196777","0.8828024864196777"
"14","0.8890366554260254","0.8890366554260254","0.8890366554260254"
"15","0.8752208948135376","0.8752208948135376","0.8752208948135376"
"16","0.8469752669334412","0.8469752669334412","0.8469752669334412"
"18","0.8551940321922302","0.8551940321922302","0.8551940321922302"
"19","0.9134618043899536","0.9134618043899536","0.9134618043899536"
"20","0.903046727180481","0.903046727180481","0.903046727180481"
"21","0.8758610486984253","0.8758610486984253","0.8758610486984253"
"22","0.856535792350769","0.856535792350769","0.856535792350769"
"23","0.8789921998977661","0.8789921998977661","0.8789921998977661"
"24","0.9215316772460938","0.9215316772460938","0.9215316772460938"
"25","0.8350444436073303","0.8350444436073303","0.8350444436073303"
"26","0.891621470451355","0.891621470451355","0.891621470451355"
"27","0.8644289970397949","0.8644289970397949","0.8644289970397949"
"28","0.9159229397773743","0.9159229397773743","0.9159229397773743"
"29","0.871086835861206","0.871086835861206","0.871086835861206"
"30","0.8905501365661621","0.8905501365661621","0.8905501365661621"
"31","0.85175621509552","0.85175621509552","0.85175621509552"
"32","0.8844881057739258","0.8844881057739258","0.8844881057739258"
"33","0.8784607648849487","0.8784607648849487","0.8784607648849487"
"34","0.8890859484672546","0.8890859484672546","0.8890859484672546"
"35","0.871726393699646","0.871726393699646","0.871726393699646"
"36","0.8775169849395752","0.8775169849395752","0.8775169849395752"
"37","0.8787007331848145","0.8787007331848145","0.8787007331848145"
"38","0.8916559219360352","0.8916559219360352","0.8916559219360352"
"39","0.8909386396408081","0.8909386396408081","0.8909386396408081"
"40","0.8861424922943115","0.8861424922943115","0.8861424922943115"
"41","0.8872544765472412","0.8872544765472412","0.8872544765472412"
"42","0.9124468564987183","0.9124468564987183","0.9124468564987183"
"43","0.8883950114250183","0.8883950114250183","0.8883950114250183"
"44","0.8349367380142212","0.8349367380142212","0.8349367380142212"
"45","0.9076063632965088","0.9076063632965088","0.9076063632965088"
"46","0.9123921394348145","0.9123921394348145","0.9123921394348145"
"47","0.9318428635597229","0.9318428635597229","0.9318428635597229"
"48","0.8839437961578369","0.8839437961578369","0.8839437961578369"
"49","0.9312821626663208","0.9312821626663208","0.9312821626663208"
"51","0.8663458228111267","0.8663458228111267","0.8663458228111267"
"52","0.9107627868652344","0.9107627868652344","0.9107627868652344"
"53","0.8624683618545532","0.8624683618545532","0.8624683618545532"
"54","0.8963572978973389","0.8963572978973389","0.8963572978973389"
"55","0.8577818870544434","0.8577818870544434","0.8577818870544434"
"56","0.911832869052887","0.911832869052887","0.911832869052887"
"57","0.9226529002189636","0.9226529002189636","0.9226529002189636"
"58","0.9122416973114014","0.9122416973114014","0.9122416973114014"
"59","0.8359638452529907","0.8359638452529907","0.8359638452529907"
"60","0.8769441843032837","0.8769441843032837","0.8769441843032837"
"61","0.8608239889144897","0.8608239889144897","0.8608239889144897"
"62","0.8688048720359802","0.8688048720359802","0.8688048720359802"
"63","0.8959990739822388","0.8959990739822388","0.8959990739822388"
"64","0.9292700886726379","0.9292700886726379","0.9292700886726379"
"65","0.9159572124481201","0.9159572124481201","0.9159572124481201"
"66","0.8729877471923828","0.8729877471923828","0.8729877471923828"
"67","0.8997018337249756","0.8997018337249756","0.8997018337249756"
"68","0.9090279340744019","0.9090279340744019","0.9090279340744019"
"69","0.8635541200637817","0.8635541200637817","0.8635541200637817"
"70","0.8682986497879028","0.8682986497879028","0.8682986497879028"
"71","0.8871526718139648","0.8871526718139648","0.8871526718139648"
"72","0.9228293299674988","0.9228293299674988","0.9228293299674988"
"73","0.8819406628608704","0.8819406628608704","0.8819406628608704"
"74","0.9245921969413757","0.9245921969413757","0.9245921969413757"
"75","0.8714113235473633","0.8714113235473633","0.8714113235473633"
"76","0.8776531219482422","0.8776531219482422","0.8776531219482422"
"77","0.9212671518325806","0.9212671518325806","0.9212671518325806"
"78","0.920711874961853","0.920711874961853","0.920711874961853"
"79","0.8799585700035095","0.8799585700035095","0.8799585700035095"
"80","0.8593984246253967","0.8593984246253967","0.8593984246253967"
"81","0.9070203304290771","0.9070203304290771","0.9070203304290771"
"82","0.8843297362327576","0.8843297362327576","0.8843297362327576"
"84","0.8710882663726807","0.8710882663726807","0.8710882663726807"
"85","0.8857547640800476","0.8857547640800476","0.8857547640800476"
"86","0.8581784963607788","0.8581784963607788","0.8581784963607788"
"87","0.8877262473106384","0.8877262473106384","0.8877262473106384"
"88","0.8851717710494995","0.8851717710494995","0.8851717710494995"
"89","0.8514796495437622","0.8514796495437622","0.8514796495437622"
"90","0.8422495126724243","0.8422495126724243","0.8422495126724243"
"91","0.895745038986206","0.895745038986206","0.895745038986206"
"92","0.887188196182251","0.887188196182251","0.887188196182251"
"93","0.8691638708114624","0.8691638708114624","0.8691638708114624"
"94","0.8817389011383057","0.8817389011383057","0.8817389011383057"
"95","0.9124636054039001","0.9124636054039001","0.9124636054039001"
"96","0.8760823011398315","0.8760823011398315","0.8760823011398315"
"97","0.8924795389175415","0.8924795389175415","0.8924795389175415"
"98","0.8922617435455322","0.8922617435455322","0.8922617435455322"
"99","0.8501430749893188","0.8501430749893188","0.8501430749893188"
"101","0.8702186346054077","0.8702186346054077","0.8702186346054077"
"102","0.8636361360549927","0.8636361360549927","0.8636361360549927"
"103","0.8615704774856567","0.8615704774856567","0.8615704774856567"
"104","0.8852015733718872","0.8852015733718872","0.8852015733718872"
"105","0.9140147566795349","0.9140147566795349","0.9140147566795349"
"106","0.8980154991149902","0.8980154991149902","0.8980154991149902"
"107","0.8841711282730103","0.8841711282730103","0.8841711282730103"
"108","0.8988752365112305","0.8988752365112305","0.8988752365112305"
"109","0.8376485109329224","0.8376485109329224","0.8376485109329224"
"110","0.8787846565246582","0.8787846565246582","0.8787846565246582"
"111","0.9015465378761292","0.9015465378761292","0.9015465378761292"
"112","0.9293146133422852","0.9293146133422852","0.9293146133422852"
"113","0.8682525157928467","0.8682525157928467","0.8682525157928467"
"114","0.9067603945732117","0.9067603945732117","0.9067603945732117"
"115","0.8403761386871338","0.8403761386871338","0.8403761386871338"
"116","0.8759011030197144","0.8759011030197144","0.8759011030197144"
"118","0.9122653603553772","0.9122653603553772","0.9122653603553772"
"119","0.9035548567771912","0.9035548567771912","0.9035548567771912"
"120","0.8857762813568115","0.8857762813568115","0.8857762813568115"
"121","0.9096299409866333","0.9096299409866333","0.9096299409866333"
"122","0.925306499004364","0.925306499004364","0.925306499004364"
"123","0.8708620071411133","0.8708620071411133","0.8708620071411133"
"124","0.8815618753433228","0.8815618753433228","0.8815618753433228"
"125","0.87511146068573","0.87511146068573","0.87511146068573"
"126","0.8895277380943298","0.8895277380943298","0.8895277380943298"
"127","0.817507266998291","0.817507266998291","0.817507266998291"
"128","0.8489190936088562","0.8489190936088562","0.8489190936088562"
"129","0.8447462916374207","0.8447462916374207","0.8447462916374207"
"130","0.8465703725814819","0.8465703725814819","0.8465703725814819"
"131","0.8926306962966919","0.8926306962966919","0.8926306962966919"
"132","0.8855512142181396","0.8855512142181396","0.8855512142181396"
"133","0.9263126254081726","0.9263126254081726","0.9263126254081726"
"134","0.9109569191932678","0.9109569191932678","0.9109569191932678"
"135","0.8850958347320557","0.8850958347320557","0.8850958347320557"
"136","0.9095754623413086","0.9095754623413086","0.9095754623413086"
"137","0.8704909086227417","0.8704909086227417","0.8704909086227417"
"138","0.881637692451477","0.881637692451477","0.881637692451477"
"139","0.9058446884155273","0.9058446884155273","0.9058446884155273"
"140","0.922625720500946","0.922625720500946","0.922625720500946"
"141","0.9313072562217712","0.9313072562217712","0.9313072562217712"
"142","0.8962020874023438","0.8962020874023438","0.8962020874023438"
"143","0.9052627086639404","0.9052627086639404","0.9052627086639404"
"144","0.9194576740264893","0.9194576740264893","0.9194576740264893"
"145","0.8988374471664429","0.8988374471664429","0.8988374471664429"
"146","0.8849140405654907","0.8849140405654907","0.8849140405654907"
"147","0.9181245565414429","0.9181245565414429","0.9181245565414429"
"148","0.8603290319442749","0.8603290319442749","0.8603290319442749"
"149","0.8949230909347534","0.8949230909347534","0.8949230909347534"
"151","0.882775068283081","0.882775068283081","0.882775068283081"
"152","0.8872017860412598","0.8872017860412598","0.8872017860412598"
"153","0.8883664608001709","0.8883664608001709","0.8883664608001709"
"154","0.864763617515564","0.864763617515564","0.864763617515564"
"155","0.9166594743728638","0.9166594743728638","0.9166594743728638"
"156","0.8816277384757996","0.8816277384757996","0.8816277384757996"
"157","0.9082121849060059","0.9082121849060059","0.9082121849060059"
"158","0.918226957321167","0.918226957321167","0.918226957321167"
"159","0.9143514633178711","0.9143514633178711","0.9143514633178711"
"160","0.8226500153541565","0.8226500153541565","0.8226500153541565"
"161","0.8955137133598328","0.8955137133598328","0.8955137133598328"
"162","0.8873065710067749","0.8873065710067749","0.8873065710067749"
"163","0.9109917879104614","0.9109917879104614","0.9109917879104614"
"164","0.8697049617767334","0.8697049617767334","0.8697049617767334"
"165","0.8550314903259277","0.8550314903259277","0.8550314903259277"
"166","0.895095944404602","0.895095944404602","0.895095944404602"
"167","0.931113064289093","0.931113064289093","0.931113064289093"
"168","0.8956926465034485","0.8956926465034485","0.8956926465034485"
"169","0.834993839263916","0.834993839263916","0.834993839263916"
"170","0.8679285049438477","0.8679285049438477","0.8679285049438477"
"171","0.912671685218811","0.912671685218811","0.912671685218811"
"172","0.8788411617279053","0.8788411617279053","0.8788411617279053"
"173","0.8885592222213745","0.8885592222213745","0.8885592222213745"
"174","0.8977735042572021","0.8977735042572021","0.8977735042572021"
"175","0.9074445962905884","0.9074445962905884","0.9074445962905884"
"176","0.8901065587997437","0.8901065587997437","0.8901065587997437"
"177","0.8828287124633789","0.8828287124633789","0.8828287124633789"
"178","0.8812990188598633","0.8812990188598633","0.8812990188598633"
"179","0.8991285562515259","0.8991285562515259","0.8991285562515259"
"180","0.917442798614502","0.917442798614502","0.917442798614502"
"181","0.8835914134979248","0.8835914134979248","0.8835914134979248"
"182","0.9255993962287903","0.9255993962287903","0.9255993962287903"
"184","0.9115014672279358","0.9115014672279358","0.9115014672279358"
"185","0.8866896033287048","0.8866896033287048","0.8866896033287048"
"186","0.8669992685317993","0.8669992685317993","0.8669992685317993"
"187","0.8619303703308105","0.8619303703308105","0.8619303703308105"
"188","0.879237711429596","0.879237711429596","0.879237711429596"
"189","0.8993808031082153","0.8993808031082153","0.8993808031082153"
"190","0.8720627427101135","0.8720627427101135","0.8720627427101135"
"191","0.9021959900856018","0.9021959900856018","0.9021959900856018"
"192","0.8716380596160889","0.8716380596160889","0.8716380596160889"
"193","0.8783546686172485","0.8783546686172485","0.8783546686172485"
"194","0.9062581062316895","0.9062581062316895","0.9062581062316895"
"195","0.8994590640068054","0.8994590640068054","0.8994590640068054"
"196","0.8883938789367676","0.8883938789367676","0.8883938789367676"
"197","0.8585532903671265","0.8585532903671265","0.8585532903671265"
"198","0.8676984310150146","0.8676984310150146","0.8676984310150146"
"199","0.8967435359954834","0.8967435359954834","0.8967435359954834"
"201","0.8571134805679321","0.8571134805679321","0.8571134805679321"
"202","0.8652322888374329","0.8652322888374329","0.8652322888374329"
"203","0.8496503829956055","0.8496503829956055","0.8496503829956055"
"204","0.8504809141159058","0.8504809141159058","0.8504809141159058"
"205","0.8665806651115417","0.8665806651115417","0.8665806651115417"
"206","0.8898705244064331","0.8898705244064331","0.8898705244064331"
"207","0.8758038878440857","0.8758038878440857","0.8758038878440857"
"208","0.9019143581390381","0.9019143581390381","0.9019143581390381"
"209","0.8688084483146667","0.8688084483146667","0.8688084483146667"
"210","0.9145599603652954","0.9145599603652954","0.9145599603652954"
"211","0.8952757716178894","0.8952757716178894","0.8952757716178894"
"212","0.8542091250419617","0.8542091250419617","0.8542091250419617"
"213","0.8926365971565247","0.8926365971565247","0.8926365971565247"
"214","0.9210005402565002","0.9210005402565002","0.9210005402565002"
"215","0.8709304332733154","0.8709304332733154","0.8709304332733154"
"216","0.8964536190032959","0.8964536190032959","0.8964536190032959"
"218","0.9100311994552612","0.9100311994552612","0.9100311994552612"
"219","0.8553179502487183","0.8553179502487183","0.8553179502487183"
"220","0.8694008588790894","0.8694008588790894","0.8694008588790894"
"221","0.91032475233078","0.91032475233078","0.91032475233078"
"222","0.8878958821296692","0.8878958821296692","0.8878958821296692"
"223","0.9137859344482422","0.9137859344482422","0.9137859344482422"
"224","0.9044851064682007","0.9044851064682007","0.9044851064682007"
"225","0.9113868474960327","0.9113868474960327","0.9113868474960327"
"226","0.8656274676322937","0.8656274676322937","0.8656274676322937"
"227","0.8629854917526245","0.8629854917526245","0.8629854917526245"
"228","0.8913291096687317","0.8913291096687317","0.8913291096687317"
"229","0.8823690414428711","0.8823690414428711","0.8823690414428711"
"230","0.9183739423751831","0.9183739423751831","0.9183739423751831"
"231","0.8917074799537659","0.8917074799537659","0.8917074799537659"
"232","0.8674834966659546","0.8674834966659546","0.8674834966659546"
"233","0.8586797714233398","0.8586797714233398","0.8586797714233398"
"234","0.9243230819702148","0.9243230819702148","0.9243230819702148"
"235","0.8639510869979858","0.8639510869979858","0.8639510869979858"
"236","0.8878953456878662","0.8878953456878662","0.8878953456878662"
"237","0.8875069618225098","0.8875069618225098","0.8875069618225098"
"238","0.8634960651397705","0.8634960651397705","0.8634960651397705"
"239","0.8814134001731873","0.8814134001731873","0.8814134001731873"
"240","0.895946204662323","0.895946204662323","0.895946204662323"
"241","0.8914937973022461","0.8914937973022461","0.8914937973022461"
"242","0.9284796714782715","0.9284796714782715","0.9284796714782715"
"243","0.9264808893203735","0.9264808893203735","0.9264808893203735"
"244","0.9002172946929932","0.9002172946929932","0.9002172946929932"
"245","0.8877979516983032","0.8877979516983032","0.8877979516983032"
"246","0.8694387674331665","0.8694387674331665","0.8694387674331665"
"247","0.8966436386108398","0.8966436386108398","0.8966436386108398"
"248","0.9109195470809937","0.9109195470809937","0.9109195470809937"
"249","0.9027868509292603","0.9027868509292603","0.9027868509292603"
"251","0.8943759202957153","0.8943759202957153","0.8943759202957153"
"252","0.9065948128700256","0.9065948128700256","0.9065948128700256"
"253","0.9003697633743286","0.9003697633743286","0.9003697633743286"
"254","0.8069888949394226","0.8069888949394226","0.8069888949394226"
"255","0.9129669666290283","0.9129669666290283","0.9129669666290283"
"256","0.8485910892486572","0.8485910892486572","0.8485910892486572"
"257","0.8480089902877808","0.8480089902877808","0.8480089902877808"
"258","0.9180604219436646","0.9180604219436646","0.9180604219436646"
"259","0.8717178106307983","0.8717178106307983","0.8717178106307983"
"260","0.8948543071746826","0.8948543071746826","0.8948543071746826"
"261","0.8716821074485779","0.8716821074485779","0.8716821074485779"
"262","0.9026232957839966","0.9026232957839966","0.9026232957839966"
"263","0.8833345174789429","0.8833345174789429","0.8833345174789429"
"264","0.8890259861946106","0.8890259861946106","0.8890259861946106"
"265","0.9005739688873291","0.9005739688873291","0.9005739688873291"
"266","0.873275637626648","0.873275637626648","0.873275637626648"
"267","0.8642443418502808","0.8642443418502808","0.8642443418502808"
"268","0.8800445199012756","0.8800445199012756","0.8800445199012756"
"269","0.8865306973457336","0.8865306973457336","0.8865306973457336"
"270","0.9049874544143677","0.9049874544143677","0.9049874544143677"
"271","0.8914543986320496","0.8914543986320496","0.8914543986320496"
"272","0.9038357734680176","0.9038357734680176","0.9038357734680176"
"273","0.8732612133026123","0.8732612133026123","0.8732612133026123"
"274","0.8461474180221558","0.8461474180221558","0.8461474180221558"
"275","0.8981375694274902","0.8981375694274902","0.8981375694274902"
"276","0.9021587371826172","0.9021587371826172","0.9021587371826172"
"277","0.912063717842102","0.912063717842102","0.912063717842102"
"278","0.858256459236145","0.858256459236145","0.858256459236145"
"279","0.8856099843978882","0.8856099843978882","0.8856099843978882"
"280","0.8709040880203247","0.8709040880203247","0.8709040880203247"
"281","0.8847366571426392","0.8847366571426392","0.8847366571426392"
"282","0.879629373550415","0.879629373550415","0.879629373550415"
"284","0.8564505577087402","0.8564505577087402","0.8564505577087402"
"285","0.8847939968109131","0.8847939968109131","0.8847939968109131"
"286","0.9229148626327515","0.9229148626327515","0.9229148626327515"
"287","0.8663439750671387","0.8663439750671387","0.8663439750671387"
"288","0.8933736085891724","0.8933736085891724","0.8933736085891724"
"289","0.8771295547485352","0.8771295547485352","0.8771295547485352"
"290","0.8870818614959717","0.8870818614959717","0.8870818614959717"
"291","0.897054135799408","0.897054135799408","0.897054135799408"
"292","0.8884550333023071","0.8884550333023071","0.8884550333023071"
"293","0.9009371399879456","0.9009371399879456","0.9009371399879456"
"294","0.8467432260513306","0.8467432260513306","0.8467432260513306"
"295","0.8834288716316223","0.8834288716316223","0.8834288716316223"
"296","0.8795713186264038","0.8795713186264038","0.8795713186264038"
"297","0.8925575613975525","0.8925575613975525","0.8925575613975525"
"298","0.893580436706543","0.893580436706543","0.893580436706543"
"299","0.8775559663772583","0.8775559663772583","0.8775559663772583"
"301","0.8802481889724731","0.8802481889724731","0.8802481889724731"
"302","0.8626356720924377","0.8626356720924377","0.8626356720924377"
"303","0.8946048021316528","0.8946048021316528","0.8946048021316528"
"304","0.8860645294189453","0.8860645294189453","0.8860645294189453"
"305","0.8782088756561279","0.8782088756561279","0.8782088756561279"
"306","0.8829662799835205","0.8829662799835205","0.8829662799835205"
"307","0.8648838996887207","0.8648838996887207","0.8648838996887207"
"308","0.8805186748504639","0.8805186748504639","0.8805186748504639"
"309","0.8874146938323975","0.8874146938323975","0.8874146938323975"
"310","0.9033710956573486","0.9033710956573486","0.9033710956573486"
"311","0.8563647270202637","0.8563647270202637","0.8563647270202637"
"312","0.903274416923523","0.903274416923523","0.903274416923523"
"313","0.8774689435958862","0.8774689435958862","0.8774689435958862"
"314","0.9050555229187012","0.9050555229187012","0.9050555229187012"
"315","0.8680447340011597","0.8680447340011597","0.8680447340011597"
"316","0.9112280011177063","0.9112280011177063","0.9112280011177063"
"318","0.907545804977417","0.907545804977417","0.907545804977417"
"319","0.90358966588974","0.90358966588974","0.90358966588974"
"320","0.8533115386962891","0.8533115386962891","0.8533115386962891"
"321","0.9093048572540283","0.9093048572540283","0.9093048572540283"
"322","0.8863803744316101","0.8863803744316101","0.8863803744316101"
"323","0.8689669370651245","0.8689669370651245","0.8689669370651245"
"324","0.8524932265281677","0.8524932265281677","0.8524932265281677"
"325","0.8667941093444824","0.8667941093444824","0.8667941093444824"
"326","0.9278661012649536","0.9278661012649536","0.9278661012649536"
"327","0.8878555297851562","0.8878555297851562","0.8878555297851562"
"328","0.9235721826553345","0.9235721826553345","0.9235721826553345"
"329","0.8694124221801758","0.8694124221801758","0.8694124221801758"
"330","0.9158564805984497","0.9158564805984497","0.9158564805984497"
"331","0.8651607036590576","0.8651607036590576","0.8651607036590576"
"332","0.8677053451538086","0.8677053451538086","0.8677053451538086"
"333","0.8753636479377747","0.8753636479377747","0.8753636479377747"
"334","0.8954237699508667","0.8954237699508667","0.8954237699508667"
"335","0.9003272652626038","0.9003272652626038","0.9003272652626038"
"336","0.9219712018966675","0.9219712018966675","0.9219712018966675"
"337","0.8949229717254639","0.8949229717254639","0.8949229717254639"
"338","0.9210308790206909","0.9210308790206909","0.9210308790206909"
"339","0.846690833568573","0.846690833568573","0.846690833568573"
"340","0.8840731382369995","0.8840731382369995","0.8840731382369995"
"341","0.893796443939209","0.893796443939209","0.893796443939209"
"342","0.8942473530769348","0.8942473530769348","0.8942473530769348"
"343","0.9149562120437622","0.9149562120437622","0.9149562120437622"
"344","0.8942373394966125","0.8942373394966125","0.8942373394966125"
"345","0.8572956919670105","0.8572956919670105","0.8572956919670105"
"346","0.8935202360153198","0.8935202360153198","0.8935202360153198"
"347","0.9051921367645264","0.9051921367645264","0.9051921367645264"
"348","0.9143425822257996","0.9143425822257996","0.9143425822257996"
"349","0.8778858780860901","0.8778858780860901","0.8778858780860901"
"351","0.871644139289856","0.871644139289856","0.871644139289856"
"352","0.8577970266342163","0.8577970266342163","0.8577970266342163"
"353","0.8890856504440308","0.8890856504440308","0.8890856504440308"
"354","0.8911014795303345","0.8911014795303345","0.8911014795303345"
"355","0.914300799369812","0.914300799369812","0.914300799369812"
"356","0.9227896332740784","0.9227896332740784","0.9227896332740784"
"357","0.8948756456375122","0.8948756456375122","0.8948756456375122"
"358","0.8873016834259033","0.8873016834259033","0.8873016834259033"
"359","0.8497694730758667","0.8497694730758667","0.8497694730758667"
"360","0.8856180906295776","0.8856180906295776","0.8856180906295776"
"361","0.8843234777450562","0.8843234777450562","0.8843234777450562"
"362","0.8954787254333496","0.8954787254333496","0.8954787254333496"
"363","0.8937822580337524","0.8937822580337524","0.8937822580337524"
"364","0.9049129486083984","0.9049129486083984","0.9049129486083984"
"365","0.9109044075012207","0.9109044075012207","0.9109044075012207"
"366","0.9119642972946167","0.9119642972946167","0.9119642972946167"
"367","0.8490949869155884","0.8490949869155884","0.8490949869155884"
"368","0.887464165687561","0.887464165687561","0.887464165687561"
"369","0.887471079826355","0.887471079826355","0.887471079826355"
"370","0.8997798562049866","0.8997798562049866","0.8997798562049866"
"371","0.8948746919631958","0.8948746919631958","0.8948746919631958"
"372","0.9016457796096802","0.9016457796096802","0.9016457796096802"
"373","0.8754540681838989","0.8754540681838989","0.8754540681838989"
"374","0.8893653154373169","0.8893653154373169","0.8893653154373169"
"375","0.8719936609268188","0.8719936609268188","0.8719936609268188"
"376","0.9183396100997925","0.9183396100997925","0.9183396100997925"
"377","0.892609715461731","0.892609715461731","0.892609715461731"
"378","0.8853573203086853","0.8853573203086853","0.8853573203086853"
"379","0.9248149394989014","0.9248149394989014","0.9248149394989014"
"380","0.881860613822937","0.881860613822937","0.881860613822937"
"381","0.8717378973960876","0.8717378973960876","0.8717378973960876"
"382","0.8823425769805908","0.8823425769805908","0.8823425769805908"
"384","0.9146382808685303","0.9146382808685303","0.9146382808685303"
"385","0.9279940128326416","0.9279940128326416","0.9279940128326416"
"386","0.8890835046768188","0.8890835046768188","0.8890835046768188"
"387","0.910942792892456","0.910942792892456","0.910942792892456"
"388","0.9050486087799072","0.9050486087799072","0.9050486087799072"
"389","0.9111214280128479","0.9111214280128479","0.9111214280128479"
"390","0.893997073173523","0.893997073173523","0.893997073173523"
"391","0.880649209022522","0.880649209022522","0.880649209022522"
"392","0.867681086063385","0.867681086063385","0.867681086063385"
"393","0.8753684759140015","0.8753684759140015","0.8753684759140015"
"394","0.8580421805381775","0.8580421805381775","0.8580421805381775"
"395","0.9110820293426514","0.9110820293426514","0.9110820293426514"
"396","0.9240697622299194","0.9240697622299194","0.9240697622299194"
"397","0.8595808148384094","0.8595808148384094","0.8595808148384094"
"398","0.8855485916137695","0.8855485916137695","0.8855485916137695"
"399","0.8712476491928101","0.8712476491928101","0.8712476491928101"
"401","0.8754699230194092","0.8754699230194092","0.8754699230194092"
"402","0.8744692802429199","0.8744692802429199","0.8744692802429199"
"403","0.8583773374557495","0.8583773374557495","0.8583773374557495"
"404","0.8939298391342163","0.8939298391342163","0.8939298391342163"
"405","0.8902776837348938","0.8902776837348938","0.8902776837348938"
"406","0.8846334218978882","0.8846334218978882","0.8846334218978882"
"407","0.916162371635437","0.916162371635437","0.916162371635437"
"408","0.8988193273544312","0.8988193273544312","0.8988193273544312"
"409","0.8983200192451477","0.8983200192451477","0.8983200192451477"
"410","0.8970218300819397","0.8970218300819397","0.8970218300819397"
"411","0.8736032843589783","0.8736032843589783","0.8736032843589783"
"412","0.8992893099784851","0.8992893099784851","0.8992893099784851"
"413","0.8549162149429321","0.8549162149429321","0.8549162149429321"
"414","0.8642830848693848","0.8642830848693848","0.8642830848693848"
"415","0.8947314620018005","0.8947314620018005","0.8947314620018005"
"416","0.9156340956687927","0.9156340956687927","0.9156340956687927"
"418","0.9171178936958313","0.9171178936958313","0.9171178936958313"
"419","0.8914289474487305","0.8914289474487305","0.8914289474487305"
"420","0.8430700302124023","0.8430700302124023","0.8430700302124023"
"421","0.8752617835998535","0.8752617835998535","0.8752617835998535"
"422","0.8783317804336548","0.8783317804336548","0.8783317804336548"
"423","0.8781951665878296","0.8781951665878296","0.8781951665878296"
"424","0.8823117017745972","0.8823117017745972","0.8823117017745972"
"425","0.8719349503517151","0.8719349503517151","0.8719349503517151"
"426","0.8751565217971802","0.8751565217971802","0.8751565217971802"
"427","0.8841336369514465","0.8841336369514465","0.8841336369514465"
"428","0.9020465612411499","0.9020465612411499","0.9020465612411499"
"429","0.8930999040603638","0.8930999040603638","0.8930999040603638"
"430","0.9228099584579468","0.9228099584579468","0.9228099584579468"
"431","0.8879634141921997","0.8879634141921997","0.8879634141921997"
"432","0.9243768453598022","0.9243768453598022","0.9243768453598022"
"433","0.9227222204208374","0.9227222204208374","0.9227222204208374"
"434","0.8824524879455566","0.8824524879455566","0.8824524879455566"
"435","0.8727120161056519","0.8727120161056519","0.8727120161056519"
"436","0.8617724180221558","0.8617724180221558","0.8617724180221558"
"437","0.891762375831604","0.891762375831604","0.891762375831604"
"438","0.8755015730857849","0.8755015730857849","0.8755015730857849"
"439","0.8895870447158813","0.8895870447158813","0.8895870447158813"
"440","0.865845263004303","0.865845263004303","0.865845263004303"
"441","0.8934870362281799","0.8934870362281799","0.8934870362281799"
"442","0.905756950378418","0.905756950378418","0.905756950378418"
"443","0.9267401695251465","0.9267401695251465","0.9267401695251465"
"444","0.9195042848587036","0.9195042848587036","0.9195042848587036"
"445","0.8863817453384399","0.8863817453384399","0.8863817453384399"
"446","0.8887321949005127","0.8887321949005127","0.8887321949005127"
"447","0.8740355968475342","0.8740355968475342","0.8740355968475342"
"448","0.9167307019233704","0.9167307019233704","0.9167307019233704"
"449","0.8948154449462891","0.8948154449462891","0.8948154449462891"
"451","0.8776237964630127","0.8776237964630127","0.8776237964630127"
"452","0.9084081053733826","0.9084081053733826","0.9084081053733826"
"453","0.9188001155853271","0.9188001155853271","0.9188001155853271"
"454","0.892493724822998","0.892493724822998","0.892493724822998"
"455","0.8711716532707214","0.8711716532707214","0.8711716532707214"
"456","0.8875447511672974","0.8875447511672974","0.8875447511672974"
"457","0.9103740453720093","0.9103740453720093","0.9103740453720093"
"458","0.9160040616989136","0.9160040616989136","0.9160040616989136"
"459","0.8700883984565735","0.8700883984565735","0.8700883984565735"
"460","0.8722153902053833","0.8722153902053833","0.8722153902053833"
"461","0.8857755064964294","0.8857755064964294","0.8857755064964294"
"462","0.8771483898162842","0.8771483898162842","0.8771483898162842"
"463","0.8672686815261841","0.8672686815261841","0.8672686815261841"
"464","0.9199250936508179","0.9199250936508179","0.9199250936508179"
"465","0.8856838941574097","0.8856838941574097","0.8856838941574097"
"466","0.8673355579376221","0.8673355579376221","0.8673355579376221"
"467","0.8893150091171265","0.8893150091171265","0.8893150091171265"
"468","0.8904116153717041","0.8904116153717041","0.8904116153717041"
"469","0.8936841487884521","0.8936841487884521","0.8936841487884521"
"470","0.8630220890045166","0.8630220890045166","0.8630220890045166"
"471","0.880986213684082","0.880986213684082","0.880986213684082"
"472","0.906156063079834","0.906156063079834","0.906156063079834"
"473","0.8848623633384705","0.8848623633384705","0.8848623633384705"
"474","0.8701615333557129","0.8701615333557129","0.8701615333557129"
"475","0.9013212323188782","0.9013212323188782","0.9013212323188782"
"476","0.8310372829437256","0.8310372829437256","0.8310372829437256"
"477","0.8786476254463196","0.8786476254463196","0.8786476254463196"
"478","0.8580839037895203","0.8580839037895203","0.8580839037895203"
"479","0.9090243577957153","0.9090243577957153","0.9090243577957153"
"480","0.9056724309921265","0.9056724309921265","0.9056724309921265"
"481","0.8898648023605347","0.8898648023605347","0.8898648023605347"
"482","0.8849843740463257","0.8849843740463257","0.8849843740463257"
"484","0.921245813369751","0.921245813369751","0.921245813369751"
"485","0.8946915864944458","0.8946915864944458","0.8946915864944458"
"486","0.8802727460861206","0.8802727460861206","0.8802727460861206"
"487","0.9237473011016846","0.9237473011016846","0.9237473011016846"
"488","0.9260084629058838","0.9260084629058838","0.9260084629058838"
"489","0.8753828406333923","0.8753828406333923","0.8753828406333923"
"490","0.8889148235321045","0.8889148235321045","0.8889148235321045"
"491","0.8846200704574585","0.8846200704574585","0.8846200704574585"
"492","0.9006438255310059","0.9006438255310059","0.9006438255310059"
"493","0.8669548034667969","0.8669548034667969","0.8669548034667969"
"494","0.9139423370361328","0.9139423370361328","0.9139423370361328"
"495","0.869118332862854","0.869118332862854","0.869118332862854"
"496","0.9070115089416504","0.9070115089416504","0.9070115089416504"
"497","0.9209752082824707","0.9209752082824707","0.9209752082824707"
"498","0.8914299011230469","0.8914299011230469","0.8914299011230469"
"499","0.8685189485549927","0.8685189485549927","0.8685189485549927"
"501","0.9081424474716187","0.9081424474716187","0.9081424474716187"
"502","0.8564816117286682","0.8564816117286682","0.8564816117286682"
"503","0.8470189571380615","0.8470189571380615","0.8470189571380615"
"504","0.9051973819732666","0.9051973819732666","0.9051973819732666"
"505","0.927196741104126","0.927196741104126","0.927196741104126"
"506","0.9206010699272156","0.9206010699272156","0.9206010699272156"
"507","0.8812261819839478","0.8812261819839478","0.8812261819839478"
"508","0.8772538900375366","0.8772538900375366","0.8772538900375366"
"509","0.8973305225372314","0.8973305225372314","0.8973305225372314"
"510","0.9068395495414734","0.9068395495414734","0.9068395495414734"
"511","0.9155120253562927","0.9155120253562927","0.9155120253562927"
"512","0.8556124567985535","0.8556124567985535","0.8556124567985535"
"513","0.888993501663208","0.888993501663208","0.888993501663208"
"514","0.8886924982070923","0.8886924982070923","0.8886924982070923"
"515","0.8881030678749084","0.8881030678749084","0.8881030678749084"
"516","0.920257568359375","0.920257568359375","0.920257568359375"
"518","0.8728033900260925","0.8728033900260925","0.8728033900260925"
"519","0.8685328960418701","0.8685328960418701","0.8685328960418701"
"520","0.9036408066749573","0.9036408066749573","0.9036408066749573"
"521","0.8483210802078247","0.8483210802078247","0.8483210802078247"
"522","0.8762252926826477","0.8762252926826477","0.8762252926826477"
"523","0.883298397064209","0.883298397064209","0.883298397064209"
"524","0.8712502717971802","0.8712502717971802","0.8712502717971802"
"525","0.89667809009552","0.89667809009552","0.89667809009552"
"526","0.8735978603363037","0.8735978603363037","0.8735978603363037"
"527","0.8875614404678345","0.8875614404678345","0.8875614404678345"
"528","0.9026939272880554","0.9026939272880554","0.9026939272880554"
"529","0.8815962076187134","0.8815962076187134","0.8815962076187134"
"530","0.8808934092521667","0.8808934092521667","0.8808934092521667"
"531","0.9055090546607971","0.9055090546607971","0.9055090546607971"
"532","0.8725590109825134","0.8725590109825134","0.8725590109825134"
"533","0.8603736758232117","0.8603736758232117","0.8603736758232117"
"534","0.8980022668838501","0.8980022668838501","0.8980022668838501"
"535","0.9138539433479309","0.9138539433479309","0.9138539433479309"
"536","0.8680329322814941","0.8680329322814941","0.8680329322814941"
"537","0.8667138814926147","0.8667138814926147","0.8667138814926147"
"538","0.873403787612915","0.873403787612915","0.873403787612915"
"539","0.8831974864006042","0.8831974864006042","0.8831974864006042"
"540","0.8947488069534302","0.8947488069534302","0.8947488069534302"
"541","0.92116779088974","0.92116779088974","0.92116779088974"
"542","0.9064700603485107","0.9064700603485107","0.9064700603485107"
"543","0.8755553364753723","0.8755553364753723","0.8755553364753723"
"544","0.8796525001525879","0.8796525001525879","0.8796525001525879"
"545","0.8866139650344849","0.8866139650344849","0.8866139650344849"
"546","0.9241087436676025","0.9241087436676025","0.9241087436676025"
"547","0.8358891010284424","0.8358891010284424","0.8358891010284424"
"548","0.9231960773468018","0.9231960773468018","0.9231960773468018"
"549","0.9223811626434326","0.9223811626434326","0.9223811626434326"
"551","0.8977712988853455","0.8977712988853455","0.8977712988853455"
"552","0.8716332316398621","0.8716332316398621","0.8716332316398621"
"553","0.8570314645767212","0.8570314645767212","0.8570314645767212"
"554","0.8733468055725098","0.8733468055725098","0.8733468055725098"
"555","0.8918123841285706","0.8918123841285706","0.8918123841285706"
"556","0.8601353168487549","0.8601353168487549","0.8601353168487549"
"557","0.9085645079612732","0.9085645079612732","0.9085645079612732"
"558","0.8753517866134644","0.8753517866134644","0.8753517866134644"
"559","0.8786967992782593","0.8786967992782593","0.8786967992782593"
"560","0.9291238784790039","0.9291238784790039","0.9291238784790039"
"561","0.8441821336746216","0.8441821336746216","0.8441821336746216"
"562","0.8462120890617371","0.8462120890617371","0.8462120890617371"
"563","0.8823370933532715","0.8823370933532715","0.8823370933532715"
"564","0.895642101764679","0.895642101764679","0.895642101764679"
"565","0.8905607461929321","0.8905607461929321","0.8905607461929321"
"566","0.9060254096984863","0.9060254096984863","0.9060254096984863"
"567","0.8923990726470947","0.8923990726470947","0.8923990726470947"
"568","0.9222884774208069","0.9222884774208069","0.9222884774208069"
"569","0.8926717638969421","0.8926717638969421","0.8926717638969421"
"570","0.8742240071296692","0.8742240071296692","0.8742240071296692"
"571","0.925895094871521","0.925895094871521","0.925895094871521"
"572","0.8940362334251404","0.8940362334251404","0.8940362334251404"
"573","0.8776461482048035","0.8776461482048035","0.8776461482048035"
"574","0.8868947625160217","0.8868947625160217","0.8868947625160217"
"575","0.9058257341384888","0.9058257341384888","0.9058257341384888"
"576","0.8754048943519592","0.8754048943519592","0.8754048943519592"
"577","0.8813273906707764","0.8813273906707764","0.8813273906707764"
"578","0.8989706039428711","0.8989706039428711","0.8989706039428711"
"579","0.8953524827957153","0.8953524827957153","0.8953524827957153"
"580","0.8863141536712646","0.8863141536712646","0.8863141536712646"
"581","0.892555296421051","0.892555296421051","0.892555296421051"
"582","0.9062550067901611","0.9062550067901611","0.9062550067901611"
"584","0.8548519015312195","0.8548519015312195","0.8548519015312195"
"585","0.8789905905723572","0.8789905905723572","0.8789905905723572"
"586","0.8694466948509216","0.8694466948509216","0.8694466948509216"
"587","0.9072773456573486","0.9072773456573486","0.9072773456573486"
"588","0.8549346327781677","0.8549346327781677","0.8549346327781677"
"589","0.9072597622871399","0.9072597622871399","0.9072597622871399"
"590","0.9093838930130005","0.9093838930130005","0.9093838930130005"
"591","0.8722295761108398","0.8722295761108398","0.8722295761108398"
"592","0.869423508644104","0.869423508644104","0.869423508644104"
"593","0.9166229367256165","0.9166229367256165","0.9166229367256165"
"594","0.901511013507843","0.901511013507843","0.901511013507843"
"595","0.9092116951942444","0.9092116951942444","0.9092116951942444"
"596","0.8959237337112427","0.8959237337112427","0.8959237337112427"
"597","0.9237037301063538","0.9237037301063538","0.9237037301063538"
"598","0.8530563712120056","0.8530563712120056","0.8530563712120056"
"599","0.8708256483078003","0.8708256483078003","0.8708256483078003"
"601","0.9251143336296082","0.9251143336296082","0.9251143336296082"
"602","0.8636943101882935","0.8636943101882935","0.8636943101882935"
"603","0.9019534587860107","0.9019534587860107","0.9019534587860107"
"604","0.9048346281051636","0.9048346281051636","0.9048346281051636"
"605","0.9046831130981445","0.9046831130981445","0.9046831130981445"
"606","0.9068640470504761","0.9068640470504761","0.9068640470504761"
"607","0.8849092721939087","0.8849092721939087","0.8849092721939087"
"608","0.8915827870368958","0.8915827870368958","0.8915827870368958"
"609","0.9108849763870239","0.9108849763870239","0.9108849763870239"
"610","0.9017145037651062","0.9017145037651062","0.9017145037651062"
"611","0.9301326274871826","0.9301326274871826","0.9301326274871826"
"612","0.8748040795326233","0.8748040795326233","0.8748040795326233"
"613","0.8817352056503296","0.8817352056503296","0.8817352056503296"
"614","0.8888660669326782","0.8888660669326782","0.8888660669326782"
"615","0.8895265460014343","0.8895265460014343","0.8895265460014343"
"616","0.8833931684494019","0.8833931684494019","0.8833931684494019"
"618","0.93052077293396","0.93052077293396","0.93052077293396"
"619","0.8966623544692993","0.8966623544692993","0.8966623544692993"
"620","0.8570650815963745","0.8570650815963745","0.8570650815963745"
"621","0.9035659432411194","0.9035659432411194","0.9035659432411194"
"622","0.9077900648117065","0.9077900648117065","0.9077900648117065"
"623","0.9033017158508301","0.9033017158508301","0.9033017158508301"
"624","0.9235340356826782","0.9235340356826782","0.9235340356826782"
"625","0.9054275751113892","0.9054275751113892","0.9054275751113892"
"626","0.8762409687042236","0.8762409687042236","0.8762409687042236"
"627","0.8996816873550415","0.8996816873550415","0.8996816873550415"
"628","0.8801809549331665","0.8801809549331665","0.8801809549331665"
"629","0.8880152106285095","0.8880152106285095","0.8880152106285095"
"630","0.8747358322143555","0.8747358322143555","0.8747358322143555"
"631","0.8839316964149475","0.8839316964149475","0.8839316964149475"
"632","0.8811278343200684","0.8811278343200684","0.8811278343200684"
"633","0.9003838300704956","0.9003838300704956","0.9003838300704956"
"634","0.8573534488677979","0.8573534488677979","0.8573534488677979"
"635","0.8975939750671387","0.8975939750671387","0.8975939750671387"
"636","0.8474231958389282","0.8474231958389282","0.8474231958389282"
"637","0.834182620048523","0.834182620048523","0.834182620048523"
"638","0.8886332511901855","0.8886332511901855","0.8886332511901855"
"639","0.8971677422523499","0.8971677422523499","0.8971677422523499"
"640","0.8798502683639526","0.8798502683639526","0.8798502683639526"
"641","0.8912853002548218","0.8912853002548218","0.8912853002548218"
"642","0.8845381140708923","0.8845381140708923","0.8845381140708923"
"643","0.8816525936126709","0.8816525936126709","0.8816525936126709"
"644","0.8797630071640015","0.8797630071640015","0.8797630071640015"
"645","0.9028187990188599","0.9028187990188599","0.9028187990188599"
"646","0.9022247791290283","0.9022247791290283","0.9022247791290283"
"647","0.9045041799545288","0.9045041799545288","0.9045041799545288"
"648","0.884853720664978","0.884853720664978","0.884853720664978"
"649","0.9166272878646851","0.9166272878646851","0.9166272878646851"
"651","0.9290916323661804","0.9290916323661804","0.9290916323661804"
"652","0.8778444528579712","0.8778444528579712","0.8778444528579712"
"653","0.9068114161491394","0.9068114161491394","0.9068114161491394"
"654","0.8952069878578186","0.8952069878578186","0.8952069878578186"
"655","0.8924769163131714","0.8924769163131714","0.8924769163131714"
"656","0.8996466398239136","0.8996466398239136","0.8996466398239136"
"657","0.8851964473724365","0.8851964473724365","0.8851964473724365"
"658","0.885981559753418","0.885981559753418","0.885981559753418"
"659","0.8772404789924622","0.8772404789924622","0.8772404789924622"
"660","0.8841826915740967","0.8841826915740967","0.8841826915740967"
"661","0.8521467447280884","0.8521467447280884","0.8521467447280884"
"662","0.8887114524841309","0.8887114524841309","0.8887114524841309"
"663","0.9129454493522644","0.9129454493522644","0.9129454493522644"
"664","0.9156091213226318","0.9156091213226318","0.9156091213226318"
"665","0.8478970527648926","0.8478970527648926","0.8478970527648926"
"666","0.9095209836959839","0.9095209836959839","0.9095209836959839"
"667","0.873652458190918","0.873652458190918","0.873652458190918"
"668","0.9127674102783203","0.9127674102783203","0.9127674102783203"
"669","0.8653718829154968","0.8653718829154968","0.8653718829154968"
"670","0.8769795298576355","0.8769795298576355","0.8769795298576355"
"671","0.9167478084564209","0.9167478084564209","0.9167478084564209"
"672","0.9141861200332642","0.9141861200332642","0.9141861200332642"
"673","0.8785380125045776","0.8785380125045776","0.8785380125045776"
"674","0.8633465766906738","0.8633465766906738","0.8633465766906738"
"675","0.8935805559158325","0.8935805559158325","0.8935805559158325"
"676","0.8715237379074097","0.8715237379074097","0.8715237379074097"
"677","0.8827623724937439","0.8827623724937439","0.8827623724937439"
"678","0.8826417922973633","0.8826417922973633","0.8826417922973633"
"679","0.9264470338821411","0.9264470338821411","0.9264470338821411"
"680","0.9077722430229187","0.9077722430229187","0.9077722430229187"
"681","0.9124428629875183","0.9124428629875183","0.9124428629875183"
"682","0.9037426710128784","0.9037426710128784","0.9037426710128784"
"684","0.8680875301361084","0.8680875301361084","0.8680875301361084"
"685","0.8514905571937561","0.8514905571937561","0.8514905571937561"
"686","0.8964450359344482","0.8964450359344482","0.8964450359344482"
"687","0.9002227783203125","0.9002227783203125","0.9002227783203125"
"688","0.9098643064498901","0.9098643064498901","0.9098643064498901"
"689","0.8702517747879028","0.8702517747879028","0.8702517747879028"
"690","0.8820095062255859","0.8820095062255859","0.8820095062255859"
"691","0.889685869216919","0.889685869216919","0.889685869216919"
"692","0.8901235461235046","0.8901235461235046","0.8901235461235046"
"693","0.8860681653022766","0.8860681653022766","0.8860681653022766"
"694","0.8641847968101501","0.8641847968101501","0.8641847968101501"
"695","0.8851908445358276","0.8851908445358276","0.8851908445358276"
"696","0.8890202045440674","0.8890202045440674","0.8890202045440674"
"697","0.92054283618927","0.92054283618927","0.92054283618927"
"698","0.8754622936248779","0.8754622936248779","0.8754622936248779"
"699","0.9210581183433533","0.9210581183433533","0.9210581183433533"
"701","0.8824917674064636","0.8824917674064636","0.8824917674064636"
"702","0.8833810091018677","0.8833810091018677","0.8833810091018677"
"703","0.9161554574966431","0.9161554574966431","0.9161554574966431"
"704","0.9123232364654541","0.9123232364654541","0.9123232364654541"
"705","0.842623770236969","0.842623770236969","0.842623770236969"
"706","0.9010869860649109","0.9010869860649109","0.9010869860649109"
"707","0.869094967842102","0.869094967842102","0.869094967842102"
"708","0.8490978479385376","0.8490978479385376","0.8490978479385376"
"709","0.8818657398223877","0.8818657398223877","0.8818657398223877"
"710","0.9023784399032593","0.9023784399032593","0.9023784399032593"
"711","0.8761817216873169","0.8761817216873169","0.8761817216873169"
"712","0.8782047033309937","0.8782047033309937","0.8782047033309937"
"713","0.9236867427825928","0.9236867427825928","0.9236867427825928"
"714","0.8628014326095581","0.8628014326095581","0.8628014326095581"
"715","0.8584970235824585","0.8584970235824585","0.8584970235824585"
"716","0.8653791546821594","0.8653791546821594","0.8653791546821594"
"718","0.9103155136108398","0.9103155136108398","0.9103155136108398"
"719","0.880738377571106","0.880738377571106","0.880738377571106"
"720","0.8945304751396179","0.8945304751396179","0.8945304751396179"
"721","0.8844454288482666","0.8844454288482666","0.8844454288482666"
"722","0.9141513109207153","0.9141513109207153","0.9141513109207153"
"723","0.9051218628883362","0.9051218628883362","0.9051218628883362"
"724","0.9240936040878296","0.9240936040878296","0.9240936040878296"
"725","0.8870310187339783","0.8870310187339783","0.8870310187339783"
"726","0.9104020595550537","0.9104020595550537","0.9104020595550537"
"727","0.8750704526901245","0.8750704526901245","0.8750704526901245"
"728","0.8924008011817932","0.8924008011817932","0.8924008011817932"
"729","0.8752506971359253","0.8752506971359253","0.8752506971359253"
"730","0.9273891448974609","0.9273891448974609","0.9273891448974609"
"731","0.8984238505363464","0.8984238505363464","0.8984238505363464"
"732","0.8847408294677734","0.8847408294677734","0.8847408294677734"
"733","0.8912187814712524","0.8912187814712524","0.8912187814712524"
"734","0.9143968820571899","0.9143968820571899","0.9143968820571899"
"735","0.8836697340011597","0.8836697340011597","0.8836697340011597"
"736","0.8914321660995483","0.8914321660995483","0.8914321660995483"
"737","0.9246244430541992","0.9246244430541992","0.9246244430541992"
"738","0.8923194408416748","0.8923194408416748","0.8923194408416748"
"739","0.8893512487411499","0.8893512487411499","0.8893512487411499"
"740","0.9127833843231201","0.9127833843231201","0.9127833843231201"
"741","0.90777587890625","0.90777587890625","0.90777587890625"
"742","0.9279472827911377","0.9279472827911377","0.9279472827911377"
"743","0.8392096757888794","0.8392096757888794","0.8392096757888794"
"744","0.9260292053222656","0.9260292053222656","0.9260292053222656"
"745","0.9024262428283691","0.9024262428283691","0.9024262428283691"
"746","0.8627007007598877","0.8627007007598877","0.8627007007598877"
"747","0.8785378932952881","0.8785378932952881","0.8785378932952881"
"748","0.8850035667419434","0.8850035667419434","0.8850035667419434"
"749","0.9300161600112915","0.9300161600112915","0.9300161600112915"
"751","0.8849892616271973","0.8849892616271973","0.8849892616271973"
"752","0.8404000997543335","0.8404000997543335","0.8404000997543335"
"753","0.9080244898796082","0.9080244898796082","0.9080244898796082"
"754","0.9134246110916138","0.9134246110916138","0.9134246110916138"
"755","0.8754934072494507","0.8754934072494507","0.8754934072494507"
"756","0.8739371299743652","0.8739371299743652","0.8739371299743652"
"757","0.912835955619812","0.912835955619812","0.912835955619812"
"758","0.9253150820732117","0.9253150820732117","0.9253150820732117"
"759","0.8673826456069946","0.8673826456069946","0.8673826456069946"
"760","0.8819181323051453","0.8819181323051453","0.8819181323051453"
"761","0.8624118566513062","0.8624118566513062","0.8624118566513062"
"762","0.8531310558319092","0.8531310558319092","0.8531310558319092"
"763","0.8962666988372803","0.8962666988372803","0.8962666988372803"
"764","0.8671062588691711","0.8671062588691711","0.8671062588691711"
"765","0.8811653256416321","0.8811653256416321","0.8811653256416321"
"766","0.9146146774291992","0.9146146774291992","0.9146146774291992"
"767","0.8713485598564148","0.8713485598564148","0.8713485598564148"
"768","0.9320504069328308","0.9320504069328308","0.9320504069328308"
"769","0.8824986219406128","0.8824986219406128","0.8824986219406128"
"770","0.8782474994659424","0.8782474994659424","0.8782474994659424"
"771","0.8971015810966492","0.8971015810966492","0.8971015810966492"
"772","0.8589479923248291","0.8589479923248291","0.8589479923248291"
"773","0.8890999555587769","0.8890999555587769","0.8890999555587769"
"774","0.9311381578445435","0.9311381578445435","0.9311381578445435"
"775","0.8602489829063416","0.8602489829063416","0.8602489829063416"
"776","0.9027194976806641","0.9027194976806641","0.9027194976806641"
"777","0.8877419233322144","0.8877419233322144","0.8877419233322144"
"778","0.9262211322784424","0.9262211322784424","0.9262211322784424"
"779","0.9061528444290161","0.9061528444290161","0.9061528444290161"
"780","0.8913950324058533","0.8913950324058533","0.8913950324058533"
"781","0.9228931665420532","0.9228931665420532","0.9228931665420532"
"782","0.9206445217132568","0.9206445217132568","0.9206445217132568"
"784","0.8817293047904968","0.8817293047904968","0.8817293047904968"
"785","0.908414363861084","0.908414363861084","0.908414363861084"
"786","0.8586392998695374","0.8586392998695374","0.8586392998695374"
"787","0.8851152658462524","0.8851152658462524","0.8851152658462524"
"788","0.8716686964035034","0.8716686964035034","0.8716686964035034"
"789","0.8326364755630493","0.8326364755630493","0.8326364755630493"
"790","0.9071891903877258","0.9071891903877258","0.9071891903877258"
"791","0.9238265752792358","0.9238265752792358","0.9238265752792358"
"792","0.8898810148239136","0.8898810148239136","0.8898810148239136"
"793","0.8936337232589722","0.8936337232589722","0.8936337232589722"
"794","0.9076258540153503","0.9076258540153503","0.9076258540153503"
"795","0.9196795225143433","0.9196795225143433","0.9196795225143433"
"796","0.8724127411842346","0.8724127411842346","0.8724127411842346"
"797","0.8913158178329468","0.8913158178329468","0.8913158178329468"
"798","0.8823229074478149","0.8823229074478149","0.8823229074478149"
"799","0.9049282073974609","0.9049282073974609","0.9049282073974609"
"801","0.8977342844009399","0.8977342844009399","0.8977342844009399"
"802","0.898337721824646","0.898337721824646","0.898337721824646"
"803","0.8668546676635742","0.8668546676635742","0.8668546676635742"
"804","0.8243187665939331","0.8243187665939331","0.8243187665939331"
"805","0.9039579629898071","0.9039579629898071","0.9039579629898071"
"806","0.8824515342712402","0.8824515342712402","0.8824515342712402"
"807","0.8635815978050232","0.8635815978050232","0.8635815978050232"
"808","0.9079458713531494","0.9079458713531494","0.9079458713531494"
"809","0.8842512965202332","0.8842512965202332","0.8842512965202332"
"810","0.857076108455658","0.857076108455658","0.857076108455658"
"811","0.9146451950073242","0.9146451950073242","0.9146451950073242"
"812","0.8796946406364441","0.8796946406364441","0.8796946406364441"
"813","0.9017052054405212","0.9017052054405212","0.9017052054405212"
"814","0.8623865842819214","0.8623865842819214","0.8623865842819214"
"815","0.8727372884750366","0.8727372884750366","0.8727372884750366"
"816","0.904916524887085","0.904916524887085","0.904916524887085"
"818","0.8702723383903503","0.8702723383903503","0.8702723383903503"
"819","0.8624111413955688","0.8624111413955688","0.8624111413955688"
"820","0.8907669186592102","0.8907669186592102","0.8907669186592102"
"821","0.8484957814216614","0.8484957814216614","0.8484957814216614"
"822","0.883158802986145","0.883158802986145","0.883158802986145"
"823","0.8833035230636597","0.8833035230636597","0.8833035230636597"
"824","0.8760169148445129","0.8760169148445129","0.8760169148445129"
"825","0.907536506652832","0.907536506652832","0.907536506652832"
"826","0.873960554599762","0.873960554599762","0.873960554599762"
"827","0.8616256713867188","0.8616256713867188","0.8616256713867188"
"828","0.859878659248352","0.859878659248352","0.859878659248352"
"829","0.8816957473754883","0.8816957473754883","0.8816957473754883"
"830","0.8888797760009766","0.8888797760009766","0.8888797760009766"
"831","0.8930140137672424","0.8930140137672424","0.8930140137672424"
"832","0.9233810305595398","0.9233810305595398","0.9233810305595398"
"833","0.9235907196998596","0.9235907196998596","0.9235907196998596"
"834","0.9161388874053955","0.9161388874053955","0.9161388874053955"
"835","0.8869418501853943","0.8869418501853943","0.8869418501853943"
"836","0.9092533588409424","0.9092533588409424","0.9092533588409424"
"837","0.8883663415908813","0.8883663415908813","0.8883663415908813"
"838","0.9070079922676086","0.9070079922676086","0.9070079922676086"
"839","0.9146517515182495","0.9146517515182495","0.9146517515182495"
"840","0.8993120789527893","0.8993120789527893","0.8993120789527893"
"841","0.8927181363105774","0.8927181363105774","0.8927181363105774"
"842","0.8962848782539368","0.8962848782539368","0.8962848782539368"
"843","0.8841968774795532","0.8841968774795532","0.8841968774795532"
"844","0.8695567846298218","0.8695567846298218","0.8695567846298218"
"845","0.8851962685585022","0.8851962685585022","0.8851962685585022"
"846","0.9032833576202393","0.9032833576202393","0.9032833576202393"
"847","0.9058439135551453","0.9058439135551453","0.9058439135551453"
"848","0.9010908603668213","0.9010908603668213","0.9010908603668213"
"849","0.901421308517456","0.901421308517456","0.901421308517456"
"851","0.8863150477409363","0.8863150477409363","0.8863150477409363"
"852","0.8740134835243225","0.8740134835243225","0.8740134835243225"
"853","0.9119098782539368","0.9119098782539368","0.9119098782539368"
"854","0.883293867111206","0.883293867111206","0.883293867111206"
"855","0.8638953566551208","0.8638953566551208","0.8638953566551208"
"856","0.8742280006408691","0.8742280006408691","0.8742280006408691"
"857","0.8898196220397949","0.8898196220397949","0.8898196220397949"
"858","0.8631190657615662","0.8631190657615662","0.8631190657615662"
"859","0.8996192216873169","0.8996192216873169","0.8996192216873169"
"860","0.9055846929550171","0.9055846929550171","0.9055846929550171"
"861","0.930639386177063","0.930639386177063","0.930639386177063"
"862","0.8827511072158813","0.8827511072158813","0.8827511072158813"
"863","0.9149379730224609","0.9149379730224609","0.9149379730224609"
"864","0.8832738399505615","0.8832738399505615","0.8832738399505615"
"865","0.8906391859054565","0.8906391859054565","0.8906391859054565"
"866","0.8879708051681519","0.8879708051681519","0.8879708051681519"
"867","0.901624321937561","0.901624321937561","0.901624321937561"
"868","0.8793864250183105","0.8793864250183105","0.8793864250183105"
"869","0.8882313966751099","0.8882313966751099","0.8882313966751099"
"870","0.9066028594970703","0.9066028594970703","0.9066028594970703"
"871","0.8841075897216797","0.8841075897216797","0.8841075897216797"
"872","0.8526611328125","0.8526611328125","0.8526611328125"
"873","0.8783800601959229","0.8783800601959229","0.8783800601959229"
"874","0.8753730654716492","0.8753730654716492","0.8753730654716492"
"875","0.8807991743087769","0.8807991743087769","0.8807991743087769"
"876","0.9067180156707764","0.9067180156707764","0.9067180156707764"
"877","0.895621657371521","0.895621657371521","0.895621657371521"
"878","0.8662261962890625","0.8662261962890625","0.8662261962890625"
"879","0.8750499486923218","0.8750499486923218","0.8750499486923218"
"880","0.8929860591888428","0.8929860591888428","0.8929860591888428"
"881","0.8609071969985962","0.8609071969985962","0.8609071969985962"
"882","0.8944629430770874","0.8944629430770874","0.8944629430770874"
"884","0.8721837997436523","0.8721837997436523","0.8721837997436523"
"885","0.8890154957771301","0.8890154957771301","0.8890154957771301"
"886","0.8690556287765503","0.8690556287765503","0.8690556287765503"
"887","0.9115850925445557","0.9115850925445557","0.9115850925445557"
"888","0.8826510906219482","0.8826510906219482","0.8826510906219482"
"889","0.8588844537734985","0.8588844537734985","0.8588844537734985"
"890","0.9097368717193604","0.9097368717193604","0.9097368717193604"
"891","0.9232760667800903","0.9232760667800903","0.9232760667800903"
"892","0.8745536804199219","0.8745536804199219","0.8745536804199219"
"893","0.8899204730987549","0.8899204730987549","0.8899204730987549"
"894","0.9018243551254272","0.9018243551254272","0.9018243551254272"
"895","0.8891398310661316","0.8891398310661316","0.8891398310661316"
"896","0.9045049548149109","0.9045049548149109","0.9045049548149109"
"897","0.8987983465194702","0.8987983465194702","0.8987983465194702"
"898","0.8699712753295898","0.8699712753295898","0.8699712753295898"
"899","0.8834658861160278","0.8834658861160278","0.8834658861160278"
"901","0.8948627710342407","0.8948627710342407","0.8948627710342407"
"902","0.8640433549880981","0.8640433549880981","0.8640433549880981"
"903","0.888853907585144","0.888853907585144","0.888853907585144"
"904","0.8835111260414124","0.8835111260414124","0.8835111260414124"
"905","0.889281153678894","0.889281153678894","0.889281153678894"
"906","0.839239239692688","0.839239239692688","0.839239239692688"
"907","0.8888371586799622","0.8888371586799622","0.8888371586799622"
"908","0.8912582993507385","0.8912582993507385","0.8912582993507385"
"909","0.8931108117103577","0.8931108117103577","0.8931108117103577"
"910","0.8757084608078003","0.8757084608078003","0.8757084608078003"
"911","0.914687991142273","0.914687991142273","0.914687991142273"
"912","0.8820562362670898","0.8820562362670898","0.8820562362670898"
"913","0.8970093131065369","0.8970093131065369","0.8970093131065369"
"914","0.8550031781196594","0.8550031781196594","0.8550031781196594"
"915","0.8693279027938843","0.8693279027938843","0.8693279027938843"
"916","0.9188708066940308","0.9188708066940308","0.9188708066940308"
"918","0.8907511830329895","0.8907511830329895","0.8907511830329895"
"919","0.8866112232208252","0.8866112232208252","0.8866112232208252"
"920","0.8792006969451904","0.8792006969451904","0.8792006969451904"
"921","0.8510111570358276","0.8510111570358276","0.8510111570358276"
"922","0.84037184715271","0.84037184715271","0.84037184715271"
"923","0.8906989097595215","0.8906989097595215","0.8906989097595215"
"924","0.8807976245880127","0.8807976245880127","0.8807976245880127"
"925","0.8956072330474854","0.8956072330474854","0.8956072330474854"
"926","0.8896546363830566","0.8896546363830566","0.8896546363830566"
"927","0.8840514421463013","0.8840514421463013","0.8840514421463013"
"928","0.8994916677474976","0.8994916677474976","0.8994916677474976"
"929","0.8638805150985718","0.8638805150985718","0.8638805150985718"
"930","0.8692166805267334","0.8692166805267334","0.8692166805267334"
"931","0.889884352684021","0.889884352684021","0.889884352684021"
"932","0.8763805627822876","0.8763805627822876","0.8763805627822876"
"933","0.8935003876686096","0.8935003876686096","0.8935003876686096"
"934","0.8811179399490356","0.8811179399490356","0.8811179399490356"
"935","0.904701828956604","0.904701828956604","0.904701828956604"
"936","0.9009309411048889","0.9009309411048889","0.9009309411048889"
"937","0.8734768629074097","0.8734768629074097","0.8734768629074097"
"938","0.9055427312850952","0.9055427312850952","0.9055427312850952"
"939","0.896828293800354","0.896828293800354","0.896828293800354"
"940","0.8817875385284424","0.8817875385284424","0.8817875385284424"
"941","0.8487500548362732","0.8487500548362732","0.8487500548362732"
"942","0.82850182056427","0.82850182056427","0.82850182056427"
"943","0.8539435863494873","0.8539435863494873","0.8539435863494873"
"944","0.908106803894043","0.908106803894043","0.908106803894043"
"945","0.8760194182395935","0.8760194182395935","0.8760194182395935"
"946","0.8614177703857422","0.8614177703857422","0.8614177703857422"
"947","0.8832696676254272","0.8832696676254272","0.8832696676254272"
"948","0.8720564246177673","0.8720564246177673","0.8720564246177673"
"949","0.872136116027832","0.872136116027832","0.872136116027832"
"951","0.8784258365631104","0.8784258365631104","0.8784258365631104"
"952","0.9254273772239685","0.9254273772239685","0.9254273772239685"
"953","0.863908052444458","0.863908052444458","0.863908052444458"
"954","0.9128667116165161","0.9128667116165161","0.9128667116165161"
"955","0.8894654512405396","0.8894654512405396","0.8894654512405396"
"956","0.9121887683868408","0.9121887683868408","0.9121887683868408"
"957","0.8873536586761475","0.8873536586761475","0.8873536586761475"
"958","0.8628697991371155","0.8628697991371155","0.8628697991371155"
"959","0.8888712525367737","0.8888712525367737","0.8888712525367737"
"960","0.8953309059143066","0.8953309059143066","0.8953309059143066"
"961","0.8907253742218018","0.8907253742218018","0.8907253742218018"
"962","0.8775019645690918","0.8775019645690918","0.8775019645690918"
"963","0.9092226624488831","0.9092226624488831","0.9092226624488831"
"964","0.8792348504066467","0.8792348504066467","0.8792348504066467"
"965","0.8710909485816956","0.8710909485816956","0.8710909485816956"
"966","0.9169418811798096","0.9169418811798096","0.9169418811798096"
"967","0.9071996212005615","0.9071996212005615","0.9071996212005615"
"968","0.8874597549438477","0.8874597549438477","0.8874597549438477"
"969","0.8929896354675293","0.8929896354675293","0.8929896354675293"
"970","0.8820340633392334","0.8820340633392334","0.8820340633392334"
"971","0.9241461157798767","0.9241461157798767","0.9241461157798767"
"972","0.9057409167289734","0.9057409167289734","0.9057409167289734"
"973","0.8711457252502441","0.8711457252502441","0.8711457252502441"
"974","0.9159718751907349","0.9159718751907349","0.9159718751907349"
"975","0.8550199270248413","0.8550199270248413","0.8550199270248413"
"976","0.880632758140564","0.880632758140564","0.880632758140564"
"977","0.8950895071029663","0.8950895071029663","0.8950895071029663"
"978","0.8726558685302734","0.8726558685302734","0.8726558685302734"
"979","0.9163898229598999","0.9163898229598999","0.9163898229598999"
"980","0.8835346698760986","0.8835346698760986","0.8835346698760986"
"981","0.9310088157653809","0.9310088157653809","0.9310088157653809"
"982","0.9148077964782715","0.9148077964782715","0.9148077964782715"
"984","0.9082847237586975","0.9082847237586975","0.9082847237586975"
"985","0.8772411346435547","0.8772411346435547","0.8772411346435547"
"986","0.8737673759460449","0.8737673759460449","0.8737673759460449"
"987","0.8520851135253906","0.8520851135253906","0.8520851135253906"
"988","0.9000644683837891","0.9000644683837891","0.9000644683837891"
"989","0.8856866359710693","0.8856866359710693","0.8856866359710693"
"990","0.8659815788269043","0.8659815788269043","0.8659815788269043"
"991","0.9001487493515015","0.9001487493515015","0.9001487493515015"
"992","0.8333673477172852","0.8333673477172852","0.8333673477172852"
"993","0.8902722597122192","0.8902722597122192","0.8902722597122192"
"994","0.8741209506988525","0.8741209506988525","0.8741209506988525"
"995","0.8913460969924927","0.8913460969924927","0.8913460969924927"
"996","0.8971259593963623","0.8971259593963623","0.8971259593963623"
"997","0.8896117806434631","0.8896117806434631","0.8896117806434631"
"998","0.904636025428772","0.904636025428772","0.904636025428772"
"999","0.9148212671279907","0.9148212671279907","0.9148212671279907"
"1001","0.8892561197280884","0.8892561197280884","0.8892561197280884"
"1002","0.9035868644714355","0.9035868644714355","0.9035868644714355"
"1003","0.8886778950691223","0.8886778950691223","0.8886778950691223"
"1004","0.8718980550765991","0.8718980550765991","0.8718980550765991"
"1005","0.9033401012420654","0.9033401012420654","0.9033401012420654"
"1006","0.8797804713249207","0.8797804713249207","0.8797804713249207"
"1007","0.89897620677948","0.89897620677948","0.89897620677948"
"1008","0.8782849907875061","0.8782849907875061","0.8782849907875061"
"1009","0.905404806137085","0.905404806137085","0.905404806137085"
"1010","0.8685992956161499","0.8685992956161499","0.8685992956161499"
"1011","0.9112862348556519","0.9112862348556519","0.9112862348556519"
"1012","0.8514565825462341","0.8514565825462341","0.8514565825462341"
"1013","0.8828095197677612","0.8828095197677612","0.8828095197677612"
"1014","0.9029316902160645","0.9029316902160645","0.9029316902160645"
"1015","0.8904426097869873","0.8904426097869873","0.8904426097869873"
"1016","0.8946764469146729","0.8946764469146729","0.8946764469146729"
"1018","0.9121876955032349","0.9121876955032349","0.9121876955032349"
"1019","0.8437641859054565","0.8437641859054565","0.8437641859054565"
"1020","0.8695368766784668","0.8695368766784668","0.8695368766784668"
"1021","0.8705987930297852","0.8705987930297852","0.8705987930297852"
"1022","0.9121649265289307","0.9121649265289307","0.9121649265289307"
"1023","0.8421794176101685","0.8421794176101685","0.8421794176101685"
"1024","0.8761816024780273","0.8761816024780273","0.8761816024780273"
"1025","0.9137282371520996","0.9137282371520996","0.9137282371520996"
"1026","0.920246958732605","0.920246958732605","0.920246958732605"
"1027","0.8761743903160095","0.8761743903160095","0.8761743903160095"
"1028","0.8955594301223755","0.8955594301223755","0.8955594301223755"
"1029","0.9167367219924927","0.9167367219924927","0.9167367219924927"
"1030","0.8841507434844971","0.8841507434844971","0.8841507434844971"
"1031","0.8709967136383057","0.8709967136383057","0.8709967136383057"
"1032","0.9065403938293457","0.9065403938293457","0.9065403938293457"
"1033","0.9190500974655151","0.9190500974655151","0.9190500974655151"
"1034","0.8611032962799072","0.8611032962799072","0.8611032962799072"
"1035","0.8629838228225708","0.8629838228225708","0.8629838228225708"
"1036","0.8998614549636841","0.8998614549636841","0.8998614549636841"
"1037","0.8707109689712524","0.8707109689712524","0.8707109689712524"
"1038","0.8985819816589355","0.8985819816589355","0.8985819816589355"
"1039","0.8857661485671997","0.8857661485671997","0.8857661485671997"
"1040","0.8660441040992737","0.8660441040992737","0.8660441040992737"
"1041","0.8708655834197998","0.8708655834197998","0.8708655834197998"
"1042","0.8796178698539734","0.8796178698539734","0.8796178698539734"
"1043","0.8548488020896912","0.8548488020896912","0.8548488020896912"
"1044","0.8580511212348938","0.8580511212348938","0.8580511212348938"
"1045","0.8800904750823975","0.8800904750823975","0.8800904750823975"
"1046","0.8915711641311646","0.8915711641311646","0.8915711641311646"
"1047","0.8867449760437012","0.8867449760437012","0.8867449760437012"
"1048","0.8766869306564331","0.8766869306564331","0.8766869306564331"
"1049","0.8861380219459534","0.8861380219459534","0.8861380219459534"
"1051","0.847118616104126","0.847118616104126","0.847118616104126"
"1052","0.9049453735351562","0.9049453735351562","0.9049453735351562"
"1053","0.8882865905761719","0.8882865905761719","0.8882865905761719"
"1054","0.8725496530532837","0.8725496530532837","0.8725496530532837"
"1055","0.9066678285598755","0.9066678285598755","0.9066678285598755"
"1056","0.8877441883087158","0.8877441883087158","0.8877441883087158"
"1057","0.8858352899551392","0.8858352899551392","0.8858352899551392"
"1058","0.8731492161750793","0.8731492161750793","0.8731492161750793"
"1059","0.9088228940963745","0.9088228940963745","0.9088228940963745"
"1060","0.8799857497215271","0.8799857497215271","0.8799857497215271"
"1061","0.9009271860122681","0.9009271860122681","0.9009271860122681"
"1062","0.8646482229232788","0.8646482229232788","0.8646482229232788"
"1063","0.8614988923072815","0.8614988923072815","0.8614988923072815"
"1064","0.8945891261100769","0.8945891261100769","0.8945891261100769"
"1065","0.8881257772445679","0.8881257772445679","0.8881257772445679"
"1066","0.8709979057312012","0.8709979057312012","0.8709979057312012"
"1067","0.8902468085289001","0.8902468085289001","0.8902468085289001"
"1068","0.9120912551879883","0.9120912551879883","0.9120912551879883"
"1069","0.8967887759208679","0.8967887759208679","0.8967887759208679"
"1070","0.9039170742034912","0.9039170742034912","0.9039170742034912"
"1071","0.9190467596054077","0.9190467596054077","0.9190467596054077"
"1072","0.8919643759727478","0.8919643759727478","0.8919643759727478"
"1073","0.8636924028396606","0.8636924028396606","0.8636924028396606"
"1074","0.9131124019622803","0.9131124019622803","0.9131124019622803"
"1075","0.8853244781494141","0.8853244781494141","0.8853244781494141"
"1076","0.8971552848815918","0.8971552848815918","0.8971552848815918"
"1077","0.8684481382369995","0.8684481382369995","0.8684481382369995"
"1078","0.867756724357605","0.867756724357605","0.867756724357605"
"1079","0.8931634426116943","0.8931634426116943","0.8931634426116943"
"1080","0.9220952987670898","0.9220952987670898","0.9220952987670898"
"1081","0.8858595490455627","0.8858595490455627","0.8858595490455627"
"1082","0.8752879500389099","0.8752879500389099","0.8752879500389099"
"1084","0.8964252471923828","0.8964252471923828","0.8964252471923828"
"1085","0.888601541519165","0.888601541519165","0.888601541519165"
"1086","0.8767023086547852","0.8767023086547852","0.8767023086547852"
"1087","0.8367702960968018","0.8367702960968018","0.8367702960968018"
"1088","0.8755536079406738","0.8755536079406738","0.8755536079406738"
"1089","0.9186894297599792","0.9186894297599792","0.9186894297599792"
"1090","0.87718665599823","0.87718665599823","0.87718665599823"
"1091","0.8975498676300049","0.8975498676300049","0.8975498676300049"
"1092","0.9234305620193481","0.9234305620193481","0.9234305620193481"
"1093","0.8706068992614746","0.8706068992614746","0.8706068992614746"
"1094","0.8750744462013245","0.8750744462013245","0.8750744462013245"
"1095","0.8475224375724792","0.8475224375724792","0.8475224375724792"
"1096","0.9052796363830566","0.9052796363830566","0.9052796363830566"
"1097","0.8796254396438599","0.8796254396438599","0.8796254396438599"
"1098","0.8761348128318787","0.8761348128318787","0.8761348128318787"
"1099","0.901919960975647","0.901919960975647","0.901919960975647"
"1101","0.8927973508834839","0.8927973508834839","0.8927973508834839"
"1102","0.8576071262359619","0.8576071262359619","0.8576071262359619"
"1103","0.9080164432525635","0.9080164432525635","0.9080164432525635"
"1104","0.877074658870697","0.877074658870697","0.877074658870697"
"1105","0.9016211032867432","0.9016211032867432","0.9016211032867432"
"1106","0.908703088760376","0.908703088760376","0.908703088760376"
"1107","0.8902572989463806","0.8902572989463806","0.8902572989463806"
"1108","0.8759549856185913","0.8759549856185913","0.8759549856185913"
"1109","0.8990529775619507","0.8990529775619507","0.8990529775619507"
"1110","0.8805543184280396","0.8805543184280396","0.8805543184280396"
"1111","0.8941950798034668","0.8941950798034668","0.8941950798034668"
"1112","0.9215850234031677","0.9215850234031677","0.9215850234031677"
"1113","0.87773197889328","0.87773197889328","0.87773197889328"
"1114","0.8992692232131958","0.8992692232131958","0.8992692232131958"
"1115","0.9020456075668335","0.9020456075668335","0.9020456075668335"
"1116","0.8746980428695679","0.8746980428695679","0.8746980428695679"
"1118","0.8921521902084351","0.8921521902084351","0.8921521902084351"
"1119","0.8912887573242188","0.8912887573242188","0.8912887573242188"
"1120","0.8753546476364136","0.8753546476364136","0.8753546476364136"
"1121","0.8942195177078247","0.8942195177078247","0.8942195177078247"
"1122","0.874343991279602","0.874343991279602","0.874343991279602"
"1123","0.901762843132019","0.901762843132019","0.901762843132019"
"1124","0.8863541483879089","0.8863541483879089","0.8863541483879089"
"1125","0.8974034786224365","0.8974034786224365","0.8974034786224365"
"1126","0.9104360342025757","0.9104360342025757","0.9104360342025757"
"1127","0.827765703201294","0.827765703201294","0.827765703201294"
"1128","0.9214009046554565","0.9214009046554565","0.9214009046554565"
"1129","0.9191516637802124","0.9191516637802124","0.9191516637802124"
"1130","0.8813679218292236","0.8813679218292236","0.8813679218292236"
"1131","0.8800936937332153","0.8800936937332153","0.8800936937332153"
"1132","0.8618992567062378","0.8618992567062378","0.8618992567062378"
"1133","0.9043871164321899","0.9043871164321899","0.9043871164321899"
"1134","0.8849666714668274","0.8849666714668274","0.8849666714668274"
"1135","0.882941484451294","0.882941484451294","0.882941484451294"
"1136","0.8784530758857727","0.8784530758857727","0.8784530758857727"
"1137","0.86184161901474","0.86184161901474","0.86184161901474"
"1138","0.8637001514434814","0.8637001514434814","0.8637001514434814"
"1139","0.8083898425102234","0.8083898425102234","0.8083898425102234"
"1140","0.8893552422523499","0.8893552422523499","0.8893552422523499"
"1141","0.8873573541641235","0.8873573541641235","0.8873573541641235"
"1142","0.8705552220344543","0.8705552220344543","0.8705552220344543"
"1143","0.8785433173179626","0.8785433173179626","0.8785433173179626"
"1144","0.8960484266281128","0.8960484266281128","0.8960484266281128"
"1145","0.9120033979415894","0.9120033979415894","0.9120033979415894"
"1146","0.9023475646972656","0.9023475646972656","0.9023475646972656"
"1147","0.9015763998031616","0.9015763998031616","0.9015763998031616"
"1148","0.9046438932418823","0.9046438932418823","0.9046438932418823"
"1149","0.8585203289985657","0.8585203289985657","0.8585203289985657"
"1151","0.8870993852615356","0.8870993852615356","0.8870993852615356"
"1152","0.8963392376899719","0.8963392376899719","0.8963392376899719"
"1153","0.907221794128418","0.907221794128418","0.907221794128418"
"1154","0.9044407606124878","0.9044407606124878","0.9044407606124878"
"1155","0.8707977533340454","0.8707977533340454","0.8707977533340454"
"1156","0.9064984321594238","0.9064984321594238","0.9064984321594238"
"1157","0.9044803380966187","0.9044803380966187","0.9044803380966187"
"1158","0.8799989819526672","0.8799989819526672","0.8799989819526672"
"1159","0.9041306376457214","0.9041306376457214","0.9041306376457214"
"1160","0.8964941501617432","0.8964941501617432","0.8964941501617432"
"1161","0.8561065196990967","0.8561065196990967","0.8561065196990967"
"1162","0.8781415820121765","0.8781415820121765","0.8781415820121765"
"1163","0.922724723815918","0.922724723815918","0.922724723815918"
"1164","0.9152874946594238","0.9152874946594238","0.9152874946594238"
"1165","0.8838580250740051","0.8838580250740051","0.8838580250740051"
"1166","0.9053902626037598","0.9053902626037598","0.9053902626037598"
"1167","0.8991371393203735","0.8991371393203735","0.8991371393203735"
"1168","0.87516850233078","0.87516850233078","0.87516850233078"
"1169","0.8870306015014648","0.8870306015014648","0.8870306015014648"
"1170","0.8724767565727234","0.8724767565727234","0.8724767565727234"
"1171","0.8798782825469971","0.8798782825469971","0.8798782825469971"
"1172","0.8850582242012024","0.8850582242012024","0.8850582242012024"
"1173","0.8766370415687561","0.8766370415687561","0.8766370415687561"
"1174","0.883759081363678","0.883759081363678","0.883759081363678"
"1175","0.8143416047096252","0.8143416047096252","0.8143416047096252"
"1176","0.9114990234375","0.9114990234375","0.9114990234375"
"1177","0.9254214763641357","0.9254214763641357","0.9254214763641357"
"1178","0.9219757914543152","0.9219757914543152","0.9219757914543152"
"1179","0.9133429527282715","0.9133429527282715","0.9133429527282715"
"1180","0.9034326076507568","0.9034326076507568","0.9034326076507568"
"1181","0.8892354965209961","0.8892354965209961","0.8892354965209961"
"1182","0.8729509115219116","0.8729509115219116","0.8729509115219116"
"1184","0.9060883522033691","0.9060883522033691","0.9060883522033691"
"1185","0.9104804396629333","0.9104804396629333","0.9104804396629333"
"1186","0.8943953514099121","0.8943953514099121","0.8943953514099121"
"1187","0.8729587197303772","0.8729587197303772","0.8729587197303772"
"1188","0.8928754329681396","0.8928754329681396","0.8928754329681396"
"1189","0.8452194929122925","0.8452194929122925","0.8452194929122925"
"1190","0.9266678690910339","0.9266678690910339","0.9266678690910339"
"1191","0.869041919708252","0.869041919708252","0.869041919708252"
"1192","0.8840931057929993","0.8840931057929993","0.8840931057929993"
"1193","0.9105186462402344","0.9105186462402344","0.9105186462402344"
"1194","0.9192991256713867","0.9192991256713867","0.9192991256713867"
"1195","0.8778965473175049","0.8778965473175049","0.8778965473175049"
"1196","0.8888077735900879","0.8888077735900879","0.8888077735900879"
"1197","0.8726122379302979","0.8726122379302979","0.8726122379302979"
"1198","0.8852424621582031","0.8852424621582031","0.8852424621582031"
"1199","0.9078393578529358","0.9078393578529358","0.9078393578529358"
"1201","0.9055609703063965","0.9055609703063965","0.9055609703063965"
"1202","0.9161342978477478","0.9161342978477478","0.9161342978477478"
"1203","0.890937864780426","0.890937864780426","0.890937864780426"
"1204","0.8426764011383057","0.8426764011383057","0.8426764011383057"
"1205","0.8773081302642822","0.8773081302642822","0.8773081302642822"
"1206","0.8502626419067383","0.8502626419067383","0.8502626419067383"
"1207","0.8930273652076721","0.8930273652076721","0.8930273652076721"
"1208","0.8687361478805542","0.8687361478805542","0.8687361478805542"
"1209","0.8899385333061218","0.8899385333061218","0.8899385333061218"
"1210","0.8969001770019531","0.8969001770019531","0.8969001770019531"
"1211","0.8796961307525635","0.8796961307525635","0.8796961307525635"
"1212","0.9154049158096313","0.9154049158096313","0.9154049158096313"
"1213","0.8794149160385132","0.8794149160385132","0.8794149160385132"
"1214","0.8801153898239136","0.8801153898239136","0.8801153898239136"
"1215","0.9250202178955078","0.9250202178955078","0.9250202178955078"
"1216","0.8844165205955505","0.8844165205955505","0.8844165205955505"
"1218","0.920737624168396","0.920737624168396","0.920737624168396"
"1219","0.8869894742965698","0.8869894742965698","0.8869894742965698"
"1220","0.8633044958114624","0.8633044958114624","0.8633044958114624"
"1221","0.882561445236206","0.882561445236206","0.882561445236206"
"1222","0.8844462633132935","0.8844462633132935","0.8844462633132935"
"1223","0.8741055130958557","0.8741055130958557","0.8741055130958557"
"1224","0.8408676385879517","0.8408676385879517","0.8408676385879517"
"1225","0.8753201365470886","0.8753201365470886","0.8753201365470886"
"1226","0.8585137128829956","0.8585137128829956","0.8585137128829956"
"1227","0.9308785796165466","0.9308785796165466","0.9308785796165466"
"1228","0.865992546081543","0.865992546081543","0.865992546081543"
"1229","0.8501102924346924","0.8501102924346924","0.8501102924346924"
"1230","0.8830767273902893","0.8830767273902893","0.8830767273902893"
"1231","0.8989911079406738","0.8989911079406738","0.8989911079406738"
"1232","0.8454718589782715","0.8454718589782715","0.8454718589782715"
"1233","0.8959336280822754","0.8959336280822754","0.8959336280822754"
"1234","0.926642119884491","0.926642119884491","0.926642119884491"
"1235","0.9105678796768188","0.9105678796768188","0.9105678796768188"
"1236","0.8792256116867065","0.8792256116867065","0.8792256116867065"
"1237","0.9084268808364868","0.9084268808364868","0.9084268808364868"
"1238","0.9213165044784546","0.9213165044784546","0.9213165044784546"
"1239","0.8634173274040222","0.8634173274040222","0.8634173274040222"
"1240","0.8842030763626099","0.8842030763626099","0.8842030763626099"
"1241","0.8432120084762573","0.8432120084762573","0.8432120084762573"
"1242","0.8751482963562012","0.8751482963562012","0.8751482963562012"
"1243","0.8814271688461304","0.8814271688461304","0.8814271688461304"
"1244","0.9003507494926453","0.9003507494926453","0.9003507494926453"
"1245","0.888421893119812","0.888421893119812","0.888421893119812"
"1246","0.8568881750106812","0.8568881750106812","0.8568881750106812"
"1247","0.8656798601150513","0.8656798601150513","0.8656798601150513"
"1248","0.7783238887786865","0.7783238887786865","0.7783238887786865"
"1249","0.9146215319633484","0.9146215319633484","0.9146215319633484"
"1251","0.9280128479003906","0.9280128479003906","0.9280128479003906"
"1252","0.8765041828155518","0.8765041828155518","0.8765041828155518"
"1253","0.8936519622802734","0.8936519622802734","0.8936519622802734"
"1254","0.9075647592544556","0.9075647592544556","0.9075647592544556"
"1255","0.887111485004425","0.887111485004425","0.887111485004425"
"1256","0.872138500213623","0.872138500213623","0.872138500213623"
"1257","0.8882805109024048","0.8882805109024048","0.8882805109024048"
"1258","0.8565499186515808","0.8565499186515808","0.8565499186515808"
"1259","0.931150496006012","0.931150496006012","0.931150496006012"
"1260","0.9249532222747803","0.9249532222747803","0.9249532222747803"
"1261","0.9277063608169556","0.9277063608169556","0.9277063608169556"
"1262","0.8836811184883118","0.8836811184883118","0.8836811184883118"
"1263","0.8837353587150574","0.8837353587150574","0.8837353587150574"
"1264","0.8516680002212524","0.8516680002212524","0.8516680002212524"
"1265","0.872349739074707","0.872349739074707","0.872349739074707"
"1266","0.8730486035346985","0.8730486035346985","0.8730486035346985"
"1267","0.8845572471618652","0.8845572471618652","0.8845572471618652"
"1268","0.9133286476135254","0.9133286476135254","0.9133286476135254"
"1269","0.9086889624595642","0.9086889624595642","0.9086889624595642"
"1270","0.9163323044776917","0.9163323044776917","0.9163323044776917"
"1271","0.8817762136459351","0.8817762136459351","0.8817762136459351"
"1272","0.8736408948898315","0.8736408948898315","0.8736408948898315"
"1273","0.869846522808075","0.869846522808075","0.869846522808075"
"1274","0.9021116495132446","0.9021116495132446","0.9021116495132446"
"1275","0.8698589205741882","0.8698589205741882","0.8698589205741882"
"1276","0.8981510400772095","0.8981510400772095","0.8981510400772095"
"1277","0.8834543228149414","0.8834543228149414","0.8834543228149414"
"1278","0.8980025053024292","0.8980025053024292","0.8980025053024292"
"1279","0.9018123149871826","0.9018123149871826","0.9018123149871826"
"1280","0.895667552947998","0.895667552947998","0.895667552947998"
"1281","0.902348518371582","0.902348518371582","0.902348518371582"
"1282","0.913047194480896","0.913047194480896","0.913047194480896"
"1284","0.9214955568313599","0.9214955568313599","0.9214955568313599"
"1285","0.9122065305709839","0.9122065305709839","0.9122065305709839"
"1286","0.8712815642356873","0.8712815642356873","0.8712815642356873"
"1287","0.8979175090789795","0.8979175090789795","0.8979175090789795"
"1288","0.8827744722366333","0.8827744722366333","0.8827744722366333"
"1289","0.9301531314849854","0.9301531314849854","0.9301531314849854"
"1290","0.8976558446884155","0.8976558446884155","0.8976558446884155"
"1291","0.8943297266960144","0.8943297266960144","0.8943297266960144"
"1292","0.9162194728851318","0.9162194728851318","0.9162194728851318"
"1293","0.9021398425102234","0.9021398425102234","0.9021398425102234"
"1294","0.8602416515350342","0.8602416515350342","0.8602416515350342"
"1295","0.848505437374115","0.848505437374115","0.848505437374115"
"1296","0.9109869599342346","0.9109869599342346","0.9109869599342346"
"1297","0.9205591678619385","0.9205591678619385","0.9205591678619385"
"1298","0.8191127181053162","0.8191127181053162","0.8191127181053162"
"1299","0.8782222270965576","0.8782222270965576","0.8782222270965576"
"1301","0.910171627998352","0.910171627998352","0.910171627998352"
"1302","0.8818815350532532","0.8818815350532532","0.8818815350532532"
"1303","0.9218611717224121","0.9218611717224121","0.9218611717224121"
"1304","0.8921396732330322","0.8921396732330322","0.8921396732330322"
"1305","0.8615076541900635","0.8615076541900635","0.8615076541900635"
"1306","0.886708676815033","0.886708676815033","0.886708676815033"
"1307","0.8891522884368896","0.8891522884368896","0.8891522884368896"
"1308","0.8720916509628296","0.8720916509628296","0.8720916509628296"
"1309","0.8469803929328918","0.8469803929328918","0.8469803929328918"
"1310","0.8464177250862122","0.8464177250862122","0.8464177250862122"
"1311","0.8544718623161316","0.8544718623161316","0.8544718623161316"
"1312","0.8747519850730896","0.8747519850730896","0.8747519850730896"
"1313","0.871282160282135","0.871282160282135","0.871282160282135"
"1314","0.9040594696998596","0.9040594696998596","0.9040594696998596"
"1315","0.864123523235321","0.864123523235321","0.864123523235321"
"1316","0.9247453212738037","0.9247453212738037","0.9247453212738037"
"1318","0.8585777282714844","0.8585777282714844","0.8585777282714844"
"1319","0.9010941982269287","0.9010941982269287","0.9010941982269287"
"1320","0.8771897554397583","0.8771897554397583","0.8771897554397583"
"1321","0.8847150802612305","0.8847150802612305","0.8847150802612305"
"1322","0.9265142679214478","0.9265142679214478","0.9265142679214478"
"1323","0.8819449543952942","0.8819449543952942","0.8819449543952942"
"1324","0.9190855026245117","0.9190855026245117","0.9190855026245117"
"1325","0.9081642031669617","0.9081642031669617","0.9081642031669617"
"1326","0.8734761476516724","0.8734761476516724","0.8734761476516724"
"1327","0.9209187030792236","0.9209187030792236","0.9209187030792236"
"1328","0.9203498363494873","0.9203498363494873","0.9203498363494873"
"1329","0.89582759141922","0.89582759141922","0.89582759141922"
"1330","0.8892179727554321","0.8892179727554321","0.8892179727554321"
"1331","0.8591582775115967","0.8591582775115967","0.8591582775115967"
"1332","0.8932546377182007","0.8932546377182007","0.8932546377182007"
"1333","0.8699239492416382","0.8699239492416382","0.8699239492416382"
"1334","0.9056259393692017","0.9056259393692017","0.9056259393692017"
"1335","0.8754620552062988","0.8754620552062988","0.8754620552062988"
"1336","0.9075857400894165","0.9075857400894165","0.9075857400894165"
"1337","0.8880560398101807","0.8880560398101807","0.8880560398101807"
"1338","0.8891208171844482","0.8891208171844482","0.8891208171844482"
"1339","0.8941302299499512","0.8941302299499512","0.8941302299499512"
"1340","0.8712056875228882","0.8712056875228882","0.8712056875228882"
"1341","0.8634210228919983","0.8634210228919983","0.8634210228919983"
"1342","0.882663369178772","0.882663369178772","0.882663369178772"
"1343","0.8960224390029907","0.8960224390029907","0.8960224390029907"
"1344","0.8346209526062012","0.8346209526062012","0.8346209526062012"
"1345","0.8953649997711182","0.8953649997711182","0.8953649997711182"
"1346","0.8886674642562866","0.8886674642562866","0.8886674642562866"
"1347","0.854803204536438","0.854803204536438","0.854803204536438"
"1348","0.8822765350341797","0.8822765350341797","0.8822765350341797"
"1349","0.8662338256835938","0.8662338256835938","0.8662338256835938"
"1351","0.9107966423034668","0.9107966423034668","0.9107966423034668"
"1352","0.8434000015258789","0.8434000015258789","0.8434000015258789"
"1353","0.892583966255188","0.892583966255188","0.892583966255188"
"1354","0.9176072478294373","0.9176072478294373","0.9176072478294373"
"1355","0.8650127649307251","0.8650127649307251","0.8650127649307251"