"Step","pleasant-mountain-202 - test/psnr_scat","pleasant-mountain-202 - test/psnr_scat__MIN","pleasant-mountain-202 - test/psnr_scat__MAX"
"1","34.70469665527344","34.70469665527344","34.70469665527344"
"2","40.073062896728516","40.073062896728516","40.073062896728516"
"3","47.764739990234375","47.764739990234375","47.764739990234375"
"4","38.651187896728516","38.651187896728516","38.651187896728516"
"5","36.009464263916016","36.009464263916016","36.009464263916016"
"6","36.67546081542969","36.67546081542969","36.67546081542969"
"7","35.396820068359375","35.396820068359375","35.396820068359375"
"8","28.20159339904785","28.20159339904785","28.20159339904785"
"9","36.50897216796875","36.50897216796875","36.50897216796875"
"10","37.88330078125","37.88330078125","37.88330078125"
"11","33.49988555908203","33.49988555908203","33.49988555908203"
"12","41.21357727050781","41.21357727050781","41.21357727050781"
"13","38.48942184448242","38.48942184448242","38.48942184448242"
"14","38.215614318847656","38.215614318847656","38.215614318847656"
"15","31.95071792602539","31.95071792602539","31.95071792602539"
"16","24.006208419799805","24.006208419799805","24.006208419799805"
"18","35.83443069458008","35.83443069458008","35.83443069458008"
"19","39.48042678833008","39.48042678833008","39.48042678833008"
"20","33.93672180175781","33.93672180175781","33.93672180175781"
"21","35.62982940673828","35.62982940673828","35.62982940673828"
"22","32.030609130859375","32.030609130859375","32.030609130859375"
"23","31.038179397583008","31.038179397583008","31.038179397583008"
"24","41.55804443359375","41.55804443359375","41.55804443359375"
"25","36.45408248901367","36.45408248901367","36.45408248901367"
"26","37.17083740234375","37.17083740234375","37.17083740234375"
"27","32.691612243652344","32.691612243652344","32.691612243652344"
"28","41.473777770996094","41.473777770996094","41.473777770996094"
"29","29.010107040405273","29.010107040405273","29.010107040405273"
"30","30.51805877685547","30.51805877685547","30.51805877685547"
"31","28.907855987548828","28.907855987548828","28.907855987548828"
"32","31.715932846069336","31.715932846069336","31.715932846069336"
"33","31.951030731201172","31.951030731201172","31.951030731201172"
"34","39.19217300415039","39.19217300415039","39.19217300415039"
"35","38.30649185180664","38.30649185180664","38.30649185180664"
"36","28.24431037902832","28.24431037902832","28.24431037902832"
"37","38.2632942199707","38.2632942199707","38.2632942199707"
"38","38.58694839477539","38.58694839477539","38.58694839477539"
"39","39.93783187866211","39.93783187866211","39.93783187866211"
"40","37.245670318603516","37.245670318603516","37.245670318603516"
"41","37.21118927001953","37.21118927001953","37.21118927001953"
"42","35.92253112792969","35.92253112792969","35.92253112792969"
"43","33.548519134521484","33.548519134521484","33.548519134521484"
"44","36.82814025878906","36.82814025878906","36.82814025878906"
"45","33.83918380737305","33.83918380737305","33.83918380737305"
"46","44.13388442993164","44.13388442993164","44.13388442993164"
"47","47.762550354003906","47.762550354003906","47.762550354003906"
"48","34.15758514404297","34.15758514404297","34.15758514404297"
"49","47.69982147216797","47.69982147216797","47.69982147216797"
"51","38.50072479248047","38.50072479248047","38.50072479248047"
"52","33.023902893066406","33.023902893066406","33.023902893066406"
"53","37.74750900268555","37.74750900268555","37.74750900268555"
"54","38.264190673828125","38.264190673828125","38.264190673828125"
"55","37.45808029174805","37.45808029174805","37.45808029174805"
"56","36.02943420410156","36.02943420410156","36.02943420410156"
"57","45.40825653076172","45.40825653076172","45.40825653076172"
"58","36.799903869628906","36.799903869628906","36.799903869628906"
"59","36.559486389160156","36.559486389160156","36.559486389160156"
"60","32.67469787597656","32.67469787597656","32.67469787597656"
"61","36.34442138671875","36.34442138671875","36.34442138671875"
"62","28.849712371826172","28.849712371826172","28.849712371826172"
"63","32.36482620239258","32.36482620239258","32.36482620239258"
"64","47.543514251708984","47.543514251708984","47.543514251708984"
"65","43.59425735473633","43.59425735473633","43.59425735473633"
"66","32.93301773071289","32.93301773071289","32.93301773071289"
"67","40.08517074584961","40.08517074584961","40.08517074584961"
"68","35.46001434326172","35.46001434326172","35.46001434326172"
"69","38.805580139160156","38.805580139160156","38.805580139160156"
"70","38.08417892456055","38.08417892456055","38.08417892456055"
"71","37.433048248291016","37.433048248291016","37.433048248291016"
"72","38.54740524291992","38.54740524291992","38.54740524291992"
"73","33.292449951171875","33.292449951171875","33.292449951171875"
"74","47.091800689697266","47.091800689697266","47.091800689697266"
"75","37.70102310180664","37.70102310180664","37.70102310180664"
"76","36.019874572753906","36.019874572753906","36.019874572753906"
"77","40.83104705810547","40.83104705810547","40.83104705810547"
"78","44.022247314453125","44.022247314453125","44.022247314453125"
"79","38.65549850463867","38.65549850463867","38.65549850463867"
"80","26.037311553955078","26.037311553955078","26.037311553955078"
"81","37.992374420166016","37.992374420166016","37.992374420166016"
"82","38.64044189453125","38.64044189453125","38.64044189453125"
"84","37.76947784423828","37.76947784423828","37.76947784423828"
"85","38.08693313598633","38.08693313598633","38.08693313598633"
"86","28.431053161621094","28.431053161621094","28.431053161621094"
"87","38.3698844909668","38.3698844909668","38.3698844909668"
"88","32.403228759765625","32.403228759765625","32.403228759765625"
"89","37.65353012084961","37.65353012084961","37.65353012084961"
"90","37.14118957519531","37.14118957519531","37.14118957519531"
"91","35.95859146118164","35.95859146118164","35.95859146118164"
"92","36.87782669067383","36.87782669067383","36.87782669067383"
"93","35.879661560058594","35.879661560058594","35.879661560058594"
"94","33.45433807373047","33.45433807373047","33.45433807373047"
"95","39.346797943115234","39.346797943115234","39.346797943115234"
"96","35.340946197509766","35.340946197509766","35.340946197509766"
"97","39.060394287109375","39.060394287109375","39.060394287109375"
"98","39.800594329833984","39.800594329833984","39.800594329833984"
"99","34.749290466308594","34.749290466308594","34.749290466308594"
"101","37.155906677246094","37.155906677246094","37.155906677246094"
"102","38.186073303222656","38.186073303222656","38.186073303222656"
"103","37.91818618774414","37.91818618774414","37.91818618774414"
"104","39.817562103271484","39.817562103271484","39.817562103271484"
"105","39.58789825439453","39.58789825439453","39.58789825439453"
"106","34.63135528564453","34.63135528564453","34.63135528564453"
"107","35.725772857666016","35.725772857666016","35.725772857666016"
"108","36.82149124145508","36.82149124145508","36.82149124145508"
"109","28.11791229248047","28.11791229248047","28.11791229248047"
"110","31.390485763549805","31.390485763549805","31.390485763549805"
"111","36.983062744140625","36.983062744140625","36.983062744140625"
"112","47.29585266113281","47.29585266113281","47.29585266113281"
"113","29.792890548706055","29.792890548706055","29.792890548706055"
"114","38.781402587890625","38.781402587890625","38.781402587890625"
"115","26.165407180786133","26.165407180786133","26.165407180786133"
"116","34.802425384521484","34.802425384521484","34.802425384521484"
"118","34.723331451416016","34.723331451416016","34.723331451416016"
"119","38.86437225341797","38.86437225341797","38.86437225341797"
"120","32.93842315673828","32.93842315673828","32.93842315673828"
"121","37.29441452026367","37.29441452026367","37.29441452026367"
"122","45.684391021728516","45.684391021728516","45.684391021728516"
"123","37.633968353271484","37.633968353271484","37.633968353271484"
"124","37.20553970336914","37.20553970336914","37.20553970336914"
"125","30.01444435119629","30.01444435119629","30.01444435119629"
"126","34.65824508666992","34.65824508666992","34.65824508666992"
"127","24.65892791748047","24.65892791748047","24.65892791748047"
"128","29.027952194213867","29.027952194213867","29.027952194213867"
"129","31.53697967529297","31.53697967529297","31.53697967529297"
"130","37.345916748046875","37.345916748046875","37.345916748046875"
"131","34.09782409667969","34.09782409667969","34.09782409667969"
"132","33.834381103515625","33.834381103515625","33.834381103515625"
"133","42.58933639526367","42.58933639526367","42.58933639526367"
"134","40.78129196166992","40.78129196166992","40.78129196166992"
"135","36.29627990722656","36.29627990722656","36.29627990722656"
"136","37.41085433959961","37.41085433959961","37.41085433959961"
"137","36.97607421875","36.97607421875","36.97607421875"
"138","31.047718048095703","31.047718048095703","31.047718048095703"
"139","34.169193267822266","34.169193267822266","34.169193267822266"
"140","44.55162811279297","44.55162811279297","44.55162811279297"
"141","45.997344970703125","45.997344970703125","45.997344970703125"
"142","39.92934036254883","39.92934036254883","39.92934036254883"
"143","39.60212707519531","39.60212707519531","39.60212707519531"
"144","38.190101623535156","38.190101623535156","38.190101623535156"
"145","29.363113403320312","29.363113403320312","29.363113403320312"
"146","36.868309020996094","36.868309020996094","36.868309020996094"
"147","42.845149993896484","42.845149993896484","42.845149993896484"
"148","28.021543502807617","28.021543502807617","28.021543502807617"
"149","39.355159759521484","39.355159759521484","39.355159759521484"
"151","37.05207824707031","37.05207824707031","37.05207824707031"
"152","31.692174911499023","31.692174911499023","31.692174911499023"
"153","37.475547790527344","37.475547790527344","37.475547790527344"
"154","36.627471923828125","36.627471923828125","36.627471923828125"
"155","42.41471481323242","42.41471481323242","42.41471481323242"
"156","27.97926139831543","27.97926139831543","27.97926139831543"
"157","40.704776763916016","40.704776763916016","40.704776763916016"
"158","37.76205825805664","37.76205825805664","37.76205825805664"
"159","37.28277587890625","37.28277587890625","37.28277587890625"
"160","34.26978302001953","34.26978302001953","34.26978302001953"
"161","28.634323120117188","28.634323120117188","28.634323120117188"
"162","31.681377410888672","31.681377410888672","31.681377410888672"
"163","36.7086067199707","36.7086067199707","36.7086067199707"
"164","33.51058578491211","33.51058578491211","33.51058578491211"
"165","32.810062408447266","32.810062408447266","32.810062408447266"
"166","33.27797317504883","33.27797317504883","33.27797317504883"
"167","47.750606536865234","47.750606536865234","47.750606536865234"
"168","37.17111587524414","37.17111587524414","37.17111587524414"
"169","34.46269989013672","34.46269989013672","34.46269989013672"
"170","34.35964584350586","34.35964584350586","34.35964584350586"
"171","38.65349197387695","38.65349197387695","38.65349197387695"
"172","26.57474708557129","26.57474708557129","26.57474708557129"
"173","36.56917953491211","36.56917953491211","36.56917953491211"
"174","33.499874114990234","33.499874114990234","33.499874114990234"
"175","39.95410919189453","39.95410919189453","39.95410919189453"
"176","38.49942398071289","38.49942398071289","38.49942398071289"
"177","38.92433166503906","38.92433166503906","38.92433166503906"
"178","36.46556091308594","36.46556091308594","36.46556091308594"
"179","39.21867370605469","39.21867370605469","39.21867370605469"
"180","38.22141647338867","38.22141647338867","38.22141647338867"
"181","27.615821838378906","27.615821838378906","27.615821838378906"
"182","46.1049919128418","46.1049919128418","46.1049919128418"
"184","37.86897659301758","37.86897659301758","37.86897659301758"
"185","34.953975677490234","34.953975677490234","34.953975677490234"
"186","36.888282775878906","36.888282775878906","36.888282775878906"
"187","24.200777053833008","24.200777053833008","24.200777053833008"
"188","37.69447326660156","37.69447326660156","37.69447326660156"
"189","33.05060958862305","33.05060958862305","33.05060958862305"
"190","34.01252746582031","34.01252746582031","34.01252746582031"
"191","41.03032684326172","41.03032684326172","41.03032684326172"
"192","28.168745040893555","28.168745040893555","28.168745040893555"
"193","36.524940490722656","36.524940490722656","36.524940490722656"
"194","42.52390670776367","42.52390670776367","42.52390670776367"
"195","37.43894577026367","37.43894577026367","37.43894577026367"
"196","37.618431091308594","37.618431091308594","37.618431091308594"
"197","31.721559524536133","31.721559524536133","31.721559524536133"
"198","28.109004974365234","28.109004974365234","28.109004974365234"
"199","38.51899337768555","38.51899337768555","38.51899337768555"
"201","30.771360397338867","30.771360397338867","30.771360397338867"
"202","32.95420455932617","32.95420455932617","32.95420455932617"
"203","38.14146041870117","38.14146041870117","38.14146041870117"
"204","37.41775894165039","37.41775894165039","37.41775894165039"
"205","31.91594696044922","31.91594696044922","31.91594696044922"
"206","38.04955291748047","38.04955291748047","38.04955291748047"
"207","38.421241760253906","38.421241760253906","38.421241760253906"
"208","39.79865646362305","39.79865646362305","39.79865646362305"
"209","39.30477523803711","39.30477523803711","39.30477523803711"
"210","40.9216423034668","40.9216423034668","40.9216423034668"
"211","33.99345779418945","33.99345779418945","33.99345779418945"
"212","36.92424011230469","36.92424011230469","36.92424011230469"
"213","34.65618896484375","34.65618896484375","34.65618896484375"
"214","34.54161834716797","34.54161834716797","34.54161834716797"
"215","32.60009765625","32.60009765625","32.60009765625"
"216","35.8822021484375","35.8822021484375","35.8822021484375"
"218","40.34395217895508","40.34395217895508","40.34395217895508"
"219","37.65621566772461","37.65621566772461","37.65621566772461"
"220","38.17636489868164","38.17636489868164","38.17636489868164"
"221","35.733238220214844","35.733238220214844","35.733238220214844"
"222","39.09750747680664","39.09750747680664","39.09750747680664"
"223","37.92732620239258","37.92732620239258","37.92732620239258"
"224","40.32592010498047","40.32592010498047","40.32592010498047"
"225","29.96792984008789","29.96792984008789","29.96792984008789"
"226","37.60179138183594","37.60179138183594","37.60179138183594"
"227","36.299259185791016","36.299259185791016","36.299259185791016"
"228","34.83696365356445","34.83696365356445","34.83696365356445"
"229","33.44475555419922","33.44475555419922","33.44475555419922"
"230","44.67710494995117","44.67710494995117","44.67710494995117"
"231","32.93541717529297","32.93541717529297","32.93541717529297"
"232","37.56258010864258","37.56258010864258","37.56258010864258"
"233","32.345340728759766","32.345340728759766","32.345340728759766"
"234","43.6567268371582","43.6567268371582","43.6567268371582"
"235","31.60095977783203","31.60095977783203","31.60095977783203"
"236","37.68999481201172","37.68999481201172","37.68999481201172"
"237","29.446765899658203","29.446765899658203","29.446765899658203"
"238","37.88755798339844","37.88755798339844","37.88755798339844"
"239","36.90386199951172","36.90386199951172","36.90386199951172"
"240","37.24213790893555","37.24213790893555","37.24213790893555"
"241","38.6066780090332","38.6066780090332","38.6066780090332"
"242","45.06315231323242","45.06315231323242","45.06315231323242"
"243","43.58258056640625","43.58258056640625","43.58258056640625"
"244","37.964630126953125","37.964630126953125","37.964630126953125"
"245","37.66871643066406","37.66871643066406","37.66871643066406"
"246","31.045612335205078","31.045612335205078","31.045612335205078"
"247","39.51226806640625","39.51226806640625","39.51226806640625"
"248","36.81020736694336","36.81020736694336","36.81020736694336"
"249","37.284393310546875","37.284393310546875","37.284393310546875"
"251","38.68173599243164","38.68173599243164","38.68173599243164"
"252","41.18674087524414","41.18674087524414","41.18674087524414"
"253","40.428951263427734","40.428951263427734","40.428951263427734"
"254","29.839433670043945","29.839433670043945","29.839433670043945"
"255","37.5305061340332","37.5305061340332","37.5305061340332"
"256","36.484134674072266","36.484134674072266","36.484134674072266"
"257","32.098018646240234","32.098018646240234","32.098018646240234"
"258","38.72932052612305","38.72932052612305","38.72932052612305"
"259","38.30091094970703","38.30091094970703","38.30091094970703"
"260","29.2144718170166","29.2144718170166","29.2144718170166"
"261","37.22020721435547","37.22020721435547","37.22020721435547"
"262","32.531497955322266","32.531497955322266","32.531497955322266"
"263","35.717342376708984","35.717342376708984","35.717342376708984"
"264","33.024574279785156","33.024574279785156","33.024574279785156"
"265","42.516502380371094","42.516502380371094","42.516502380371094"
"266","38.06372833251953","38.06372833251953","38.06372833251953"
"267","30.56492042541504","30.56492042541504","30.56492042541504"
"268","34.87660598754883","34.87660598754883","34.87660598754883"
"269","38.44547653198242","38.44547653198242","38.44547653198242"
"270","35.16436004638672","35.16436004638672","35.16436004638672"
"271","38.20538330078125","38.20538330078125","38.20538330078125"
"272","38.53893280029297","38.53893280029297","38.53893280029297"
"273","33.760677337646484","33.760677337646484","33.760677337646484"
"274","29.16358757019043","29.16358757019043","29.16358757019043"
"275","36.23912811279297","36.23912811279297","36.23912811279297"
"276","37.15299606323242","37.15299606323242","37.15299606323242"
"277","41.14231872558594","41.14231872558594","41.14231872558594"
"278","25.870471954345703","25.870471954345703","25.870471954345703"
"279","38.836849212646484","38.836849212646484","38.836849212646484"
"280","32.21493148803711","32.21493148803711","32.21493148803711"
"281","39.46626663208008","39.46626663208008","39.46626663208008"
"282","35.897151947021484","35.897151947021484","35.897151947021484"
"284","36.95314025878906","36.95314025878906","36.95314025878906"
"285","33.29277801513672","33.29277801513672","33.29277801513672"
"286","45.05436706542969","45.05436706542969","45.05436706542969"
"287","37.52907180786133","37.52907180786133","37.52907180786133"
"288","35.30974578857422","35.30974578857422","35.30974578857422"
"289","36.04842758178711","36.04842758178711","36.04842758178711"
"290","31.12049102783203","31.12049102783203","31.12049102783203"
"291","36.16749572753906","36.16749572753906","36.16749572753906"
"292","38.890464782714844","38.890464782714844","38.890464782714844"
"293","36.74866485595703","36.74866485595703","36.74866485595703"
"294","35.99066162109375","35.99066162109375","35.99066162109375"
"295","36.19687271118164","36.19687271118164","36.19687271118164"
"296","35.81343078613281","35.81343078613281","35.81343078613281"
"297","37.647830963134766","37.647830963134766","37.647830963134766"
"298","37.43069839477539","37.43069839477539","37.43069839477539"
"299","34.78331756591797","34.78331756591797","34.78331756591797"
"301","37.990760803222656","37.990760803222656","37.990760803222656"
"302","32.96475601196289","32.96475601196289","32.96475601196289"
"303","38.06331253051758","38.06331253051758","38.06331253051758"
"304","33.15641403198242","33.15641403198242","33.15641403198242"
"305","36.81307601928711","36.81307601928711","36.81307601928711"
"306","39.308937072753906","39.308937072753906","39.308937072753906"
"307","33.369163513183594","33.369163513183594","33.369163513183594"
"308","38.72554397583008","38.72554397583008","38.72554397583008"
"309","36.65598678588867","36.65598678588867","36.65598678588867"
"310","40.261680603027344","40.261680603027344","40.261680603027344"
"311","30.755294799804688","30.755294799804688","30.755294799804688"
"312","39.76725769042969","39.76725769042969","39.76725769042969"
"313","34.49560546875","34.49560546875","34.49560546875"
"314","33.2817497253418","33.2817497253418","33.2817497253418"
"315","36.099456787109375","36.099456787109375","36.099456787109375"
"316","39.027530670166016","39.027530670166016","39.027530670166016"
"318","35.87057876586914","35.87057876586914","35.87057876586914"
"319","37.10740661621094","37.10740661621094","37.10740661621094"
"320","28.48824119567871","28.48824119567871","28.48824119567871"
"321","41.24006652832031","41.24006652832031","41.24006652832031"
"322","39.48428726196289","39.48428726196289","39.48428726196289"
"323","31.984785079956055","31.984785079956055","31.984785079956055"
"324","37.48127746582031","37.48127746582031","37.48127746582031"
"325","35.87381362915039","35.87381362915039","35.87381362915039"
"326","46.332454681396484","46.332454681396484","46.332454681396484"
"327","38.68853759765625","38.68853759765625","38.68853759765625"
"328","40.27043533325195","40.27043533325195","40.27043533325195"
"329","36.11637878417969","36.11637878417969","36.11637878417969"
"330","38.566131591796875","38.566131591796875","38.566131591796875"
"331","38.12305450439453","38.12305450439453","38.12305450439453"
"332","30.295490264892578","30.295490264892578","30.295490264892578"
"333","34.66086959838867","34.66086959838867","34.66086959838867"
"334","38.70634460449219","38.70634460449219","38.70634460449219"
"335","33.99735641479492","33.99735641479492","33.99735641479492"
"336","35.15768814086914","35.15768814086914","35.15768814086914"
"337","37.06835174560547","37.06835174560547","37.06835174560547"
"338","45.574684143066406","45.574684143066406","45.574684143066406"
"339","37.02155685424805","37.02155685424805","37.02155685424805"
"340","38.810142517089844","38.810142517089844","38.810142517089844"
"341","34.0934944152832","34.0934944152832","34.0934944152832"
"342","37.775184631347656","37.775184631347656","37.775184631347656"
"343","31.998262405395508","31.998262405395508","31.998262405395508"
"344","31.365034103393555","31.365034103393555","31.365034103393555"
"345","38.61029815673828","38.61029815673828","38.61029815673828"
"346","34.47886276245117","34.47886276245117","34.47886276245117"
"347","38.11957550048828","38.11957550048828","38.11957550048828"
"348","40.388954162597656","40.388954162597656","40.388954162597656"
"349","34.90004348754883","34.90004348754883","34.90004348754883"
"351","33.49076843261719","33.49076843261719","33.49076843261719"
"352","27.73238754272461","27.73238754272461","27.73238754272461"
"353","36.3760986328125","36.3760986328125","36.3760986328125"
"354","39.289005279541016","39.289005279541016","39.289005279541016"
"355","42.15644836425781","42.15644836425781","42.15644836425781"
"356","42.3403434753418","42.3403434753418","42.3403434753418"
"357","38.6978759765625","38.6978759765625","38.6978759765625"
"358","34.10081481933594","34.10081481933594","34.10081481933594"
"359","28.847740173339844","28.847740173339844","28.847740173339844"
"360","34.18129348754883","34.18129348754883","34.18129348754883"
"361","36.39646911621094","36.39646911621094","36.39646911621094"
"362","31.270849227905273","31.270849227905273","31.270849227905273"
"363","37.903507232666016","37.903507232666016","37.903507232666016"
"364","39.32461929321289","39.32461929321289","39.32461929321289"
"365","38.8975830078125","38.8975830078125","38.8975830078125"
"366","36.90681457519531","36.90681457519531","36.90681457519531"
"367","37.32047653198242","37.32047653198242","37.32047653198242"
"368","33.1859016418457","33.1859016418457","33.1859016418457"
"369","31.37789535522461","31.37789535522461","31.37789535522461"
"370","35.45833206176758","35.45833206176758","35.45833206176758"
"371","38.163917541503906","38.163917541503906","38.163917541503906"
"372","36.187156677246094","36.187156677246094","36.187156677246094"
"373","38.51347351074219","38.51347351074219","38.51347351074219"
"374","34.2655029296875","34.2655029296875","34.2655029296875"
"375","30.597997665405273","30.597997665405273","30.597997665405273"
"376","43.87046813964844","43.87046813964844","43.87046813964844"
"377","36.22318649291992","36.22318649291992","36.22318649291992"
"378","32.425010681152344","32.425010681152344","32.425010681152344"
"379","46.4458122253418","46.4458122253418","46.4458122253418"
"380","28.915372848510742","28.915372848510742","28.915372848510742"
"381","38.347618103027344","38.347618103027344","38.347618103027344"
"382","39.928306579589844","39.928306579589844","39.928306579589844"
"384","41.75248336791992","41.75248336791992","41.75248336791992"
"385","43.97644805908203","43.97644805908203","43.97644805908203"
"386","28.642187118530273","28.642187118530273","28.642187118530273"
"387","42.45676803588867","42.45676803588867","42.45676803588867"
"388","37.20023727416992","37.20023727416992","37.20023727416992"
"389","36.39813232421875","36.39813232421875","36.39813232421875"
"390","28.897747039794922","28.897747039794922","28.897747039794922"
"391","32.705421447753906","32.705421447753906","32.705421447753906"
"392","29.56262969970703","29.56262969970703","29.56262969970703"
"393","32.264854431152344","32.264854431152344","32.264854431152344"
"394","27.83323097229004","27.83323097229004","27.83323097229004"
"395","43.12425994873047","43.12425994873047","43.12425994873047"
"396","46.068172454833984","46.068172454833984","46.068172454833984"
"397","37.48130798339844","37.48130798339844","37.48130798339844"
"398","38.446678161621094","38.446678161621094","38.446678161621094"
"399","35.802223205566406","35.802223205566406","35.802223205566406"
"401","36.543434143066406","36.543434143066406","36.543434143066406"
"402","36.59682083129883","36.59682083129883","36.59682083129883"
"403","38.2653694152832","38.2653694152832","38.2653694152832"
"404","34.486488342285156","34.486488342285156","34.486488342285156"
"405","37.75883483886719","37.75883483886719","37.75883483886719"
"406","36.78458023071289","36.78458023071289","36.78458023071289"
"407","45.14220428466797","45.14220428466797","45.14220428466797"
"408","38.82659912109375","38.82659912109375","38.82659912109375"
"409","35.98056411743164","35.98056411743164","35.98056411743164"
"410","38.27195739746094","38.27195739746094","38.27195739746094"
"411","33.315425872802734","33.315425872802734","33.315425872802734"
"412","37.901817321777344","37.901817321777344","37.901817321777344"
"413","37.4295768737793","37.4295768737793","37.4295768737793"
"414","33.9529914855957","33.9529914855957","33.9529914855957"
"415","39.425052642822266","39.425052642822266","39.425052642822266"
"416","41.932403564453125","41.932403564453125","41.932403564453125"
"418","39.741859436035156","39.741859436035156","39.741859436035156"
"419","37.15470886230469","37.15470886230469","37.15470886230469"
"420","35.8327522277832","35.8327522277832","35.8327522277832"
"421","36.200199127197266","36.200199127197266","36.200199127197266"
"422","37.99009704589844","37.99009704589844","37.99009704589844"
"423","33.6733283996582","33.6733283996582","33.6733283996582"
"424","37.08135986328125","37.08135986328125","37.08135986328125"
"425","29.699968338012695","29.699968338012695","29.699968338012695"
"426","30.993534088134766","30.993534088134766","30.993534088134766"
"427","38.60002899169922","38.60002899169922","38.60002899169922"
"428","41.29429626464844","41.29429626464844","41.29429626464844"
"429","29.401878356933594","29.401878356933594","29.401878356933594"
"430","45.833290100097656","45.833290100097656","45.833290100097656"
"431","39.184810638427734","39.184810638427734","39.184810638427734"
"432","45.98109817504883","45.98109817504883","45.98109817504883"
"433","43.294063568115234","43.294063568115234","43.294063568115234"
"434","36.02785110473633","36.02785110473633","36.02785110473633"
"435","34.5918083190918","34.5918083190918","34.5918083190918"
"436","37.295005798339844","37.295005798339844","37.295005798339844"
"437","39.10047149658203","39.10047149658203","39.10047149658203"
"438","35.904747009277344","35.904747009277344","35.904747009277344"
"439","32.300384521484375","32.300384521484375","32.300384521484375"
"440","38.12883758544922","38.12883758544922","38.12883758544922"
"441","37.939327239990234","37.939327239990234","37.939327239990234"
"442","38.509700775146484","38.509700775146484","38.509700775146484"
"443","37.375370025634766","37.375370025634766","37.375370025634766"
"444","37.745941162109375","37.745941162109375","37.745941162109375"
"445","38.58716583251953","38.58716583251953","38.58716583251953"
"446","36.09993362426758","36.09993362426758","36.09993362426758"
"447","37.151878356933594","37.151878356933594","37.151878356933594"
"448","41.189334869384766","41.189334869384766","41.189334869384766"
"449","39.127967834472656","39.127967834472656","39.127967834472656"
"451","36.74412536621094","36.74412536621094","36.74412536621094"
"452","35.80015563964844","35.80015563964844","35.80015563964844"
"453","42.87873077392578","42.87873077392578","42.87873077392578"
"454","32.1736946105957","32.1736946105957","32.1736946105957"
"455","38.11093521118164","38.11093521118164","38.11093521118164"
"456","40.19927978515625","40.19927978515625","40.19927978515625"
"457","41.84672927856445","41.84672927856445","41.84672927856445"
"458","43.50786209106445","43.50786209106445","43.50786209106445"
"459","31.823198318481445","31.823198318481445","31.823198318481445"
"460","32.55977249145508","32.55977249145508","32.55977249145508"
"461","38.2148551940918","38.2148551940918","38.2148551940918"
"462","34.99204635620117","34.99204635620117","34.99204635620117"
"463","35.30248260498047","35.30248260498047","35.30248260498047"
"464","41.05177688598633","41.05177688598633","41.05177688598633"
"465","38.21607208251953","38.21607208251953","38.21607208251953"
"466","28.485597610473633","28.485597610473633","28.485597610473633"
"467","31.489866256713867","31.489866256713867","31.489866256713867"
"468","37.263916015625","37.263916015625","37.263916015625"
"469","34.77336502075195","34.77336502075195","34.77336502075195"
"470","36.36754608154297","36.36754608154297","36.36754608154297"
"471","36.13067626953125","36.13067626953125","36.13067626953125"
"472","32.23821258544922","32.23821258544922","32.23821258544922"
"473","33.480655670166016","33.480655670166016","33.480655670166016"
"474","36.676204681396484","36.676204681396484","36.676204681396484"
"475","41.31770324707031","41.31770324707031","41.31770324707031"
"476","29.229305267333984","29.229305267333984","29.229305267333984"
"477","36.782352447509766","36.782352447509766","36.782352447509766"
"478","32.10480499267578","32.10480499267578","32.10480499267578"
"479","43.73739242553711","43.73739242553711","43.73739242553711"
"480","40.80559539794922","40.80559539794922","40.80559539794922"
"481","34.414058685302734","34.414058685302734","34.414058685302734"
"482","40.24089813232422","40.24089813232422","40.24089813232422"
"484","45.53864288330078","45.53864288330078","45.53864288330078"
"485","36.380882263183594","36.380882263183594","36.380882263183594"
"486","30.957134246826172","30.957134246826172","30.957134246826172"
"487","46.01942443847656","46.01942443847656","46.01942443847656"
"488","43.259857177734375","43.259857177734375","43.259857177734375"
"489","32.55267333984375","32.55267333984375","32.55267333984375"
"490","37.09891891479492","37.09891891479492","37.09891891479492"
"491","38.80261993408203","38.80261993408203","38.80261993408203"
"492","30.107784271240234","30.107784271240234","30.107784271240234"
"493","35.735374450683594","35.735374450683594","35.735374450683594"
"494","37.24248504638672","37.24248504638672","37.24248504638672"
"495","31.86700439453125","31.86700439453125","31.86700439453125"
"496","30.404125213623047","30.404125213623047","30.404125213623047"
"497","41.408836364746094","41.408836364746094","41.408836364746094"
"498","33.304039001464844","33.304039001464844","33.304039001464844"
"499","38.24415588378906","38.24415588378906","38.24415588378906"
"501","39.82522964477539","39.82522964477539","39.82522964477539"
"502","37.8560791015625","37.8560791015625","37.8560791015625"
"503","28.369836807250977","28.369836807250977","28.369836807250977"
"504","39.44521713256836","39.44521713256836","39.44521713256836"
"505","44.55745315551758","44.55745315551758","44.55745315551758"
"506","35.56110382080078","35.56110382080078","35.56110382080078"
"507","32.634464263916016","32.634464263916016","32.634464263916016"
"508","34.20861053466797","34.20861053466797","34.20861053466797"
"509","39.137996673583984","39.137996673583984","39.137996673583984"
"510","40.356346130371094","40.356346130371094","40.356346130371094"
"511","43.66092300415039","43.66092300415039","43.66092300415039"
"512","27.722259521484375","27.722259521484375","27.722259521484375"
"513","37.39787673950195","37.39787673950195","37.39787673950195"
"514","36.19220733642578","36.19220733642578","36.19220733642578"
"515","39.41934585571289","39.41934585571289","39.41934585571289"
"516","31.768144607543945","31.768144607543945","31.768144607543945"
"518","31.716053009033203","31.716053009033203","31.716053009033203"
"519","28.342105865478516","28.342105865478516","28.342105865478516"
"520","39.74221420288086","39.74221420288086","39.74221420288086"
"521","35.887733459472656","35.887733459472656","35.887733459472656"
"522","34.45611572265625","34.45611572265625","34.45611572265625"
"523","29.147705078125","29.147705078125","29.147705078125"
"524","33.234622955322266","33.234622955322266","33.234622955322266"
"525","34.99896240234375","34.99896240234375","34.99896240234375"
"526","35.56877517700195","35.56877517700195","35.56877517700195"
"527","35.8752555847168","35.8752555847168","35.8752555847168"
"528","33.606529235839844","33.606529235839844","33.606529235839844"
"529","38.39280319213867","38.39280319213867","38.39280319213867"
"530","38.22141647338867","38.22141647338867","38.22141647338867"
"531","36.880958557128906","36.880958557128906","36.880958557128906"
"532","38.286155700683594","38.286155700683594","38.286155700683594"
"533","36.69582748413086","36.69582748413086","36.69582748413086"
"534","38.563636779785156","38.563636779785156","38.563636779785156"
"535","40.90322494506836","40.90322494506836","40.90322494506836"
"536","33.877506256103516","33.877506256103516","33.877506256103516"
"537","32.7175407409668","32.7175407409668","32.7175407409668"
"538","31.451757431030273","31.451757431030273","31.451757431030273"
"539","38.275489807128906","38.275489807128906","38.275489807128906"
"540","37.6229133605957","37.6229133605957","37.6229133605957"
"541","42.48663330078125","42.48663330078125","42.48663330078125"
"542","38.564449310302734","38.564449310302734","38.564449310302734"
"543","31.352758407592773","31.352758407592773","31.352758407592773"
"544","38.25962829589844","38.25962829589844","38.25962829589844"
"545","37.71809768676758","37.71809768676758","37.71809768676758"
"546","45.347198486328125","45.347198486328125","45.347198486328125"
"547","28.23223304748535","28.23223304748535","28.23223304748535"
"548","44.8759651184082","44.8759651184082","44.8759651184082"
"549","45.58974838256836","45.58974838256836","45.58974838256836"
"551","34.33317947387695","34.33317947387695","34.33317947387695"
"552","37.27769470214844","37.27769470214844","37.27769470214844"
"553","37.69596862792969","37.69596862792969","37.69596862792969"
"554","36.57072448730469","36.57072448730469","36.57072448730469"
"555","32.07725143432617","32.07725143432617","32.07725143432617"
"556","33.48200607299805","33.48200607299805","33.48200607299805"
"557","38.48331069946289","38.48331069946289","38.48331069946289"
"558","37.574134826660156","37.574134826660156","37.574134826660156"
"559","30.594541549682617","30.594541549682617","30.594541549682617"
"560","47.6317138671875","47.6317138671875","47.6317138671875"
"561","36.681312561035156","36.681312561035156","36.681312561035156"
"562","37.10089111328125","37.10089111328125","37.10089111328125"
"563","36.33428955078125","36.33428955078125","36.33428955078125"
"564","35.04050827026367","35.04050827026367","35.04050827026367"
"565","37.794830322265625","37.794830322265625","37.794830322265625"
"566","34.85968780517578","34.85968780517578","34.85968780517578"
"567","36.743900299072266","36.743900299072266","36.743900299072266"
"568","46.324668884277344","46.324668884277344","46.324668884277344"
"569","39.01709747314453","39.01709747314453","39.01709747314453"
"570","29.84011459350586","29.84011459350586","29.84011459350586"
"571","45.652645111083984","45.652645111083984","45.652645111083984"
"572","38.753536224365234","38.753536224365234","38.753536224365234"
"573","35.395103454589844","35.395103454589844","35.395103454589844"
"574","35.30503463745117","35.30503463745117","35.30503463745117"
"575","39.54648208618164","39.54648208618164","39.54648208618164"
"576","37.0452880859375","37.0452880859375","37.0452880859375"
"577","29.94896697998047","29.94896697998047","29.94896697998047"
"578","36.44778060913086","36.44778060913086","36.44778060913086"
"579","34.02119064331055","34.02119064331055","34.02119064331055"
"580","30.682815551757812","30.682815551757812","30.682815551757812"
"581","36.757266998291016","36.757266998291016","36.757266998291016"
"582","39.80989074707031","39.80989074707031","39.80989074707031"
"584","31.546669006347656","31.546669006347656","31.546669006347656"
"585","31.05584716796875","31.05584716796875","31.05584716796875"
"586","36.299434661865234","36.299434661865234","36.299434661865234"
"587","37.70579528808594","37.70579528808594","37.70579528808594"
"588","28.419517517089844","28.419517517089844","28.419517517089844"
"589","29.56905746459961","29.56905746459961","29.56905746459961"
"590","42.92386245727539","42.92386245727539","42.92386245727539"
"591","36.38254928588867","36.38254928588867","36.38254928588867"
"592","33.273216247558594","33.273216247558594","33.273216247558594"
"593","38.36015319824219","38.36015319824219","38.36015319824219"
"594","38.314701080322266","38.314701080322266","38.314701080322266"
"595","36.34834289550781","36.34834289550781","36.34834289550781"
"596","32.19834518432617","32.19834518432617","32.19834518432617"
"597","37.080841064453125","37.080841064453125","37.080841064453125"
"598","26.001819610595703","26.001819610595703","26.001819610595703"
"599","30.18233299255371","30.18233299255371","30.18233299255371"
"601","43.762393951416016","43.762393951416016","43.762393951416016"
"602","38.04511642456055","38.04511642456055","38.04511642456055"
"603","38.01420974731445","38.01420974731445","38.01420974731445"
"604","34.99479675292969","34.99479675292969","34.99479675292969"
"605","43.37177276611328","43.37177276611328","43.37177276611328"
"606","33.787044525146484","33.787044525146484","33.787044525146484"
"607","28.38868522644043","28.38868522644043","28.38868522644043"
"608","37.10401916503906","37.10401916503906","37.10401916503906"
"609","40.0951042175293","40.0951042175293","40.0951042175293"
"610","37.294376373291016","37.294376373291016","37.294376373291016"
"611","47.66661834716797","47.66661834716797","47.66661834716797"
"612","35.92313003540039","35.92313003540039","35.92313003540039"
"613","36.92336654663086","36.92336654663086","36.92336654663086"
"614","37.99322509765625","37.99322509765625","37.99322509765625"
"615","38.600547790527344","38.600547790527344","38.600547790527344"
"616","37.16878128051758","37.16878128051758","37.16878128051758"
"618","46.88859558105469","46.88859558105469","46.88859558105469"
"619","36.89825439453125","36.89825439453125","36.89825439453125"
"620","28.95020866394043","28.95020866394043","28.95020866394043"
"621","31.85525131225586","31.85525131225586","31.85525131225586"
"622","38.67814254760742","38.67814254760742","38.67814254760742"
"623","40.50468444824219","40.50468444824219","40.50468444824219"
"624","38.17317199707031","38.17317199707031","38.17317199707031"
"625","39.45643615722656","39.45643615722656","39.45643615722656"
"626","28.73823356628418","28.73823356628418","28.73823356628418"
"627","42.53602600097656","42.53602600097656","42.53602600097656"
"628","32.180259704589844","32.180259704589844","32.180259704589844"
"629","39.13251495361328","39.13251495361328","39.13251495361328"
"630","35.408409118652344","35.408409118652344","35.408409118652344"
"631","36.95038604736328","36.95038604736328","36.95038604736328"
"632","34.651790618896484","34.651790618896484","34.651790618896484"
"633","36.3841438293457","36.3841438293457","36.3841438293457"
"634","27.16573143005371","27.16573143005371","27.16573143005371"
"635","35.23310852050781","35.23310852050781","35.23310852050781"
"636","30.163856506347656","30.163856506347656","30.163856506347656"
"637","30.588314056396484","30.588314056396484","30.588314056396484"
"638","39.080753326416016","39.080753326416016","39.080753326416016"
"639","38.864402770996094","38.864402770996094","38.864402770996094"
"640","29.666902542114258","29.666902542114258","29.666902542114258"
"641","35.114723205566406","35.114723205566406","35.114723205566406"
"642","33.109249114990234","33.109249114990234","33.109249114990234"
"643","33.298316955566406","33.298316955566406","33.298316955566406"
"644","34.60740280151367","34.60740280151367","34.60740280151367"
"645","38.116756439208984","38.116756439208984","38.116756439208984"
"646","36.53677749633789","36.53677749633789","36.53677749633789"
"647","30.376832962036133","30.376832962036133","30.376832962036133"
"648","37.29641342163086","37.29641342163086","37.29641342163086"
"649","41.65768051147461","41.65768051147461","41.65768051147461"
"651","45.08718490600586","45.08718490600586","45.08718490600586"
"652","38.081512451171875","38.081512451171875","38.081512451171875"
"653","37.24730682373047","37.24730682373047","37.24730682373047"
"654","37.70131301879883","37.70131301879883","37.70131301879883"
"655","38.61574935913086","38.61574935913086","38.61574935913086"
"656","37.19487762451172","37.19487762451172","37.19487762451172"
"657","37.536865234375","37.536865234375","37.536865234375"
"658","31.5856990814209","31.5856990814209","31.5856990814209"
"659","38.06879425048828","38.06879425048828","38.06879425048828"
"660","37.0452880859375","37.0452880859375","37.0452880859375"
"661","23.85647964477539","23.85647964477539","23.85647964477539"
"662","40.179527282714844","40.179527282714844","40.179527282714844"
"663","39.737308502197266","39.737308502197266","39.737308502197266"
"664","37.35418701171875","37.35418701171875","37.35418701171875"
"665","28.924739837646484","28.924739837646484","28.924739837646484"
"666","41.81912612915039","41.81912612915039","41.81912612915039"
"667","34.95016098022461","34.95016098022461","34.95016098022461"
"668","41.730613708496094","41.730613708496094","41.730613708496094"
"669","31.82777214050293","31.82777214050293","31.82777214050293"
"670","34.234249114990234","34.234249114990234","34.234249114990234"
"671","39.319854736328125","39.319854736328125","39.319854736328125"
"672","36.32928466796875","36.32928466796875","36.32928466796875"
"673","30.337858200073242","30.337858200073242","30.337858200073242"
"674","35.27322006225586","35.27322006225586","35.27322006225586"
"675","38.956905364990234","38.956905364990234","38.956905364990234"
"676","30.848125457763672","30.848125457763672","30.848125457763672"
"677","38.70515060424805","38.70515060424805","38.70515060424805"
"678","35.75630187988281","35.75630187988281","35.75630187988281"
"679","43.39433670043945","43.39433670043945","43.39433670043945"
"680","42.4393310546875","42.4393310546875","42.4393310546875"
"681","37.815921783447266","37.815921783447266","37.815921783447266"
"682","37.93507766723633","37.93507766723633","37.93507766723633"
"684","34.75518798828125","34.75518798828125","34.75518798828125"
"685","35.64677810668945","35.64677810668945","35.64677810668945"
"686","39.93461608886719","39.93461608886719","39.93461608886719"
"687","38.542781829833984","38.542781829833984","38.542781829833984"
"688","37.307369232177734","37.307369232177734","37.307369232177734"
"689","29.683616638183594","29.683616638183594","29.683616638183594"
"690","36.98299026489258","36.98299026489258","36.98299026489258"
"691","37.16704559326172","37.16704559326172","37.16704559326172"
"692","37.04366683959961","37.04366683959961","37.04366683959961"
"693","35.34587860107422","35.34587860107422","35.34587860107422"
"694","37.79201126098633","37.79201126098633","37.79201126098633"
"695","37.579193115234375","37.579193115234375","37.579193115234375"
"696","38.41859817504883","38.41859817504883","38.41859817504883"
"697","38.368980407714844","38.368980407714844","38.368980407714844"
"698","37.04829025268555","37.04829025268555","37.04829025268555"
"699","43.92870330810547","43.92870330810547","43.92870330810547"
"701","37.0639762878418","37.0639762878418","37.0639762878418"
"702","34.16342544555664","34.16342544555664","34.16342544555664"
"703","38.248077392578125","38.248077392578125","38.248077392578125"
"704","42.74906921386719","42.74906921386719","42.74906921386719"
"705","37.21376037597656","37.21376037597656","37.21376037597656"
"706","38.30430603027344","38.30430603027344","38.30430603027344"
"707","36.05744552612305","36.05744552612305","36.05744552612305"
"708","32.62190246582031","32.62190246582031","32.62190246582031"
"709","28.319759368896484","28.319759368896484","28.319759368896484"
"710","41.90242004394531","41.90242004394531","41.90242004394531"
"711","36.58101272583008","36.58101272583008","36.58101272583008"
"712","31.914827346801758","31.914827346801758","31.914827346801758"
"713","42.52654266357422","42.52654266357422","42.52654266357422"
"714","37.067848205566406","37.067848205566406","37.067848205566406"
"715","27.469036102294922","27.469036102294922","27.469036102294922"
"716","31.30300521850586","31.30300521850586","31.30300521850586"
"718","39.57498550415039","39.57498550415039","39.57498550415039"
"719","38.307003021240234","38.307003021240234","38.307003021240234"
"720","32.4361686706543","32.4361686706543","32.4361686706543"
"721","35.6151008605957","35.6151008605957","35.6151008605957"
"722","38.53062438964844","38.53062438964844","38.53062438964844"
"723","40.39234161376953","40.39234161376953","40.39234161376953"
"724","44.62699890136719","44.62699890136719","44.62699890136719"
"725","39.352378845214844","39.352378845214844","39.352378845214844"
"726","34.74165725708008","34.74165725708008","34.74165725708008"
"727","32.606300354003906","32.606300354003906","32.606300354003906"
"728","37.80752944946289","37.80752944946289","37.80752944946289"
"729","34.29246520996094","34.29246520996094","34.29246520996094"
"730","46.545806884765625","46.545806884765625","46.545806884765625"
"731","37.53818130493164","37.53818130493164","37.53818130493164"
"732","32.890079498291016","32.890079498291016","32.890079498291016"
"733","31.100706100463867","31.100706100463867","31.100706100463867"
"734","36.14578628540039","36.14578628540039","36.14578628540039"
"735","37.115234375","37.115234375","37.115234375"
"736","32.7762336730957","32.7762336730957","32.7762336730957"
"737","46.06856155395508","46.06856155395508","46.06856155395508"
"738","28.99327278137207","28.99327278137207","28.99327278137207"
"739","33.717838287353516","33.717838287353516","33.717838287353516"
"740","41.7736930847168","41.7736930847168","41.7736930847168"
"741","38.50484085083008","38.50484085083008","38.50484085083008"
"742","45.26805877685547","45.26805877685547","45.26805877685547"
"743","26.153459548950195","26.153459548950195","26.153459548950195"
"744","46.26629638671875","46.26629638671875","46.26629638671875"
"745","39.74678039550781","39.74678039550781","39.74678039550781"
"746","26.212907791137695","26.212907791137695","26.212907791137695"
"747","37.18942642211914","37.18942642211914","37.18942642211914"
"748","34.55240249633789","34.55240249633789","34.55240249633789"
"749","46.76925277709961","46.76925277709961","46.76925277709961"
"751","35.47967529296875","35.47967529296875","35.47967529296875"
"752","30.44994354248047","30.44994354248047","30.44994354248047"
"753","34.4405517578125","34.4405517578125","34.4405517578125"
"754","36.00779724121094","36.00779724121094","36.00779724121094"
"755","25.87932777404785","25.87932777404785","25.87932777404785"
"756","35.74100875854492","35.74100875854492","35.74100875854492"
"757","35.937862396240234","35.937862396240234","35.937862396240234"
"758","41.558441162109375","41.558441162109375","41.558441162109375"
"759","32.17109680175781","32.17109680175781","32.17109680175781"
"760","36.34843444824219","36.34843444824219","36.34843444824219"
"761","37.643619537353516","37.643619537353516","37.643619537353516"
"762","32.36836242675781","32.36836242675781","32.36836242675781"
"763","30.45041275024414","30.45041275024414","30.45041275024414"
"764","30.68917465209961","30.68917465209961","30.68917465209961"
"765","33.223243713378906","33.223243713378906","33.223243713378906"
"766","36.01183319091797","36.01183319091797","36.01183319091797"
"767","37.086509704589844","37.086509704589844","37.086509704589844"
"768","47.76420593261719","47.76420593261719","47.76420593261719"
"769","38.23617172241211","38.23617172241211","38.23617172241211"
"770","35.95138931274414","35.95138931274414","35.95138931274414"
"771","28.61088752746582","28.61088752746582","28.61088752746582"
"772","33.878902435302734","33.878902435302734","33.878902435302734"
"773","37.189308166503906","37.189308166503906","37.189308166503906"
"774","47.73872375488281","47.73872375488281","47.73872375488281"
"775","36.59150695800781","36.59150695800781","36.59150695800781"
"776","29.50836181640625","29.50836181640625","29.50836181640625"
"777","30.676599502563477","30.676599502563477","30.676599502563477"
"778","43.97199249267578","43.97199249267578","43.97199249267578"
"779","39.00114440917969","39.00114440917969","39.00114440917969"
"780","37.04874038696289","37.04874038696289","37.04874038696289"
"781","45.88869857788086","45.88869857788086","45.88869857788086"
"782","43.31980895996094","43.31980895996094","43.31980895996094"
"784","32.54146957397461","32.54146957397461","32.54146957397461"
"785","39.35295486450195","39.35295486450195","39.35295486450195"
"786","29.156558990478516","29.156558990478516","29.156558990478516"
"787","38.92799377441406","38.92799377441406","38.92799377441406"
"788","36.138824462890625","36.138824462890625","36.138824462890625"
"789","25.287935256958008","25.287935256958008","25.287935256958008"
"790","40.55727005004883","40.55727005004883","40.55727005004883"
"791","44.85895538330078","44.85895538330078","44.85895538330078"
"792","36.512325286865234","36.512325286865234","36.512325286865234"
"793","37.353023529052734","37.353023529052734","37.353023529052734"
"794","38.3868522644043","38.3868522644043","38.3868522644043"
"795","40.876983642578125","40.876983642578125","40.876983642578125"
"796","30.204160690307617","30.204160690307617","30.204160690307617"
"797","34.09495544433594","34.09495544433594","34.09495544433594"
"798","27.518991470336914","27.518991470336914","27.518991470336914"
"799","39.95928192138672","39.95928192138672","39.95928192138672"
"801","39.41648864746094","39.41648864746094","39.41648864746094"
"802","38.50518035888672","38.50518035888672","38.50518035888672"
"803","38.1252555847168","38.1252555847168","38.1252555847168"
"804","36.2364387512207","36.2364387512207","36.2364387512207"
"805","42.610069274902344","42.610069274902344","42.610069274902344"
"806","37.28168869018555","37.28168869018555","37.28168869018555"
"807","27.568357467651367","27.568357467651367","27.568357467651367"
"808","36.633174896240234","36.633174896240234","36.633174896240234"
"809","32.66322708129883","32.66322708129883","32.66322708129883"
"810","37.31041717529297","37.31041717529297","37.31041717529297"
"811","44.32857894897461","44.32857894897461","44.32857894897461"
"812","38.30083084106445","38.30083084106445","38.30083084106445"
"813","38.28274154663086","38.28274154663086","38.28274154663086"
"814","37.18081283569336","37.18081283569336","37.18081283569336"
"815","36.987510681152344","36.987510681152344","36.987510681152344"
"816","38.18735885620117","38.18735885620117","38.18735885620117"
"818","34.646915435791016","34.646915435791016","34.646915435791016"
"819","37.94572830200195","37.94572830200195","37.94572830200195"
"820","38.279483795166016","38.279483795166016","38.279483795166016"
"821","36.92934036254883","36.92934036254883","36.92934036254883"
"822","38.49049377441406","38.49049377441406","38.49049377441406"
"823","33.25519943237305","33.25519943237305","33.25519943237305"
"824","37.99513244628906","37.99513244628906","37.99513244628906"
"825","31.912071228027344","31.912071228027344","31.912071228027344"
"826","34.18787384033203","34.18787384033203","34.18787384033203"
"827","24.435426712036133","24.435426712036133","24.435426712036133"
"828","29.7518253326416","29.7518253326416","29.7518253326416"
"829","37.766761779785156","37.766761779785156","37.766761779785156"
"830","36.81557083129883","36.81557083129883","36.81557083129883"
"831","39.61684799194336","39.61684799194336","39.61684799194336"
"832","45.76384353637695","45.76384353637695","45.76384353637695"
"833","46.1630859375","46.1630859375","46.1630859375"
"834","43.716609954833984","43.716609954833984","43.716609954833984"
"835","38.47990417480469","38.47990417480469","38.47990417480469"
"836","36.85984420776367","36.85984420776367","36.85984420776367"
"837","32.63128662109375","32.63128662109375","32.63128662109375"
"838","30.27465057373047","30.27465057373047","30.27465057373047"
"839","38.551918029785156","38.551918029785156","38.551918029785156"
"840","40.182769775390625","40.182769775390625","40.182769775390625"
"841","36.51773452758789","36.51773452758789","36.51773452758789"
"842","36.12494659423828","36.12494659423828","36.12494659423828"
"843","38.9981803894043","38.9981803894043","38.9981803894043"
"844","38.090213775634766","38.090213775634766","38.090213775634766"
"845","35.21118927001953","35.21118927001953","35.21118927001953"
"846","33.55333709716797","33.55333709716797","33.55333709716797"
"847","34.69478225708008","34.69478225708008","34.69478225708008"
"848","40.70225143432617","40.70225143432617","40.70225143432617"
"849","39.74860763549805","39.74860763549805","39.74860763549805"
"851","30.290267944335938","30.290267944335938","30.290267944335938"
"852","38.537696838378906","38.537696838378906","38.537696838378906"
"853","38.0606689453125","38.0606689453125","38.0606689453125"
"854","36.63853073120117","36.63853073120117","36.63853073120117"
"855","37.944583892822266","37.944583892822266","37.944583892822266"
"856","37.93668746948242","37.93668746948242","37.93668746948242"
"857","33.739707946777344","33.739707946777344","33.739707946777344"
"858","36.90814971923828","36.90814971923828","36.90814971923828"
"859","30.757705688476562","30.757705688476562","30.757705688476562"
"860","35.670005798339844","35.670005798339844","35.670005798339844"
"861","47.71669006347656","47.71669006347656","47.71669006347656"
"862","31.139375686645508","31.139375686645508","31.139375686645508"
"863","41.38562774658203","41.38562774658203","41.38562774658203"
"864","32.42565155029297","32.42565155029297","32.42565155029297"
"865","31.21312141418457","31.21312141418457","31.21312141418457"
"866","32.23084259033203","32.23084259033203","32.23084259033203"
"867","35.35325241088867","35.35325241088867","35.35325241088867"
"868","30.54952621459961","30.54952621459961","30.54952621459961"
"869","38.2446403503418","38.2446403503418","38.2446403503418"
"870","39.916221618652344","39.916221618652344","39.916221618652344"
"871","37.595458984375","37.595458984375","37.595458984375"
"872","32.049320220947266","32.049320220947266","32.049320220947266"
"873","34.699153900146484","34.699153900146484","34.699153900146484"
"874","33.24720001220703","33.24720001220703","33.24720001220703"
"875","34.05158615112305","34.05158615112305","34.05158615112305"
"876","40.393577575683594","40.393577575683594","40.393577575683594"
"877","37.739131927490234","37.739131927490234","37.739131927490234"
"878","31.473302841186523","31.473302841186523","31.473302841186523"
"879","34.73642349243164","34.73642349243164","34.73642349243164"
"880","38.319915771484375","38.319915771484375","38.319915771484375"
"881","37.829750061035156","37.829750061035156","37.829750061035156"
"882","38.908790588378906","38.908790588378906","38.908790588378906"
"884","32.207275390625","32.207275390625","32.207275390625"
"885","36.197628021240234","36.197628021240234","36.197628021240234"
"886","32.4788818359375","32.4788818359375","32.4788818359375"
"887","30.540369033813477","30.540369033813477","30.540369033813477"
"888","38.696048736572266","38.696048736572266","38.696048736572266"
"889","29.656505584716797","29.656505584716797","29.656505584716797"
"890","33.42048263549805","33.42048263549805","33.42048263549805"
"891","46.19025802612305","46.19025802612305","46.19025802612305"
"892","37.27968978881836","37.27968978881836","37.27968978881836"
"893","36.22531509399414","36.22531509399414","36.22531509399414"
"894","34.81924057006836","34.81924057006836","34.81924057006836"
"895","31.9893741607666","31.9893741607666","31.9893741607666"
"896","37.466651916503906","37.466651916503906","37.466651916503906"
"897","40.90141677856445","40.90141677856445","40.90141677856445"
"898","36.762725830078125","36.762725830078125","36.762725830078125"
"899","35.801719665527344","35.801719665527344","35.801719665527344"
"901","30.764305114746094","30.764305114746094","30.764305114746094"
"902","35.48311996459961","35.48311996459961","35.48311996459961"
"903","36.09773254394531","36.09773254394531","36.09773254394531"
"904","32.61076354980469","32.61076354980469","32.61076354980469"
"905","38.77983093261719","38.77983093261719","38.77983093261719"
"906","35.01367950439453","35.01367950439453","35.01367950439453"
"907","39.77021026611328","39.77021026611328","39.77021026611328"
"908","35.248538970947266","35.248538970947266","35.248538970947266"
"909","37.51722717285156","37.51722717285156","37.51722717285156"
"910","30.7903995513916","30.7903995513916","30.7903995513916"
"911","42.871212005615234","42.871212005615234","42.871212005615234"
"912","35.98362731933594","35.98362731933594","35.98362731933594"
"913","38.62993240356445","38.62993240356445","38.62993240356445"
"914","37.64706802368164","37.64706802368164","37.64706802368164"
"915","38.2650146484375","38.2650146484375","38.2650146484375"
"916","40.06946563720703","40.06946563720703","40.06946563720703"
"918","31.245006561279297","31.245006561279297","31.245006561279297"
"919","34.027496337890625","34.027496337890625","34.027496337890625"
"920","33.25140380859375","33.25140380859375","33.25140380859375"
"921","26.49257469177246","26.49257469177246","26.49257469177246"
"922","27.263368606567383","27.263368606567383","27.263368606567383"
"923","37.369773864746094","37.369773864746094","37.369773864746094"
"924","38.62075424194336","38.62075424194336","38.62075424194336"
"925","39.06224060058594","39.06224060058594","39.06224060058594"
"926","36.91154098510742","36.91154098510742","36.91154098510742"
"927","36.50794219970703","36.50794219970703","36.50794219970703"
"928","38.868778228759766","38.868778228759766","38.868778228759766"
"929","36.205657958984375","36.205657958984375","36.205657958984375"
"930","33.422386169433594","33.422386169433594","33.422386169433594"
"931","37.42774963378906","37.42774963378906","37.42774963378906"
"932","31.45334243774414","31.45334243774414","31.45334243774414"
"933","40.563194274902344","40.563194274902344","40.563194274902344"
"934","34.13822555541992","34.13822555541992","34.13822555541992"
"935","35.99961853027344","35.99961853027344","35.99961853027344"
"936","40.101463317871094","40.101463317871094","40.101463317871094"
"937","34.74788284301758","34.74788284301758","34.74788284301758"
"938","37.215091705322266","37.215091705322266","37.215091705322266"
"939","34.006187438964844","34.006187438964844","34.006187438964844"
"940","36.333702087402344","36.333702087402344","36.333702087402344"
"941","30.358144760131836","30.358144760131836","30.358144760131836"
"942","26.917129516601562","26.917129516601562","26.917129516601562"
"943","36.86219024658203","36.86219024658203","36.86219024658203"
"944","33.23469161987305","33.23469161987305","33.23469161987305"
"945","37.35482406616211","37.35482406616211","37.35482406616211"
"946","26.557933807373047","26.557933807373047","26.557933807373047"
"947","32.390830993652344","32.390830993652344","32.390830993652344"
"948","38.49684524536133","38.49684524536133","38.49684524536133"
"949","33.961429595947266","33.961429595947266","33.961429595947266"
"951","36.07853317260742","36.07853317260742","36.07853317260742"
"952","46.05403518676758","46.05403518676758","46.05403518676758"
"953","37.94963455200195","37.94963455200195","37.94963455200195"
"954","41.47377014160156","41.47377014160156","41.47377014160156"
"955","37.08277893066406","37.08277893066406","37.08277893066406"
"956","40.940879821777344","40.940879821777344","40.940879821777344"
"957","36.924190521240234","36.924190521240234","36.924190521240234"
"958","36.90463638305664","36.90463638305664","36.90463638305664"
"959","32.6074333190918","32.6074333190918","32.6074333190918"
"960","35.274715423583984","35.274715423583984","35.274715423583984"
"961","32.53617858886719","32.53617858886719","32.53617858886719"
"962","35.644996643066406","35.644996643066406","35.644996643066406"
"963","34.92176055908203","34.92176055908203","34.92176055908203"
"964","30.013504028320312","30.013504028320312","30.013504028320312"
"965","33.52596664428711","33.52596664428711","33.52596664428711"
"966","38.2687873840332","38.2687873840332","38.2687873840332"
"967","42.542701721191406","42.542701721191406","42.542701721191406"
"968","33.69041061401367","33.69041061401367","33.69041061401367"
"969","32.09422302246094","32.09422302246094","32.09422302246094"
"970","29.77688980102539","29.77688980102539","29.77688980102539"
"971","46.13669204711914","46.13669204711914","46.13669204711914"
"972","39.55986022949219","39.55986022949219","39.55986022949219"
"973","38.342063903808594","38.342063903808594","38.342063903808594"
"974","37.78517150878906","37.78517150878906","37.78517150878906"
"975","32.55184555053711","32.55184555053711","32.55184555053711"
"976","29.80232048034668","29.80232048034668","29.80232048034668"
"977","38.152957916259766","38.152957916259766","38.152957916259766"
"978","27.918073654174805","27.918073654174805","27.918073654174805"
"979","44.94078826904297","44.94078826904297","44.94078826904297"
"980","35.094146728515625","35.094146728515625","35.094146728515625"
"981","47.74708938598633","47.74708938598633","47.74708938598633"
"982","43.525482177734375","43.525482177734375","43.525482177734375"
"984","39.18583297729492","39.18583297729492","39.18583297729492"
"985","35.94786834716797","35.94786834716797","35.94786834716797"
"986","37.24900436401367","37.24900436401367","37.24900436401367"
"987","34.291446685791016","34.291446685791016","34.291446685791016"
"988","40.25528335571289","40.25528335571289","40.25528335571289"
"989","37.160667419433594","37.160667419433594","37.160667419433594"
"990","35.50645065307617","35.50645065307617","35.50645065307617"
"991","43.92616653442383","43.92616653442383","43.92616653442383"
"992","24.894224166870117","24.894224166870117","24.894224166870117"
"993","37.952049255371094","37.952049255371094","37.952049255371094"
"994","33.423057556152344","33.423057556152344","33.423057556152344"
"995","33.9466552734375","33.9466552734375","33.9466552734375"
"996","37.0836181640625","37.0836181640625","37.0836181640625"
"997","33.76409149169922","33.76409149169922","33.76409149169922"
"998","43.68916702270508","43.68916702270508","43.68916702270508"
"999","39.761722564697266","39.761722564697266","39.761722564697266"
"1001","38.97427749633789","38.97427749633789","38.97427749633789"
"1002","39.80970001220703","39.80970001220703","39.80970001220703"
"1003","37.35335159301758","37.35335159301758","37.35335159301758"
"1004","38.484737396240234","38.484737396240234","38.484737396240234"
"1005","35.99015808105469","35.99015808105469","35.99015808105469"
"1006","32.293277740478516","32.293277740478516","32.293277740478516"
"1007","38.831817626953125","38.831817626953125","38.831817626953125"
"1008","39.7959098815918","39.7959098815918","39.7959098815918"
"1009","31.41318702697754","31.41318702697754","31.41318702697754"
"1010","27.272621154785156","27.272621154785156","27.272621154785156"
"1011","39.93675994873047","39.93675994873047","39.93675994873047"
"1012","30.570297241210938","30.570297241210938","30.570297241210938"
"1013","38.91707229614258","38.91707229614258","38.91707229614258"
"1014","33.00171661376953","33.00171661376953","33.00171661376953"
"1015","35.65726852416992","35.65726852416992","35.65726852416992"
"1016","39.15467071533203","39.15467071533203","39.15467071533203"
"1018","38.70345687866211","38.70345687866211","38.70345687866211"
"1019","24.04405975341797","24.04405975341797","24.04405975341797"
"1020","35.8792839050293","35.8792839050293","35.8792839050293"
"1021","38.31002426147461","38.31002426147461","38.31002426147461"
"1022","38.65609359741211","38.65609359741211","38.65609359741211"
"1023","33.59111022949219","33.59111022949219","33.59111022949219"
"1024","36.12485885620117","36.12485885620117","36.12485885620117"
"1025","42.11177444458008","42.11177444458008","42.11177444458008"
"1026","44.52143478393555","44.52143478393555","44.52143478393555"
"1027","27.993328094482422","27.993328094482422","27.993328094482422"
"1028","32.89291763305664","32.89291763305664","32.89291763305664"
"1029","42.0546875","42.0546875","42.0546875"
"1030","32.82064437866211","32.82064437866211","32.82064437866211"
"1031","33.3418083190918","33.3418083190918","33.3418083190918"
"1032","37.59958267211914","37.59958267211914","37.59958267211914"
"1033","42.270286560058594","42.270286560058594","42.270286560058594"
"1034","37.309120178222656","37.309120178222656","37.309120178222656"
"1035","30.925477981567383","30.925477981567383","30.925477981567383"
"1036","38.46530532836914","38.46530532836914","38.46530532836914"
"1037","31.13424301147461","31.13424301147461","31.13424301147461"
"1038","42.062374114990234","42.062374114990234","42.062374114990234"
"1039","38.632354736328125","38.632354736328125","38.632354736328125"
"1040","38.17959213256836","38.17959213256836","38.17959213256836"
"1041","35.388877868652344","35.388877868652344","35.388877868652344"
"1042","37.59242630004883","37.59242630004883","37.59242630004883"
"1043","35.674137115478516","35.674137115478516","35.674137115478516"
"1044","31.539417266845703","31.539417266845703","31.539417266845703"
"1045","38.048095703125","38.048095703125","38.048095703125"
"1046","39.214683532714844","39.214683532714844","39.214683532714844"
"1047","34.17485046386719","34.17485046386719","34.17485046386719"
"1048","36.03610610961914","36.03610610961914","36.03610610961914"
"1049","34.38181686401367","34.38181686401367","34.38181686401367"
"1051","31.516462326049805","31.516462326049805","31.516462326049805"
"1052","35.77125549316406","35.77125549316406","35.77125549316406"
"1053","34.57928466796875","34.57928466796875","34.57928466796875"
"1054","37.91059875488281","37.91059875488281","37.91059875488281"
"1055","38.686119079589844","38.686119079589844","38.686119079589844"
"1056","37.29765701293945","37.29765701293945","37.29765701293945"
"1057","32.71722412109375","32.71722412109375","32.71722412109375"
"1058","27.28516960144043","27.28516960144043","27.28516960144043"
"1059","37.17534255981445","37.17534255981445","37.17534255981445"
"1060","32.15806579589844","32.15806579589844","32.15806579589844"
"1061","40.023834228515625","40.023834228515625","40.023834228515625"
"1062","36.02803421020508","36.02803421020508","36.02803421020508"
"1063","36.20716857910156","36.20716857910156","36.20716857910156"
"1064","38.936912536621094","38.936912536621094","38.936912536621094"
"1065","38.974246978759766","38.974246978759766","38.974246978759766"
"1066","33.54977798461914","33.54977798461914","33.54977798461914"
"1067","28.27817153930664","28.27817153930664","28.27817153930664"
"1068","38.167938232421875","38.167938232421875","38.167938232421875"
"1069","40.04090118408203","40.04090118408203","40.04090118408203"
"1070","39.732940673828125","39.732940673828125","39.732940673828125"
"1071","45.32242965698242","45.32242965698242","45.32242965698242"
"1072","31.782760620117188","31.782760620117188","31.782760620117188"
"1073","33.95754623413086","33.95754623413086","33.95754623413086"
"1074","39.34983444213867","39.34983444213867","39.34983444213867"
"1075","39.206295013427734","39.206295013427734","39.206295013427734"
"1076","39.660465240478516","39.660465240478516","39.660465240478516"
"1077","37.56703567504883","37.56703567504883","37.56703567504883"
"1078","33.481971740722656","33.481971740722656","33.481971740722656"
"1079","41.66562271118164","41.66562271118164","41.66562271118164"
"1080","42.98242950439453","42.98242950439453","42.98242950439453"
"1081","31.09520721435547","31.09520721435547","31.09520721435547"
"1082","32.22591781616211","32.22591781616211","32.22591781616211"
"1084","37.71548843383789","37.71548843383789","37.71548843383789"
"1085","33.197017669677734","33.197017669677734","33.197017669677734"
"1086","30.627471923828125","30.627471923828125","30.627471923828125"
"1087","36.911190032958984","36.911190032958984","36.911190032958984"
"1088","37.98054504394531","37.98054504394531","37.98054504394531"
"1089","39.076759338378906","39.076759338378906","39.076759338378906"
"1090","36.06329345703125","36.06329345703125","36.06329345703125"
"1091","39.982173919677734","39.982173919677734","39.982173919677734"
"1092","46.121395111083984","46.121395111083984","46.121395111083984"
"1093","29.30162811279297","29.30162811279297","29.30162811279297"
"1094","36.8786735534668","36.8786735534668","36.8786735534668"
"1095","27.199748992919922","27.199748992919922","27.199748992919922"
"1096","37.92340850830078","37.92340850830078","37.92340850830078"
"1097","35.79905700683594","35.79905700683594","35.79905700683594"
"1098","30.449670791625977","30.449670791625977","30.449670791625977"
"1099","39.47539520263672","39.47539520263672","39.47539520263672"
"1101","36.27804946899414","36.27804946899414","36.27804946899414"
"1102","32.582550048828125","32.582550048828125","32.582550048828125"
"1103","38.00893783569336","38.00893783569336","38.00893783569336"
"1104","31.19993019104004","31.19993019104004","31.19993019104004"
"1105","40.28990936279297","40.28990936279297","40.28990936279297"
"1106","41.2009391784668","41.2009391784668","41.2009391784668"
"1107","34.69443893432617","34.69443893432617","34.69443893432617"
"1108","29.675289154052734","29.675289154052734","29.675289154052734"
"1109","38.91802215576172","38.91802215576172","38.91802215576172"
"1110","28.316184997558594","28.316184997558594","28.316184997558594"
"1111","29.914478302001953","29.914478302001953","29.914478302001953"
"1112","34.30619812011719","34.30619812011719","34.30619812011719"
"1113","38.04216003417969","38.04216003417969","38.04216003417969"
"1114","32.438777923583984","32.438777923583984","32.438777923583984"
"1115","41.513893127441406","41.513893127441406","41.513893127441406"
"1116","31.027795791625977","31.027795791625977","31.027795791625977"
"1118","34.601104736328125","34.601104736328125","34.601104736328125"
"1119","37.76854705810547","37.76854705810547","37.76854705810547"
"1120","27.25178337097168","27.25178337097168","27.25178337097168"
"1121","28.523052215576172","28.523052215576172","28.523052215576172"
"1122","37.9256477355957","37.9256477355957","37.9256477355957"
"1123","32.932403564453125","32.932403564453125","32.932403564453125"
"1124","30.839550018310547","30.839550018310547","30.839550018310547"
"1125","38.6945915222168","38.6945915222168","38.6945915222168"
"1126","41.77493667602539","41.77493667602539","41.77493667602539"
"1127","27.16750717163086","27.16750717163086","27.16750717163086"
"1128","45.93888854980469","45.93888854980469","45.93888854980469"
"1129","37.70184326171875","37.70184326171875","37.70184326171875"
"1130","38.36212158203125","38.36212158203125","38.36212158203125"
"1131","38.34105682373047","38.34105682373047","38.34105682373047"
"1132","39.033721923828125","39.033721923828125","39.033721923828125"
"1133","38.668479919433594","38.668479919433594","38.668479919433594"
"1134","33.047725677490234","33.047725677490234","33.047725677490234"
"1135","32.484989166259766","32.484989166259766","32.484989166259766"
"1136","36.96949005126953","36.96949005126953","36.96949005126953"
"1137","37.6258659362793","37.6258659362793","37.6258659362793"
"1138","37.16526412963867","37.16526412963867","37.16526412963867"
"1139","30.84000015258789","30.84000015258789","30.84000015258789"
"1140","28.017059326171875","28.017059326171875","28.017059326171875"
"1141","39.27131271362305","39.27131271362305","39.27131271362305"
"1142","37.02029037475586","37.02029037475586","37.02029037475586"
"1143","38.485740661621094","38.485740661621094","38.485740661621094"
"1144","39.501590728759766","39.501590728759766","39.501590728759766"
"1145","44.27747344970703","44.27747344970703","44.27747344970703"
"1146","35.33114242553711","35.33114242553711","35.33114242553711"
"1147","32.14171600341797","32.14171600341797","32.14171600341797"
"1148","33.649269104003906","33.649269104003906","33.649269104003906"
"1149","35.77938461303711","35.77938461303711","35.77938461303711"
"1151","28.617921829223633","28.617921829223633","28.617921829223633"
"1152","38.461673736572266","38.461673736572266","38.461673736572266"
"1153","38.27749252319336","38.27749252319336","38.27749252319336"
"1154","41.589778900146484","41.589778900146484","41.589778900146484"
"1155","32.90653610229492","32.90653610229492","32.90653610229492"
"1156","38.92388916015625","38.92388916015625","38.92388916015625"
"1157","39.624507904052734","39.624507904052734","39.624507904052734"
"1158","37.66153335571289","37.66153335571289","37.66153335571289"
"1159","33.187347412109375","33.187347412109375","33.187347412109375"
"1160","32.765438079833984","32.765438079833984","32.765438079833984"
"1161","32.56439208984375","32.56439208984375","32.56439208984375"
"1162","33.433589935302734","33.433589935302734","33.433589935302734"
"1163","45.799156188964844","45.799156188964844","45.799156188964844"
"1164","37.24909210205078","37.24909210205078","37.24909210205078"
"1165","33.44144058227539","33.44144058227539","33.44144058227539"
"1166","39.3454475402832","39.3454475402832","39.3454475402832"
"1167","40.06765365600586","40.06765365600586","40.06765365600586"
"1168","34.6245002746582","34.6245002746582","34.6245002746582"
"1169","39.91263961791992","39.91263961791992","39.91263961791992"
"1170","32.08021926879883","32.08021926879883","32.08021926879883"
"1171","32.83303451538086","32.83303451538086","32.83303451538086"
"1172","39.53010559082031","39.53010559082031","39.53010559082031"
"1173","36.543331146240234","36.543331146240234","36.543331146240234"
"1174","35.93999099731445","35.93999099731445","35.93999099731445"
"1175","35.719120025634766","35.719120025634766","35.719120025634766"
"1176","37.23421096801758","37.23421096801758","37.23421096801758"
"1177","44.96367645263672","44.96367645263672","44.96367645263672"
"1178","44.90700149536133","44.90700149536133","44.90700149536133"
"1179","41.91164779663086","41.91164779663086","41.91164779663086"
"1180","35.75593185424805","35.75593185424805","35.75593185424805"
"1181","37.87474822998047","37.87474822998047","37.87474822998047"
"1182","34.7459716796875","34.7459716796875","34.7459716796875"
"1184","36.83007049560547","36.83007049560547","36.83007049560547"
"1185","38.058040618896484","38.058040618896484","38.058040618896484"
"1186","31.776784896850586","31.776784896850586","31.776784896850586"
"1187","34.85670471191406","34.85670471191406","34.85670471191406"
"1188","38.07130813598633","38.07130813598633","38.07130813598633"
"1189","36.618141174316406","36.618141174316406","36.618141174316406"
"1190","46.374752044677734","46.374752044677734","46.374752044677734"
"1191","38.554439544677734","38.554439544677734","38.554439544677734"
"1192","32.88688278198242","32.88688278198242","32.88688278198242"
"1193","36.817054748535156","36.817054748535156","36.817054748535156"
"1194","39.04143524169922","39.04143524169922","39.04143524169922"
"1195","27.332183837890625","27.332183837890625","27.332183837890625"
"1196","39.51532745361328","39.51532745361328","39.51532745361328"
"1197","35.68177795410156","35.68177795410156","35.68177795410156"
"1198","27.0601863861084","27.0601863861084","27.0601863861084"
"1199","36.698829650878906","36.698829650878906","36.698829650878906"
"1201","36.668235778808594","36.668235778808594","36.668235778808594"
"1202","31.71819496154785","31.71819496154785","31.71819496154785"
"1203","30.90159034729004","30.90159034729004","30.90159034729004"
"1204","35.3247184753418","35.3247184753418","35.3247184753418"
"1205","38.439945220947266","38.439945220947266","38.439945220947266"
"1206","37.3836555480957","37.3836555480957","37.3836555480957"
"1207","31.965377807617188","31.965377807617188","31.965377807617188"
"1208","37.245513916015625","37.245513916015625","37.245513916015625"
"1209","28.661334991455078","28.661334991455078","28.661334991455078"
"1210","37.272891998291016","37.272891998291016","37.272891998291016"
"1211","37.32954406738281","37.32954406738281","37.32954406738281"
"1212","42.21770477294922","42.21770477294922","42.21770477294922"
"1213","38.034969329833984","38.034969329833984","38.034969329833984"
"1214","32.4295654296875","32.4295654296875","32.4295654296875"
"1215","45.354026794433594","45.354026794433594","45.354026794433594"
"1216","37.65386962890625","37.65386962890625","37.65386962890625"
"1218","45.532596588134766","45.532596588134766","45.532596588134766"
"1219","37.48399353027344","37.48399353027344","37.48399353027344"
"1220","32.99452590942383","32.99452590942383","32.99452590942383"
"1221","38.56969451904297","38.56969451904297","38.56969451904297"
"1222","36.16136169433594","36.16136169433594","36.16136169433594"
"1223","34.5445442199707","34.5445442199707","34.5445442199707"
"1224","36.815181732177734","36.815181732177734","36.815181732177734"
"1225","37.05014419555664","37.05014419555664","37.05014419555664"
"1226","37.765846252441406","37.765846252441406","37.765846252441406"
"1227","47.74681854248047","47.74681854248047","47.74681854248047"
"1228","38.04298782348633","38.04298782348633","38.04298782348633"
"1229","37.15013122558594","37.15013122558594","37.15013122558594"
"1230","38.72111129760742","38.72111129760742","38.72111129760742"
"1231","40.35932922363281","40.35932922363281","40.35932922363281"
"1232","37.258949279785156","37.258949279785156","37.258949279785156"
"1233","34.944923400878906","34.944923400878906","34.944923400878906"
"1234","46.585540771484375","46.585540771484375","46.585540771484375"
"1235","36.8075065612793","36.8075065612793","36.8075065612793"
"1236","38.525794982910156","38.525794982910156","38.525794982910156"
"1237","41.16084289550781","41.16084289550781","41.16084289550781"
"1238","43.57048416137695","43.57048416137695","43.57048416137695"
"1239","27.181396484375","27.181396484375","27.181396484375"
"1240","31.689685821533203","31.689685821533203","31.689685821533203"
"1241","36.823368072509766","36.823368072509766","36.823368072509766"
"1242","34.821327209472656","34.821327209472656","34.821327209472656"
"1243","37.50851058959961","37.50851058959961","37.50851058959961"
"1244","34.482818603515625","34.482818603515625","34.482818603515625"
"1245","27.87114143371582","27.87114143371582","27.87114143371582"
"1246","32.55558776855469","32.55558776855469","32.55558776855469"
"1247","37.61289978027344","37.61289978027344","37.61289978027344"
"1248","29.214080810546875","29.214080810546875","29.214080810546875"
"1249","38.797122955322266","38.797122955322266","38.797122955322266"
"1251","41.09376907348633","41.09376907348633","41.09376907348633"
"1252","33.22544860839844","33.22544860839844","33.22544860839844"
"1253","34.018924713134766","34.018924713134766","34.018924713134766"
"1254","37.32242202758789","37.32242202758789","37.32242202758789"
"1255","29.5080623626709","29.5080623626709","29.5080623626709"
"1256","32.40517807006836","32.40517807006836","32.40517807006836"
"1257","39.0732307434082","39.0732307434082","39.0732307434082"
"1258","37.7861328125","37.7861328125","37.7861328125"
"1259","47.105552673339844","47.105552673339844","47.105552673339844"
"1260","46.461097717285156","46.461097717285156","46.461097717285156"
"1261","47.035316467285156","47.035316467285156","47.035316467285156"
"1262","38.97086715698242","38.97086715698242","38.97086715698242"
"1263","28.868982315063477","28.868982315063477","28.868982315063477"
"1264","37.08624267578125","37.08624267578125","37.08624267578125"
"1265","38.19164276123047","38.19164276123047","38.19164276123047"
"1266","37.4997673034668","37.4997673034668","37.4997673034668"
"1267","34.4573974609375","34.4573974609375","34.4573974609375"
"1268","39.156517028808594","39.156517028808594","39.156517028808594"
"1269","34.24620819091797","34.24620819091797","34.24620819091797"
"1270","43.683353424072266","43.683353424072266","43.683353424072266"
"1271","33.93394470214844","33.93394470214844","33.93394470214844"
"1272","34.83516311645508","34.83516311645508","34.83516311645508"
"1273","34.986488342285156","34.986488342285156","34.986488342285156"
"1274","39.606849670410156","39.606849670410156","39.606849670410156"
"1275","30.886045455932617","30.886045455932617","30.886045455932617"
"1276","32.85054016113281","32.85054016113281","32.85054016113281"
"1277","37.24216079711914","37.24216079711914","37.24216079711914"
"1278","41.26831817626953","41.26831817626953","41.26831817626953"
"1279","37.757568359375","37.757568359375","37.757568359375"
"1280","32.09845733642578","32.09845733642578","32.09845733642578"
"1281","38.24893569946289","38.24893569946289","38.24893569946289"
"1282","37.595760345458984","37.595760345458984","37.595760345458984"
"1284","42.084228515625","42.084228515625","42.084228515625"
"1285","39.51747131347656","39.51747131347656","39.51747131347656"
"1286","33.51613998413086","33.51613998413086","33.51613998413086"
"1287","40.24689865112305","40.24689865112305","40.24689865112305"
"1288","38.65977478027344","38.65977478027344","38.65977478027344"
"1289","46.5427360534668","46.5427360534668","46.5427360534668"
"1290","41.03860092163086","41.03860092163086","41.03860092163086"
"1291","32.883583068847656","32.883583068847656","32.883583068847656"
"1292","38.17100143432617","38.17100143432617","38.17100143432617"
"1293","41.184871673583984","41.184871673583984","41.184871673583984"
"1294","36.72603988647461","36.72603988647461","36.72603988647461"
"1295","35.68105697631836","35.68105697631836","35.68105697631836"
"1296","40.54776382446289","40.54776382446289","40.54776382446289"
"1297","45.124183654785156","45.124183654785156","45.124183654785156"
"1298","28.70567512512207","28.70567512512207","28.70567512512207"
"1299","34.730224609375","34.730224609375","34.730224609375"
"1301","40.1407470703125","40.1407470703125","40.1407470703125"
"1302","33.01664352416992","33.01664352416992","33.01664352416992"
"1303","41.7429313659668","41.7429313659668","41.7429313659668"
"1304","33.31495666503906","33.31495666503906","33.31495666503906"
"1305","38.43406295776367","38.43406295776367","38.43406295776367"
"1306","34.167179107666016","34.167179107666016","34.167179107666016"
"1307","32.68617248535156","32.68617248535156","32.68617248535156"
"1308","33.76552200317383","33.76552200317383","33.76552200317383"
"1309","36.40033721923828","36.40033721923828","36.40033721923828"
"1310","28.627182006835938","28.627182006835938","28.627182006835938"
"1311","33.022132873535156","33.022132873535156","33.022132873535156"
"1312","36.27158737182617","36.27158737182617","36.27158737182617"
"1313","38.18916702270508","38.18916702270508","38.18916702270508"
"1314","36.481689453125","36.481689453125","36.481689453125"
"1315","30.804344177246094","30.804344177246094","30.804344177246094"
"1316","46.19685363769531","46.19685363769531","46.19685363769531"
"1318","37.544254302978516","37.544254302978516","37.544254302978516"
"1319","36.886741638183594","36.886741638183594","36.886741638183594"
"1320","38.5747184753418","38.5747184753418","38.5747184753418"
"1321","34.006980895996094","34.006980895996094","34.006980895996094"
"1322","46.5633544921875","46.5633544921875","46.5633544921875"
"1323","33.52617645263672","33.52617645263672","33.52617645263672"
"1324","42.3598747253418","42.3598747253418","42.3598747253418"
"1325","35.3376350402832","35.3376350402832","35.3376350402832"
"1326","36.431705474853516","36.431705474853516","36.431705474853516"
"1327","38.380584716796875","38.380584716796875","38.380584716796875"
"1328","37.584266662597656","37.584266662597656","37.584266662597656"
"1329","38.43570327758789","38.43570327758789","38.43570327758789"
"1330","39.73843765258789","39.73843765258789","39.73843765258789"
"1331","37.794837951660156","37.794837951660156","37.794837951660156"
"1332","38.266090393066406","38.266090393066406","38.266090393066406"
"1333","35.1439208984375","35.1439208984375","35.1439208984375"
"1334","37.217960357666016","37.217960357666016","37.217960357666016"
"1335","34.306304931640625","34.306304931640625","34.306304931640625"
"1336","40.77560043334961","40.77560043334961","40.77560043334961"
"1337","37.86037063598633","37.86037063598633","37.86037063598633"
"1338","31.786083221435547","31.786083221435547","31.786083221435547"
"1339","32.98247528076172","32.98247528076172","32.98247528076172"
"1340","33.044960021972656","33.044960021972656","33.044960021972656"
"1341","37.148258209228516","37.148258209228516","37.148258209228516"
"1342","35.89689636230469","35.89689636230469","35.89689636230469"
"1343","32.72428512573242","32.72428512573242","32.72428512573242"
"1344","36.583988189697266","36.583988189697266","36.583988189697266"
"1345","30.380125045776367","30.380125045776367","30.380125045776367"
"1346","28.525325775146484","28.525325775146484","28.525325775146484"
"1347","37.52069854736328","37.52069854736328","37.52069854736328"
"1348","35.509883880615234","35.509883880615234","35.509883880615234"
"1349","35.21868133544922","35.21868133544922","35.21868133544922"
"1351","38.4513053894043","38.4513053894043","38.4513053894043"
"1352","24.95381736755371","24.95381736755371","24.95381736755371"
"1353","38.59600067138672","38.59600067138672","38.59600067138672"
"1354","37.848018646240234","37.848018646240234","37.848018646240234"
"1355","29.136869430541992","29.136869430541992","29.136869430541992"